LAPORAN HEALTH CHECK CCTV BAGOPS K3I-KORLANTAS    •    21 Jun 2026 08:07 WIB    •    Total 1120   |   Healthy 24   |   Unhealthy 861   |   Timeout 235,,,,,,,,,,,,,,,,,,
NO,CHECK_TIMESTAMP,KATEGORI,SUB KATEGORI,WILAYAH PROJECT,WILAYAH POLDA,NAMA CCTV,IP,LATITUDE,LONGITUDE,RTSP-1,CCTV_ID,Tipe CCTV,IS_ACTIVE_K3I,STATUS_PING,LATENCY_PING_MS,STREAM_TYPE,STREAM_DETAIL,HEALTH_STATUS
1,2026-06-21 08:06:21,BAGOPS,KORLANTAS - TMC,TMC 8 POLRES,Polda Kalimantan Timur,Depan DPRD/Walikota,10.45.42.19,"-1,27734974","116,8280167",rtsp://onvif:lantas123!!@10.45.42.19:554/live/D812C850-06F5-4488-BC3E-9E9B7C7AFCDD,cctv_0023476b-f151-4c0a-a019-82686dc0a276,Arteri,No,OFFLINE,N/A,RTSP,BE 400 (stream tidak tersedia),Unhealthy
2,2026-06-21 08:06:33,BAGOPS,KORLANTAS - TMC,TMC 3 POLRES TA 2022,Polda Sumatera Utara,Dolok Merangir,vms.k3i-korlantas.id,"3,1210819","99,1071273",https://vms.k3i-korlantas.id/K3i/2023/SML-005_Dolok_Merangir.stream/playlist.m3u8,cctv_002d4e8c-72d0-4786-91b3-15033e31f0f6,Arteri,Yes,ONLINE,"32,67",VMS,Playlist timeout,TIMEOUT
3,2026-06-21 08:06:35,BAGOPS,KORLANTAS - RTMC,RTMC 7 POLDA,Polda Metro Jaya,Hyatt Bundaran HI,vms.k3i-korlantas.id,"-6,19517","106,82309",https://vms.k3i-korlantas.id/K3i/METRO/006_Grand+Hyatt+Hotel.stream/playlist.m3u8,cctv_004b3e7a-8cac-442d-ab6b-3f9e98bd1659,Arteri,No,ONLINE,"35,24",VMS,Playlist timeout,TIMEOUT
4,2026-06-21 08:06:25,BAGOPS,KORLANTAS - TMC,TMC 3 POLRES TA 2023,Polda DIY,SP 4 Wirobrajan,vms.k3i-korlantas.id,"-7,801026","110,352146",https://vms.k3i-korlantas.id/K3i/2022/YOGYA-008_SP_4_Wirobrajan.stream/playlist.m3u8,cctv_004db076-1c98-4a2a-b947-6f2a5f09ff6a,Arteri,No,ONLINE,"19,65",VMS,Playlist timeout,TIMEOUT
5,2026-06-21 08:06:33,BAGOPS,KORLANTAS - TMC,TMC 3 POLRES TA 2022,Polda Kalimantan Timur,Simpang Pos 1 Masjid Ar Rahman,vms.k3i-korlantas.id,"-1,24716","116,77539",https://vms.k3i-korlantas.id/K3i/SURAKARTA/SKT-057_Simpang-Empat-Kusumo-Dilagan.stream/playlist.m3u8,cctv_00508043-2a7b-4109-b318-715c2b2ccb01,Arteri,No,ONLINE,"19,53",VMS,Playlist timeout,TIMEOUT
6,2026-06-21 08:06:25,BAGOPS,KORLANTAS - TMC,TMC 3 POLRES TA 2022,Polda Kalimantan Tengah,Polsek Pahandut,vms.k3i-korlantas.id,"-2,20898","113,93333",https://vms.k3i-korlantas.id/K3i/SURAKARTA/SKT-041_Depan-Polsek-Pasar-Kliwon.stream/playlist.m3u8,cctv_00545caf-a1ae-4f89-8f9d-2749c51fd29d,Arteri,No,ONLINE,"42,69",VMS,Playlist timeout,TIMEOUT
7,2026-06-21 08:06:32,BAGOPS,KORLANTAS - RTMC,RTMC 7 POLDA,Polda Metro Jaya,MT Haryono 1,vms.k3i-korlantas.id,"-6,24317","106,85498",https://vms.k3i-korlantas.id/K3i/METRO/069_MT+Haryono+1.stream/playlist.m3u8,cctv_0064fef0-9948-445e-a93b-efa5288e9e1f,Arteri,No,ONLINE,"26,67",VMS,Playlist timeout,TIMEOUT
8,2026-06-21 08:06:21,BAGOPS,KORLANTAS - TMC,TMC 3 POLRES TA 2022,Polda Sumatera Utara,Simp. Jamin Ginting Jl. Tuntungan,172.16.60.3,"3,490789","98,600143",rtsp://onvif:lantas123!!@172.16.60.3:554/live/B6C9D065-DAA2-4C74-893A-F15FC1CE47F0,cctv_00733efd-86fe-42ac-a648-0468cddfdbe1,Arteri,No,OFFLINE,N/A,RTSP,BE 400 (stream tidak tersedia),Unhealthy
9,2026-06-21 08:06:27,BAGOPS,KORLANTAS - RTMC,RTMC 7 POLDA,Polda Bali,Simpang 6 Teuku Umar,10.45.62.41,"-8,67667","115,20651",rtsp://operator:Qwerty654321@@10.45.62.41:554/Streaming/Channels/102/,cctv_00a949f4-28e9-4a05-9bfe-00fc9f7c9cb8,Arteri,Yes,OFFLINE,N/A,RTSP,Video mengalir (7 segmen),Healthy
10,2026-06-21 08:06:37,BAGOPS,KORLANTAS - RTMC,RTMC 7 POLDA,Polda DIY,Simpang 4 Tempel Sleman,vms.k3i-korlantas.id,"-7,65441","110,32556",https://vms.k3i-korlantas.id/K3i/DIY/193_Pos_Polisi_Tempel.stream/playlist.m3u8,cctv_010b1eb8-b5e9-4aad-9aea-2d3b37d0de58,Arteri,Yes,ONLINE,"25,29",VMS,Playlist timeout,TIMEOUT
11,2026-06-21 08:06:41,BAGOPS,KORLANTAS - RTMC,HARWAT RTMC 4 POLDA,Polda Kalimantan Barat,Simpang Brimob,vms.k3i-korlantas.id,"-0,070023","109,374591",https://vms.k3i-korlantas.id/K3i/2024/KLBR-001_Analitik_Sp._Brimob.stream/playlist.m3u8,cctv_010e7f1c-db48-4b71-b484-b42e5659bd4f,Arteri,No,ONLINE,"146,53",VMS,Playlist timeout,TIMEOUT
12,2026-06-21 08:06:35,BAGOPS,KORLANTAS - TMC,TMC 3 POLRES TA 2022,Polda Sumatera Utara,Jl. Umum KM 26-27 Medan Tebing - Tinggi tepatnya di Depan Kantor Bupati Kec Lubuk Pakam Kab Deli Serdang,172.16.60.3,"3,5519313","98,8650994",rtsp://onvif:lantas123!!@172.16.60.3:554/live/1F417AA0-4F6F-47BA-A701-44CB5CD53384,cctv_012f4c7d-f532-4501-a07d-f79401beec5d,Arteri,No,OFFLINE,N/A,RTSP,BE 400 (stream tidak tersedia),Unhealthy
13,2026-06-21 08:06:50,BAGOPS,KORLANTAS - RTMC,RTMC 7 POLDA,Polda Metro Jaya,TL Kalibata,vms.k3i-korlantas.id,"-6,25556","106,84305",https://vms.k3i-korlantas.id/K3i/METRO/050_TL+Kalibata.stream/playlist.m3u8,cctv_01cb9e3c-d90e-4c4b-949e-489ca59cf0f5,Arteri,Yes,ONLINE,"89,92",VMS,HTTP 502,Unhealthy
14,2026-06-21 08:06:50,BAGOPS,KORLANTAS - RTMC,RTMC 7 POLDA,Polda Jawa Barat,Patok Beusi Subang,vms.k3i-korlantas.id,"-6,38888093","107,6283495",https://vms.k3i-korlantas.id/K3i/JABAR/090_Patok_Besi_Subang.stream/playlist.m3u8,cctv_01dbaab5-7155-408f-b8b4-55f99045d093,Arteri,No,ONLINE,"34,88",VMS,HTTP 502,Unhealthy
15,2026-06-21 08:06:50,BAGOPS,KORLANTAS - TMC,TMC 8 POLRES,Polda Jambi,Simpang SMPN 7,vms.k3i-korlantas.id,"-1,609931","103,578292",https://vms.k3i-korlantas.id/K3i/2020/JMB-006_SP_SMPN_7.stream/playlist.m3u8,cctv_022babb8-b247-4bb2-b1d0-838123e3f66b,Arteri,No,ONLINE,"102,07",VMS,HTTP 502,Unhealthy
16,2026-06-21 08:06:50,BAGOPS,KORLANTAS - RTMC,RTMC 7 POLDA,Polda Sumatera Selatan,"S. Alang"" Lebar",vms.k3i-korlantas.id,"-2,91348015","104,6819026",https://vms.k3i-korlantas.id/K3i/SUMSEL/225_SP_Alang_Alang_Lebar.stream/playlist.m3u8,cctv_025f87ad-f0f4-4170-aff1-57267f471f45,Arteri,Yes,ONLINE,"228,46",VMS,HTTP 502,Unhealthy
17,2026-06-21 08:06:51,BAGOPS,KORLANTAS - TMC,TMC 4 POLRES TA 2024,Polda Banten,SPIJ 2,vms.k3i-korlantas.id,"-5,993604","106,03032",https://vms.k3i-korlantas.id/K3i/2024/CLG-006_Etle_SPIJ_2.stream/playlist.m3u8,cctv_0289866f-e5cf-4d4e-bfb3-261eb7eb8c4b,Arteri,No,ONLINE,"28,91",VMS,HTTP 502,Unhealthy
18,2026-06-21 08:06:35,BAGOPS,KORLANTAS - RTMC,RTMC 7 POLDA,Polda Metro Jaya,MT Haryono 2,vms.k3i-korlantas.id,"-6,24317","106,85498",https://vms.k3i-korlantas.id/K3i/METRO/070_MT+Haryono+2.stream/playlist.m3u8,cctv_02f27ef6-845c-4fd0-86d3-b8e27b2eebcb,Arteri,No,ONLINE,"19,17",VMS,Playlist timeout,TIMEOUT
19,2026-06-21 08:06:51,BAGOPS,KORLANTAS - RTMC,RTMC 3 POLDA,Polda Sumatera Barat,Lintas Sungai Dareh,vms.k3i-korlantas.id,"-1,2333159","101,7399574",https://vms.k3i-korlantas.id/K3i/2023/SMB-011_Lintas_Sungai_Dareh.stream/playlist.m3u8,cctv_032befab-64b9-430c-88e3-e0378833521b,Arteri,No,ONLINE,"28,02",VMS,HTTP 502,Unhealthy
20,2026-06-21 08:06:51,BAGOPS,KORLANTAS - TMC,RTMC 2 POLDA,Polda Sulawesi Selatan,CTV362 KORLAN SULSEL POSPOL BATAS GOWA,vms.k3i-korlantas.id,"-5,18827105","119,4414487",https://vms.k3i-korlantas.id/K3i/SMARTCITY/SMCT-063_Ditlan_Ptz_Simp_Tempel.stream/playlist.m3u8,cctv_03c451e3-1cba-41b7-9f70-7504ba6bb38a,Arteri,Yes,ONLINE,"16,68",VMS,HTTP 502,Unhealthy
21,2026-06-21 08:06:51,BAGOPS,KORLANTAS - TMC,TMC 8 POLRES,Polda Sumatera Barat,Simpang BI 1,vms.k3i-korlantas.id,"-0,9426768","100,3620198",https://vms.k3i-korlantas.id/K3i/2020/PDG-008_Simpang_BI1.stream/playlist.m3u8,cctv_03f466e0-301e-4604-8854-2c6b3301323b,Arteri,No,ONLINE,"131,93",VMS,HTTP 502,Unhealthy
22,2026-06-21 08:06:52,BAGOPS,KORLANTAS - TMC,TMC 8 POLRES,Polda Sumatera Barat,Simpang Lamun ombak 2,vms.k3i-korlantas.id,"-0,9076413","100,3538606",https://vms.k3i-korlantas.id/K3i/2020/PDG-004_Lamun_Ombak2.stream/playlist.m3u8,cctv_0416ffbd-820d-46cf-86f5-ecce7ad14ddc,Arteri,Yes,ONLINE,"214,76",VMS,HTTP 502,Unhealthy
23,2026-06-21 08:06:52,BAGOPS,KORLANTAS - TMC,TMC 3 POLRES TA 2022,Polda Jawa Tengah,Simpang 4 Ngemplak,vms.k3i-korlantas.id,"-7,55451107","110,8295201",https://vms.k3i-korlantas.id/K3i/2RTMC-2TMC/DLS-014_Simp_Kota_Tanjung_Morawa.stream/playlist.m3u8,cctv_0438bb26-549f-445b-a078-6c1286077085,Arteri,Yes,ONLINE,"36,9",VMS,HTTP 502,Unhealthy
24,2026-06-21 08:06:52,BAGOPS,KORLANTAS - TMC,TMC 3 POLRES TA 2023,Polda Jawa Tengah,Dpn Kmapus UMS,vms.k3i-korlantas.id,"-7,559533","110,769747",https://vms.k3i-korlantas.id/K3i/2022/SKH-007_Depan_Kampus_UMS_2.stream/playlist.m3u8,cctv_046d07a0-d680-41ce-8e2c-58b1b26f8f85,Arteri,No,ONLINE,"20,49",VMS,HTTP 502,Unhealthy
25,2026-06-21 08:06:52,BAGOPS,KORLANTAS - RTMC,RTMC 7 POLDA,Polda Sumatera Selatan,S. Lemabang,vms.k3i-korlantas.id,"-2,97211327","104,7833147",https://vms.k3i-korlantas.id/K3i/SUMSEL/220_Pasar_Lemabang.stream/playlist.m3u8,cctv_0474a0b5-a7b2-4089-8bf9-0cf36fc412ad,Arteri,No,ONLINE,"26,22",VMS,HTTP 502,Unhealthy
26,2026-06-21 08:06:52,BAGOPS,KORLANTAS - RTMC,RTMC 7 POLDA,Polda Metro Jaya,TL Tomang,vms.k3i-korlantas.id,"-6,17963","106,79548",https://vms.k3i-korlantas.id/K3i/METRO/067_TL+Tomang.stream/playlist.m3u8,cctv_04c9e807-fcd8-4f92-9fe7-727c8b969df2,Arteri,Yes,ONLINE,"22,55",VMS,HTTP 502,Unhealthy
27,2026-06-21 08:06:52,BAGOPS,KORLANTAS - TMC,TMC 8 POLRES,Polda Jawa Timur,Simpang 3 Putat,vms.k3i-korlantas.id,"-7,162987","112,631424",https://vms.k3i-korlantas.id/K3i/2020/GRSK-012_Simpang_3_Putat.stream/playlist.m3u8,cctv_04de6d60-5c15-4bea-8a9b-978e6dc47c71,Arteri,Yes,ONLINE,"48,82",VMS,HTTP 502,Unhealthy
28,2026-06-21 08:06:52,BAGOPS,KORLANTAS - RTMC,RTMC 6 POLDA,Polda Bangka Belitung,SP. Beluluk FIX 2,vms.k3i-korlantas.id,"-2,17811807","106,1452857",https://vms.k3i-korlantas.id/K3i/6POLDA/BBL-004_SP_Beluluk_FIX_2.stream/playlist.m3u8,cctv_0517b620-7bca-408f-9c86-a95ba31a80f7,Arteri,No,ONLINE,"35,18",VMS,HTTP 502,Unhealthy
29,2026-06-21 08:06:52,BAGOPS,KORLANTAS - RTMC,RTMC 6 POLDA,Polda Maluku Utara,TL PRIMA FOTO FIX ETLE,vms.k3i-korlantas.id,"0,78963","127,386096",https://vms.k3i-korlantas.id/K3i/6POLDA/MLT-012_Tl_Prima_Foto_Fix_Etle.stream/playlist.m3u8,cctv_058bfffa-e702-49ec-ade4-d6fb06eacbef,Arteri,Yes,ONLINE,"14,65",VMS,HTTP 502,Unhealthy
30,2026-06-21 08:06:53,BAGOPS,KORLANTAS - RTMC,RTMC 3 POLDA,Polda Nusa Tenggara Barat,Simpang Seruni 2,vms.k3i-korlantas.id,"-8,5833185","116,0864008",https://vms.k3i-korlantas.id/K3i/2021/NTB-019_Simpang_Seruni_2.stream/playlist.m3u8,cctv_05904369-1a2f-4a18-9734-ba21f5f3397f,Arteri,Yes,ONLINE,"72,71",VMS,HTTP 502,Unhealthy
31,2026-06-21 08:06:53,BAGOPS,KORLANTAS - RTMC,RTMC 7 POLDA,Polda Metro Jaya,Perempatan Tanah Tinggi,vms.k3i-korlantas.id,"-6,16662","106,65294",https://vms.k3i-korlantas.id/K3i/METRO/020_Tanah+Tinggi+Tangerang+Kota.stream/playlist.m3u8,cctv_06111a70-3037-4fdb-990d-0de86295f52d,Arteri,Yes,ONLINE,"38,47",VMS,HTTP 502,Unhealthy
32,2026-06-21 08:06:53,BAGOPS,KORLANTAS - TMC,TMC 8 POLRES,Polda Jambi,Simpang Xaverius,vms.k3i-korlantas.id,"-1,626989","103,632022",https://vms.k3i-korlantas.id/K3i/2020/JMB-007_SP_Xaverius.stream/playlist.m3u8,cctv_0650b5b7-e18c-4d4c-a4c0-effdbdb9e39a,Arteri,No,ONLINE,"16,22",VMS,HTTP 502,Unhealthy
33,2026-06-21 08:06:53,BAGOPS,KORLANTAS - TMC,TMC 3 POLRES TA 2022,Polda Sulawesi Selatan,JL. URIP SUMOHARDJO/ RACING CENTRE,vms.k3i-korlantas.id,"-5,140979","119,452848",https://vms.k3i-korlantas.id/K3i/SURAKARTA/SKT-004_Batas-Jurug.stream/playlist.m3u8,cctv_06e00fa1-79a2-4dbe-8465-4e76ab5213e5,Arteri,Yes,ONLINE,"22,96",VMS,HTTP 502,Unhealthy
34,2026-06-21 08:06:53,BAGOPS,KORLANTAS - RTMC,RTMC 7 POLDA,Polda Metro Jaya,Terminal Pulo Gadung,vms.k3i-korlantas.id,"-6,18242","106,9103",https://vms.k3i-korlantas.id/K3i/METRO/066_TL+Terminal+Pulo+Gadung.stream/playlist.m3u8,cctv_07167a41-95b5-4342-a2ca-2972c92e4819,Arteri,Yes,ONLINE,"41,16",VMS,HTTP 502,Unhealthy
35,2026-06-21 08:06:53,BAGOPS,KORLANTAS - RTMC,RTMC 6 POLDA,Polda Banten,Banten 4 (Warung Pojok) PTZ,vms.k3i-korlantas.id,"-6,125474","106,164007",https://vms.k3i-korlantas.id/K3i/6POLDA/BNT-026_Banten_4-Warung_Pojok-PTZ.stream/playlist.m3u8,cctv_0753f523-e724-4e3e-b6d0-b4bb68224701,Arteri,No,ONLINE,"26,32",VMS,HTTP 502,Unhealthy
36,2026-06-21 08:06:53,BAGOPS,KORLANTAS - RTMC,RTMC 3 POLDA,Polda Nusa Tenggara Barat,Intercetion Batujai,vms.k3i-korlantas.id,"-8,7381075","116,2442446",https://vms.k3i-korlantas.id/K3i/2021/NTB-010_Simpang_Batu_Jai.stream/playlist.m3u8,cctv_076c6ca7-34eb-4f8e-a1f9-506168d29c04,Arteri,Yes,ONLINE,"35,88",VMS,HTTP 502,Unhealthy
37,2026-06-21 08:06:53,BAGOPS,KORLANTAS - RTMC,RTMC 3 POLDA,Polda Bengkulu,Sp 3 Brimob,vms.k3i-korlantas.id,"-3,7895273","102,3081921",https://vms.k3i-korlantas.id/K3i/SURAKARTA/SKT-059_Simpang-Empat-Dr.Oen.stream/playlist.m3u8,cctv_07bdbcd2-8a9f-48ae-a3c5-19ca394ee4fe,Arteri,Yes,ONLINE,"21,35",VMS,HTTP 502,Unhealthy
38,2026-06-21 08:06:53,BAGOPS,KORLANTAS - TMC,TMC 8 POLRES,Polda Lampung,Simpang Rm Begadang Resto 2,vms.k3i-korlantas.id,"-5,44075","105,265465",https://vms.k3i-korlantas.id/K3i/2020/BLPG-006_Begadang_2.stream/playlist.m3u8,cctv_07ee4f62-3672-4f12-a8e1-3f99057e6a69,Arteri,No,ONLINE,"25,53",VMS,HTTP 502,Unhealthy
39,2026-06-21 08:06:53,BAGOPS,KORLANTAS - RTMC,RTMC 6 POLDA,Polda Bangka Belitung,SP. Bandara FIX,vms.k3i-korlantas.id,"-2,155278","106,148444",https://vms.k3i-korlantas.id/K3i/6POLDA/BBL-006_SP_Bandara_FIX.stream/playlist.m3u8,cctv_080f39e3-210a-4731-a6d5-abbc8d74ac79,Arteri,No,ONLINE,"38,93",VMS,HTTP 502,Unhealthy
40,2026-06-21 08:06:55,BAGOPS,KORLANTAS - TMC,TMC 8 POLRES,Polda Jawa Barat,Simpang Perumnas,10.45.42.19,"-6,7422158","108,5633104",rtsp://onvif:lantas123!!@10.45.42.19:554/live/BF7AFA4B-A61F-4FF4-9926-B7D3B378B580,cctv_082a256e-c0f9-4dc9-9d6b-030db8e91a54,Arteri,Yes,OFFLINE,N/A,RTSP,Video mengalir (7 segmen),Healthy
41,2026-06-21 08:06:53,BAGOPS,KORLANTAS - TMC,TMC 3 POLRES TA 2022,Polda Jawa Tengah,Simpang 4 Sabar Motor,vms.k3i-korlantas.id,"-7,57129685","110,8046115",https://vms.k3i-korlantas.id/K3i/2RTMC-2TMC/SULSEL-007_Jl_Baddoka.stream/playlist.m3u8,cctv_0835d6b1-7b49-4846-9132-08d249bfc89b,Arteri,No,ONLINE,"27,2",VMS,HTTP 502,Unhealthy
42,2026-06-21 08:06:53,BAGOPS,KORLANTAS - RTMC,RTMC 3 POLDA,Polda Gorontalo,Polsek Randangan,vms.k3i-korlantas.id,"0,527046","121,801529",https://vms.k3i-korlantas.id/K3i/SURAKARTA/SKT-060_Smpng-Empat-Utara-Jembatan-Gilingan.stream/playlist.m3u8,cctv_08fb4e41-c801-4bca-9203-27f1f508fcc9,Arteri,Yes,ONLINE,"43,6",VMS,HTTP 502,Unhealthy
43,2026-06-21 08:06:53,BAGOPS,KORLANTAS - RTMC,RTMC 3 POLDA,Polda Nusa Tenggara Barat,Tugu Koperasi,vms.k3i-korlantas.id,"-8,6890185","116,1160089",https://vms.k3i-korlantas.id/K3i/2021/NTB-020_Tugu_Koprasi.stream/playlist.m3u8,cctv_0959ad51-6ce7-490a-b855-f084fb2bee10,Arteri,Yes,ONLINE,"59,65",VMS,HTTP 502,Unhealthy
44,2026-06-21 08:06:53,BAGOPS,KORLANTAS - RTMC,HARWAT RTMC 4 POLDA,Polda Sulawesi Barat,Sp. KFC Kantor Lurah Simboro,vms.k3i-korlantas.id,"-2,68269783","118,8702357",https://vms.k3i-korlantas.id/K3i/2024/SLBR-010_Sp_4_Toyota.stream/playlist.m3u8,cctv_0977dd29-d4af-41b4-a92b-4cbfec346f7a,Arteri,Yes,ONLINE,"49,49",VMS,HTTP 502,Unhealthy
45,2026-06-21 08:07:02,BAGOPS,KORLANTAS - RTMC,RTMC 7 POLDA,Polda Jawa Tengah,Lingkar Kudus,vms.k3i-korlantas.id,"-6,84133","110,81802",https://vms.k3i-korlantas.id/K3i/JATENG/145_Lingkar_Kudus.stream/playlist.m3u8,cctv_09af5f7b-100a-46de-9bec-edc718f315a5,Arteri,Yes,ONLINE,"27,12",VMS,HTTP 502,Unhealthy
46,2026-06-21 08:07:02,BAGOPS,KORLANTAS - RTMC,RTMC 7 POLDA,Polda Metro Jaya,Jagakarsa,vms.k3i-korlantas.id,"-6,30275697","106,8396337",https://vms.k3i-korlantas.id/K3i/METRO/048_TL+Jagakarsa.stream/playlist.m3u8,cctv_09f33c76-908c-418b-b849-1e6fcdf13747,Arteri,Yes,ONLINE,"16,09",VMS,HTTP 502,Unhealthy
47,2026-06-21 08:07:02,BAGOPS,KORLANTAS - TMC,TMC 8 POLRES,Polda Jambi,Simpang Lantas Jelutung 2,vms.k3i-korlantas.id,"-1,602509","103,618455",https://vms.k3i-korlantas.id/K3i/2020/JMB-013_SP_Lantas_Jelutung_2.stream/playlist.m3u8,cctv_0ad712f0-eef3-4df8-bb73-5a6e1aae58a2,Arteri,No,ONLINE,"25,49",VMS,HTTP 502,Unhealthy
48,2026-06-21 08:07:02,BAGOPS,KORLANTAS - RTMC,RTMC 6 POLDA,Polda Riau,Simpang Soetta,vms.k3i-korlantas.id,"0,47424228","101,418551",https://vms.k3i-korlantas.id/K3i/6POLDA/RIAU-013_Simpang_Soetta.stream/playlist.m3u8,cctv_0adbd48f-e7e6-450a-808c-fbaa9525ffe8,Arteri,No,ONLINE,"22,61",VMS,HTTP 502,Unhealthy
49,2026-06-21 08:07:02,BAGOPS,KORLANTAS - RTMC,RTMC 7 POLDA,Polda Jawa Timur,Simpang 4 Doho Kediri,vms.k3i-korlantas.id,"-7,82767","112,01024",https://vms.k3i-korlantas.id/K3i/JATIM/171_Simpang_4_Ndoho_Kediri-Ndoho_Plaza.stream/playlist.m3u8,cctv_0b05c18a-d1fe-4b15-ae74-4fd019b58564,Arteri,No,ONLINE,"17,04",VMS,HTTP 502,Unhealthy
50,2026-06-21 08:07:02,BAGOPS,KORLANTAS - RTMC,RTMC 7 POLDA,Polda DIY,Simpang 3 Gamping,vms.k3i-korlantas.id,"-7,80041791","110,325264",https://vms.k3i-korlantas.id/K3i/DIY/199_Simpang_3_Gamping.stream/playlist.m3u8,cctv_0b0b5cb4-a0f3-4024-b335-564839074dab,Arteri,Yes,ONLINE,"37,49",VMS,HTTP 502,Unhealthy
51,2026-06-21 08:07:02,BAGOPS,KORLANTAS - TMC,TMC 3 POLRES TA 2023,Polda Jawa Tengah,Tugu Kartasura,vms.k3i-korlantas.id,"-7,5503804","110,7365854",https://vms.k3i-korlantas.id/K3i/2022/SKH-002_Bund_Tugu_Kartasuro.stream/playlist.m3u8,cctv_0b5b776e-e05f-4e61-9251-3e665933eed5,Arteri,Yes,ONLINE,"48,42",VMS,HTTP 502,Unhealthy
52,2026-06-21 08:07:03,BAGOPS,KORLANTAS - RTMC,RTMC 3 POLDA,Polda Sumatera Barat,SP Lubeg,vms.k3i-korlantas.id,"-0,957165","100,402741",https://vms.k3i-korlantas.id/K3i/2023/SMB-012_SP_Lubeg.stream/playlist.m3u8,cctv_0c4759f5-8484-4e50-a512-59981b6d62ac,Arteri,Yes,ONLINE,"31,9",VMS,HTTP 502,Unhealthy
53,2026-06-21 08:07:03,BAGOPS,KORLANTAS - TMC,TMC 3 POLRES TA 2022,Polda Jawa Tengah,Simpang 3 Pasar Nusukan,vms.k3i-korlantas.id,"-7,54702","110,8208","https://vms.k3i-korlantas.id/K3i/2RTMC-2TMC/DLS-008_Lewat_Mesjid_Takwa,_sebelum_kantor_nasdem.stream/playlist.m3u8",cctv_0c93a875-8295-4eea-bae8-1ef5f4d34a4c,Arteri,No,ONLINE,"24,75",VMS,HTTP 502,Unhealthy
54,2026-06-21 08:07:03,BAGOPS,KORLANTAS - RTMC,RTMC 7 POLDA,Polda Jawa Tengah,Exit Tol Pejagan,vms.k3i-korlantas.id,"-6,89457","108,8863",https://vms.k3i-korlantas.id/K3i/JATENG/141_Exit_Tol_Pejagan.stream/playlist.m3u8,cctv_0ca1bc2d-23bc-421b-b0f7-8d515b4cb821,Arteri,No,ONLINE,"32,32",VMS,HTTP 502,Unhealthy
55,2026-06-21 08:07:02,BAGOPS,KORLANTAS - RTMC,RTMC 6 POLDA,Polda Kalimantan Timur,TL Beruang Madu FIX 2,vms.k3i-korlantas.id,"-1,26917","116,85654",https://vms.k3i-korlantas.id/K3i/6POLDA/KTM-015_TL_Beruang_Madu_FIX_2.stream/playlist.m3u8,cctv_0cd1d626-f759-429f-addf-06e505a774c5,Arteri,Yes,ONLINE,"15,4",VMS,HTTP 502,Unhealthy
56,2026-06-21 08:07:03,BAGOPS,KORLANTAS - RTMC,RTMC 3 POLDA,Polda Nusa Tenggara Timur,SP Gubernur  -NTT,vms.k3i-korlantas.id,"-10,16993408","123,6072559",https://vms.k3i-korlantas.id/K3i/2021/NTT-004_SP_BG-Gubernur.stream/playlist.m3u8,cctv_0d76aa91-48e2-4896-a93a-66d984354c4c,Arteri,Yes,ONLINE,"40,45",VMS,HTTP 502,Unhealthy
57,2026-06-21 08:07:03,BAGOPS,KORLANTAS - RTMC,RTMC 6 POLDA,Polda Banten,Banten 1 (KP3B) FIX,vms.k3i-korlantas.id,"-6,174026","106,164649",https://vms.k3i-korlantas.id/K3i/6POLDA/BNT-022_Banten_1-KP3B-FIX.stream/playlist.m3u8,cctv_0db0a208-69f6-4bd2-b42b-ce59968ee210,Arteri,Yes,ONLINE,"19,43",VMS,HTTP 502,Unhealthy
58,2026-06-21 08:07:03,BAGOPS,KORLANTAS - RTMC,RTMC 6 POLDA,Polda Sulawesi Utara,Pos polisi,vms.k3i-korlantas.id,"1,46622","124,83996",https://vms.k3i-korlantas.id/K3i/6POLDA/SLT-013_Pos_polisi.stream/playlist.m3u8,cctv_0db1e527-de65-41a0-80d0-647b1a082c4f,Arteri,No,ONLINE,"14,38",VMS,HTTP 502,Unhealthy
59,2026-06-21 08:07:03,BAGOPS,KORLANTAS - RTMC,RTMC 6 POLDA,Polda Bangka Belitung,Selan PTZ,vms.k3i-korlantas.id,"-2,14825","106,094889",https://vms.k3i-korlantas.id/K3i/6POLDA/BBL-007_Selan_PTZ.stream/playlist.m3u8,cctv_0dbc97de-f6e6-4c2d-ab2c-1d36a0e5d08f,Arteri,No,ONLINE,"21,96",VMS,HTTP 502,Unhealthy
60,2026-06-21 08:07:03,BAGOPS,KORLANTAS - RTMC,RTMC 7 POLDA,Polda Jawa Barat,Pospol Lingga Ciawi,vms.k3i-korlantas.id,"-6,65322996","106,846049",https://vms.k3i-korlantas.id/K3i/JABAR/109_Pos_Pol_Lingga_Ciawi.stream/playlist.m3u8,cctv_0dc0c6d1-07bc-4ecd-937a-6e2a9bbc3bca,Arteri,Yes,ONLINE,"18,12",VMS,HTTP 502,Unhealthy
61,2026-06-21 08:07:03,BAGOPS,KORLANTAS - RTMC,RTMC 7 POLDA,Polda Jawa Timur,Simpang 4 By Pas Sidoarjo (Medaeng),vms.k3i-korlantas.id,"-7,35096","112,71073",https://vms.k3i-korlantas.id/K3i/JATIM/165_Medaeng.stream/playlist.m3u8,cctv_0e44875a-44b3-4640-9474-2d6a687be9b4,Arteri,Yes,ONLINE,"39,02",VMS,HTTP 502,Unhealthy
62,2026-06-21 08:07:03,BAGOPS,KORLANTAS - RTMC,RTMC 6 POLDA,Polda Bangka Belitung,SP. Ramayana 2 FIX 2,vms.k3i-korlantas.id,"-2,1286396","106,1145659",https://vms.k3i-korlantas.id/K3i/6POLDA/BBL-024_SP_Ramayana_2_FIX_2.stream/playlist.m3u8,cctv_0e8e3622-1260-4b3c-af53-4797c14ea93a,Arteri,No,ONLINE,"14,45",VMS,HTTP 502,Unhealthy
63,2026-06-21 08:07:03,BAGOPS,KORLANTAS - RTMC,RTMC 7 POLDA,Polda Jawa Tengah,Pos Pol Karanganyar,vms.k3i-korlantas.id,"-7,63281","109,57296",https://vms.k3i-korlantas.id/K3i/JATENG/154_Pos_Pol_Karanganyar.stream/playlist.m3u8,cctv_0ed1fd4d-324f-446b-82ed-8e37d123a343,Arteri,Yes,ONLINE,"14,24",VMS,HTTP 502,Unhealthy
64,2026-06-21 08:07:03,BAGOPS,KORLANTAS - RTMC,RTMC 3 POLDA,Polda Aceh,SP 5 A,vms.k3i-korlantas.id,"5,5561496","95,3222223",https://vms.k3i-korlantas.id/K3i/2021/ACEH_006_SP_5_A.stream/playlist.m3u8,cctv_0edcfae4-db40-46e1-a440-7c4f8c429094,Arteri,No,ONLINE,"17,6",VMS,HTTP 502,Unhealthy
65,2026-06-21 08:07:03,BAGOPS,KORLANTAS - TMC,TMC 8 POLRES,Polda Jawa Timur,Simpang 4 Nippon Paint 1,vms.k3i-korlantas.id,"-7,191775","112,646081",https://vms.k3i-korlantas.id/K3i/2020/GRSK-009_Simpang4_Nippon_Paint1.stream/playlist.m3u8,cctv_0f924911-976f-410a-9685-7a610d7a70c8,Arteri,No,ONLINE,"29,82",VMS,HTTP 502,Unhealthy
66,2026-06-21 08:07:03,BAGOPS,KORLANTAS - RTMC,RTMC 6 POLDA,Polda Maluku Utara,PSR HIGIENIS FIX 1,vms.k3i-korlantas.id,"0,792929","127,389771",https://vms.k3i-korlantas.id/K3i/6POLDA/MLT-008_Psr_Higienis_Fix_1.stream/playlist.m3u8,cctv_0fa16885-1913-4997-a177-5c2469dc4fc0,Arteri,No,ONLINE,"13,99",VMS,HTTP 502,Unhealthy
67,2026-06-21 08:07:03,BAGOPS,KORLANTAS - TMC,TMC 3 POLRES TA 2022,Polda Kalimantan Tengah,G. Obos,vms.k3i-korlantas.id,"-2,232631","113,889625",https://vms.k3i-korlantas.id/K3i/SURAKARTA/SKT-062_Simpang-Tiga-Pasar-Notoharjo.stream/playlist.m3u8,cctv_0fdbf239-2c2f-42b9-a19e-0f53977f6e13,Arteri,No,ONLINE,"14,16",VMS,HTTP 502,Unhealthy
68,2026-06-21 08:07:04,BAGOPS,KORLANTAS - TMC,TMC 4 POLRES TA 2024,Polda Banten,Pintu Tol Merak (Gerem),vms.k3i-korlantas.id,"-5,970744","106,007211",https://vms.k3i-korlantas.id/K3i/2024/CLG-009_Pintu_Tol_Merak.stream/playlist.m3u8,cctv_0fe8d512-8536-42c0-8b84-43d6c90eeaf8,Arteri,Yes,ONLINE,"31,75",VMS,HTTP 502,Unhealthy
69,2026-06-21 08:07:04,BAGOPS,KORLANTAS - RTMC,RTMC 7 POLDA,Polda Metro Jaya,TL Kalimalang,vms.k3i-korlantas.id,"-6,24621","106,90649",https://vms.k3i-korlantas.id/K3i/METRO/051_TL+Kalimalang.stream/playlist.m3u8,cctv_10184efe-4e5d-43d4-9f59-eaefce3763e8,Arteri,Yes,ONLINE,"20,94",VMS,HTTP 502,Unhealthy
70,2026-06-21 08:07:04,BAGOPS,KORLANTAS - RTMC,RTMC 6 POLDA,Polda Bangka Belitung,Timah PTZ,vms.k3i-korlantas.id,"-2,112194","106,112472",https://vms.k3i-korlantas.id/K3i/6POLDA/BBL-029_Timah_PTZ.stream/playlist.m3u8,cctv_102566cb-8be2-426c-b307-0e2af581924f,Arteri,No,ONLINE,"14,14",VMS,HTTP 502,Unhealthy
71,2026-06-21 08:07:04,BAGOPS,KORLANTAS - RTMC,RTMC 7 POLDA,Polda Jawa Timur,Simpang 4 Duduk Sampean Gresik,vms.k3i-korlantas.id,"-7,15344","112,51841",https://vms.k3i-korlantas.id/K3i/JATIM/163_Duduk_Sampeyan_Gresik.stream/playlist.m3u8,cctv_102b27ce-3aa5-4794-95fe-2863796858a4,Arteri,Yes,ONLINE,"14,59",VMS,HTTP 502,Unhealthy
72,2026-06-21 08:07:04,BAGOPS,KORLANTAS - RTMC,RTMC 6 POLDA,Polda Maluku Utara,SP AYU LESTARI FIX ETLE,vms.k3i-korlantas.id,"0,766041","127,373902",https://vms.k3i-korlantas.id/K3i/6POLDA/MLT-020_Sp_Ayu_Lestari_Fix_Etle.stream/playlist.m3u8,cctv_1047e1cf-67df-4231-ad32-257f29daf89f,Arteri,No,ONLINE,"14,09",VMS,HTTP 502,Unhealthy
73,2026-06-21 08:07:04,BAGOPS,KORLANTAS - RTMC,RTMC 3 POLDA,Polda Sumatera Barat,Lintas Lubuk Bangku,vms.k3i-korlantas.id,"-0,130434","100,696676",https://vms.k3i-korlantas.id/K3i/2023/SMB-010_Lintas_Lubuk_Bangku.stream/playlist.m3u8,cctv_10509f03-36db-4dee-b201-a5d0097a8a4f,Arteri,Yes,ONLINE,"34,84",VMS,HTTP 502,Unhealthy
74,2026-06-21 08:07:04,BAGOPS,KORLANTAS - RTMC,RTMC 6 POLDA,Polda Banten,Simpang Boru PTZ,vms.k3i-korlantas.id,"-6,167167","106,179944",https://vms.k3i-korlantas.id/K3i/6POLDA/BNT-017_Simpang_Boru_PTZ.stream/playlist.m3u8,cctv_10782a2f-1953-49ca-86be-4bbf2aca19f2,Arteri,No,ONLINE,"24,72",VMS,HTTP 502,Unhealthy
75,2026-06-21 08:07:04,BAGOPS,KORLANTAS - TMC,TMC 8 POLRES,Polda Jawa Timur,Simpang 4 Giri,vms.k3i-korlantas.id,"-7,160735","112,646921",https://vms.k3i-korlantas.id/K3i/2020/GRSK-016_Simpang_4_Giri.stream/playlist.m3u8,cctv_10b0f83b-1bfa-43dd-8d93-1090b91f809a,Arteri,No,ONLINE,"24,83",VMS,HTTP 502,Unhealthy
76,2026-06-21 08:06:42,BAGOPS,KORLANTAS - RTMC,RTMC 2025,Polda Kalimantan Utara,Analitik KM 4 Jl. Poros Bulungan - Berau,vms.k3i-korlantas.id,"2,794815","117,425217",https://vms.k3i-korlantas.id/K3i/2025/KALTARA-003_Analytic_KM_4_Poros_Bulungan-Berau.stream/playlist.m3u8,cctv_1118F5CD2-10,Arteri,Yes,ONLINE,"14,9",VMS,Playlist timeout,TIMEOUT
77,2026-06-21 08:06:43,BAGOPS,KORLANTAS - RTMC,RTMC 2025,Polda Kalimantan Utara,Analitik Jembatan malinau,vms.k3i-korlantas.id,"3,592427","116,619812",https://vms.k3i-korlantas.id/K3i/2025/KALTARA-001_Analytic_Jembatan_Malinau.stream/playlist.m3u8,cctv_1118F5CD2-11,Arteri,Yes,ONLINE,"120,71",VMS,Playlist timeout,TIMEOUT
78,2026-06-21 08:06:44,BAGOPS,KORLANTAS - RTMC,RTMC 2025,Polda Kalimantan Utara,Etle Simpang Unikal Jl.Sengkawit,vms.k3i-korlantas.id,"2,851718","117,377029",https://vms.k3i-korlantas.id/K3i/2025/KALTARA-006_Simpang_Unikal_Jl.Sengkawi.stream/playlist.m3u8,cctv_1118F5CD2-12,Arteri,Yes,ONLINE,"188,49",VMS,Playlist timeout,TIMEOUT
79,2026-06-21 08:06:44,BAGOPS,KORLANTAS - RTMC,RTMC 2025,Polda Kalimantan Utara,Etle Simpang Jl.Jeruk,vms.k3i-korlantas.id,"2,854275","117,371498",https://vms.k3i-korlantas.id/K3i/2025/KALTARA-005_Simpang_Jl.Jeruk.stream/playlist.m3u8,cctv_1118F5CD2-13,Arteri,Yes,ONLINE,"202,71",VMS,Playlist timeout,TIMEOUT
80,2026-06-21 08:06:45,BAGOPS,KORLANTAS - RTMC,RTMC 2025,Polda Kalimantan Utara,INDOMART JL. POROS MALINAU,vms.k3i-korlantas.id,"2,8075325","117,4072367",https://vms.k3i-korlantas.id/K3i/2025/KALTARA-004_Indomart_Jl_Poros_Malinau.stream/playlist.m3u8,cctv_1118F5CD2-14,Arteri,Yes,ONLINE,"109,17",VMS,Playlist timeout,TIMEOUT
81,2026-06-21 08:06:46,BAGOPS,KORLANTAS - RTMC,RTMC 2025,Polda Kalimantan Selatan,Sp 4 Bandara Dalam,vms.k3i-korlantas.id,"-3,43252","114,76998",https://vms.k3i-korlantas.id/K3i/2025/KALSEL-008_Sp_4_Bandara_Dalam.stream/playlist.m3u8,cctv_1118F5CD2-15,Arteri,Yes,ONLINE,"155,63",VMS,Playlist timeout,TIMEOUT
82,2026-06-21 08:06:49,BAGOPS,KORLANTAS - RTMC,RTMC 2025,Polda Kalimantan Selatan,Sp 4 Gatot Dalam,vms.k3i-korlantas.id,"-3,31971","114,61766",https://vms.k3i-korlantas.id/K3i/2025/KALSEL-009_Sp_4_Gatot_Dalam.stream/playlist.m3u8,cctv_1118F5CD2-16,Arteri,Yes,ONLINE,"94,36",VMS,Playlist timeout,TIMEOUT
83,2026-06-21 08:06:51,BAGOPS,KORLANTAS - RTMC,RTMC 2025,Polda Kalimantan Selatan,Sp 4 Tarakan,vms.k3i-korlantas.id,"-3,31412","114,58969",https://vms.k3i-korlantas.id/K3i/2025/KALSEL-012_Sp_4_Tarakan.stream/playlist.m3u8,cctv_1118F5CD2-17,Arteri,Yes,ONLINE,"159,02",VMS,Playlist timeout,TIMEOUT
84,2026-06-21 08:06:51,BAGOPS,KORLANTAS - RTMC,RTMC 2025,Polda Kalimantan Selatan,Sp 4 Tugu Adipura,vms.k3i-korlantas.id,"-3,44278","114,83259",https://vms.k3i-korlantas.id/K3i/2025/KALSEL-013_Sp_4_Tugu_Adipura.stream/playlist.m3u8,cctv_1118F5CD2-18,Arteri,Yes,ONLINE,"222,67",VMS,Playlist timeout,TIMEOUT
85,2026-06-21 08:06:51,BAGOPS,KORLANTAS - RTMC,RTMC 2025,Polda Kalimantan Selatan,Sp 4 SAMSAT Banjarbaru,vms.k3i-korlantas.id,"-3,43914","114,83289",https://vms.k3i-korlantas.id/K3i/2025/KALSEL-011_Sp_4_SAMSAT_Banjarbaru.stream/playlist.m3u8,cctv_1118F5CD2-19,Arteri,Yes,ONLINE,"193,62",VMS,Playlist timeout,TIMEOUT
86,2026-06-21 08:06:52,BAGOPS,KORLANTAS - RTMC,RTMC 2025,Polda Kalimantan Utara,"Monitoring Unikal 2, Jl. Sengkawit",vms.k3i-korlantas.id,"2,852392","117,375992",https://vms.k3i-korlantas.id/K3i/2025/KALTARA-012_Monitoring_SP_4_Unikal.stream/playlist.m3u8,cctv_1118F5CD2-2,Arteri,Yes,ONLINE,"56,56",VMS,Playlist timeout,TIMEOUT
87,2026-06-21 08:06:52,BAGOPS,KORLANTAS - RTMC,RTMC 2025,Polda Kalimantan Selatan,Bundaran Trikora Masjid Agung,vms.k3i-korlantas.id,"-3,46174","114,8267",https://vms.k3i-korlantas.id/K3i/2025/KALSEL-007_Bundaran_Trikora_Masjid_Agung.stream/playlist.m3u8,cctv_1118F5CD2-20,Arteri,Yes,ONLINE,"20,47",VMS,Playlist timeout,TIMEOUT
88,2026-06-21 08:06:44,BAGOPS,KORLANTAS - RTMC,RTMC 2025,Polda Kalimantan Selatan,Sp 4 Pelabuhan Trisakti Lumba Lumba,vms.k3i-korlantas.id,"-3,33096","114,56069",https://vms.k3i-korlantas.id/K3i/2025/KALSEL-010_Sp_4_Pelabuhan_Trisakti_Lumba_Lumba.stream/playlist.m3u8,cctv_1118F5CD2-21,Arteri,Yes,ONLINE,"59,89",VMS,HTTP 502,Unhealthy
89,2026-06-21 08:06:45,BAGOPS,KORLANTAS - RTMC,RTMC 2025,Polda Kalimantan Selatan,Jl Gubernur Syarkawi,vms.k3i-korlantas.id,"-3,4141","114,70066",https://vms.k3i-korlantas.id/K3i/2025/KALSEL-005_Jl_Gubernur_Syarkawi.stream/playlist.m3u8,cctv_1118F5CD2-22,Arteri,Yes,ONLINE,"58,03",VMS,HTTP 502,Unhealthy
90,2026-06-21 08:06:46,BAGOPS,KORLANTAS - RTMC,RTMC 2025,Polda Kalimantan Selatan,Sp 4 Trikora LIK,vms.k3i-korlantas.id,"-3,46173","114,70435",https://vms.k3i-korlantas.id/K3i/2025/KALSEL-006_Sp_4_Trikora_LIK.stream/playlist.m3u8,cctv_1118F5CD2-23,Arteri,Yes,ONLINE,"111,6",VMS,HTTP 502,Unhealthy
91,2026-06-21 08:06:46,BAGOPS,KORLANTAS - RTMC,RTMC 2025,Polda Kalimantan Selatan,Jl Gubernur Soebardjo,vms.k3i-korlantas.id,"-3,44829","114,6935",https://vms.k3i-korlantas.id/K3i/2025/KALSEL-004_Jl_Gubernur_Soebardjo.stream/playlist.m3u8,cctv_1118F5CD2-24,Arteri,Yes,ONLINE,"170,1",VMS,HTTP 502,Unhealthy
92,2026-06-21 08:06:47,BAGOPS,KORLANTAS - RTMC,RTMC 2025,Polda Kalimantan Selatan,Handil Bakti,vms.k3i-korlantas.id,"-3,24191","114,61574",https://vms.k3i-korlantas.id/K3i/2025/KALSEL-002_Handil_Bakti.stream/playlist.m3u8,cctv_1118F5CD2-25,Arteri,Yes,ONLINE,"157,41",VMS,HTTP 502,Unhealthy
93,2026-06-21 08:06:46,BAGOPS,KORLANTAS - RTMC,RTMC 2025,Polda Kalimantan Selatan,Antasan Senor,vms.k3i-korlantas.id,"-3,40161","114,85118",https://vms.k3i-korlantas.id/K3i/2025/KALSEL-001_Antasan_Senor.stream/playlist.m3u8,cctv_1118F5CD2-26,Arteri,Yes,ONLINE,"48,59",VMS,HTTP 502,Unhealthy
94,2026-06-21 08:06:46,BAGOPS,KORLANTAS - RTMC,RTMC 2025,Polda Kalimantan Selatan,Sp 3 Bentok,vms.k3i-korlantas.id,"-3,56149","114,73903",https://vms.k3i-korlantas.id/K3i/2025/KALSEL-003_Sp_3_Bentok.stream/playlist.m3u8,cctv_1118F5CD2-27,Arteri,Yes,ONLINE,"15,13",VMS,HTTP 502,Unhealthy
95,2026-06-21 08:06:47,BAGOPS,KORLANTAS - RTMC,RTMC 2025,Polda Jambi,SP 3 SPIN,vms.k3i-korlantas.id,"-1,613278","103,594417",https://vms.k3i-korlantas.id/K3i/2025/JAMBI-007_SP_3_Spin.stream/playlist.m3u8,cctv_1118F5CD2-28,Arteri,Yes,ONLINE,"20,88",VMS,HTTP 502,Unhealthy
96,2026-06-21 08:06:47,BAGOPS,KORLANTAS - RTMC,RTMC 2025,Polda Jambi,SP KAWAT,vms.k3i-korlantas.id,"-1,617111","103,603972",https://vms.k3i-korlantas.id/K3i/2025/JAMBI-011_SP_Kawat.stream/playlist.m3u8,cctv_1118F5CD2-29,Arteri,Yes,ONLINE,"38,76",VMS,HTTP 502,Unhealthy
97,2026-06-21 08:06:47,BAGOPS,KORLANTAS - RTMC,RTMC 2025,Polda Kalimantan Utara,Monitoring Tugu Cinta Damai,vms.k3i-korlantas.id,"2,855969","117,363503",https://vms.k3i-korlantas.id/K3i/2025/KALTARA-013_Monitoring_Tugu_Damai.stream/playlist.m3u8,cctv_1118F5CD2-3,Arteri,Yes,ONLINE,"25,66",VMS,HTTP 502,Unhealthy
98,2026-06-21 08:06:47,BAGOPS,KORLANTAS - RTMC,RTMC 2025,Polda Jambi,SP BUKIT BALIK,vms.k3i-korlantas.id,"-1,617333","103,63025",https://vms.k3i-korlantas.id/K3i/2025/JAMBI-009_SP_Bukit_Balik.stream/playlist.m3u8,cctv_1118F5CD2-30,Arteri,Yes,ONLINE,"18,35",VMS,HTTP 502,Unhealthy
99,2026-06-21 08:06:48,BAGOPS,KORLANTAS - RTMC,RTMC 2025,Polda Jambi,SP MIE ACEH,vms.k3i-korlantas.id,"-1,633917","103,620583",https://vms.k3i-korlantas.id/K3i/2025/JAMBI-012_SP_Mie_Aceh.stream/playlist.m3u8,cctv_1118F5CD2-31,Arteri,No,ONLINE,"22,23",VMS,HTTP 502,Unhealthy
100,2026-06-21 08:06:48,BAGOPS,KORLANTAS - RTMC,RTMC 2025,Polda Jambi,SP TUGU KERIS,vms.k3i-korlantas.id,"-1,63025","103,608194",https://vms.k3i-korlantas.id/K3i/2025/JAMBI-013_SP_Tugu_Keris.stream/playlist.m3u8,cctv_1118F5CD2-32,Arteri,Yes,ONLINE,"46,46",VMS,HTTP 502,Unhealthy
101,2026-06-21 08:06:48,BAGOPS,KORLANTAS - RTMC,RTMC 2025,Polda Jambi,SP JOB KENALI BAWAH,vms.k3i-korlantas.id,"-1,646111","103,601667",https://vms.k3i-korlantas.id/K3i/2025/JAMBI-010_SP_Job_Kenali_Bawah.stream/playlist.m3u8,cctv_1118F5CD2-33,Arteri,Yes,ONLINE,"16,63",VMS,HTTP 502,Unhealthy
102,2026-06-21 08:06:49,BAGOPS,KORLANTAS - RTMC,RTMC 2025,Polda Jambi,SP ALFA MART,vms.k3i-korlantas.id,"-1,616833","103,529",https://vms.k3i-korlantas.id/K3i/2025/JAMBI-008_SP_Alfa_Mart.stream/playlist.m3u8,cctv_1118F5CD2-34,Arteri,Yes,ONLINE,"33,28",VMS,HTTP 502,Unhealthy
103,2026-06-21 08:06:49,BAGOPS,KORLANTAS - RTMC,RTMC 2025,Polda Jambi,Depan Graha Muhammadiyah,vms.k3i-korlantas.id,"-1,619722","103,577333",https://vms.k3i-korlantas.id/K3i/2025/JAMBI-001_Depan_Graha_Muhammadiyah.stream/playlist.m3u8,cctv_1118F5CD2-35,Arteri,No,ONLINE,"16,71",VMS,HTTP 502,Unhealthy
104,2026-06-21 08:06:49,BAGOPS,KORLANTAS - RTMC,RTMC 2025,Polda Jambi,Simp Gado - Gado,vms.k3i-korlantas.id,"-1,607917","103,650417",https://vms.k3i-korlantas.id/K3i/2025/JAMBI-002_Simp_Gado-Gado.stream/playlist.m3u8,cctv_1118F5CD2-36,Arteri,Yes,ONLINE,"16,35",VMS,HTTP 502,Unhealthy
105,2026-06-21 08:06:49,BAGOPS,KORLANTAS - RTMC,RTMC 2025,Polda Jambi,Simp Terminal alam barajo,vms.k3i-korlantas.id,"-1,628222","103,551056",https://vms.k3i-korlantas.id/K3i/2025/JAMBI-003_Simp_Terminal_Alam_Barajo.stream/playlist.m3u8,cctv_1118F5CD2-37,Arteri,Yes,ONLINE,"25,08",VMS,HTTP 502,Unhealthy
106,2026-06-21 08:06:50,BAGOPS,KORLANTAS - RTMC,RTMC 2025,Polda Jambi,Simp Tugu Juang,vms.k3i-korlantas.id,"-1,619917","103,589639",https://vms.k3i-korlantas.id/K3i/2025/JAMBI-006_Simp_Tugu_Juang.stream/playlist.m3u8,cctv_1118F5CD2-38,Arteri,Yes,ONLINE,"55,41",VMS,HTTP 502,Unhealthy
107,2026-06-21 08:07:02,BAGOPS,KORLANTAS - RTMC,RTMC 2025,Polda Jambi,Simp Taman Pulai,vms.k3i-korlantas.id,"-1,601972","103,604333",https://vms.k3i-korlantas.id/K3i/2025/JAMBI-005_Simp_Taman_Pulai.stream/playlist.m3u8,cctv_1118F5CD2-39,Arteri,Yes,ONLINE,"23,31",VMS,HTTP 502,Unhealthy
108,2026-06-21 08:07:02,BAGOPS,KORLANTAS - RTMC,RTMC 2025,Polda Kalimantan Utara,Simpang SMKN 1 TanjungSelor,vms.k3i-korlantas.id,"2,84307","117,364357",https://vms.k3i-korlantas.id/K3i/2025/KALTARA-009_Monitoring_SP_3_SMKN_1.stream/playlist.m3u8,cctv_1118F5CD2-4,Arteri,Yes,ONLINE,"14,18",VMS,HTTP 502,Unhealthy
109,2026-06-21 08:07:02,BAGOPS,KORLANTAS - RTMC,RTMC 2025,Polda Jambi,Simp 5 Jelutung Pujasera,vms.k3i-korlantas.id,"-1,61475","103,616",https://vms.k3i-korlantas.id/K3i/2025/JAMBI-004_Simp_5_Jelutung_Pujasera.stream/playlist.m3u8,cctv_1118F5CD2-40,Arteri,Yes,ONLINE,"44,92",VMS,HTTP 502,Unhealthy
110,2026-06-21 08:07:02,BAGOPS,KORLANTAS - TMC,TMC 2025,Polda Sumatera Barat,Simpang Tembok,vms.k3i-korlantas.id,"-0,2991131","100,3659601",https://vms.k3i-korlantas.id/K3i/2025/BKTT-011_Simpang_Tembok.stream/playlist.m3u8,cctv_1118F5CD2-41,Arteri,No,ONLINE,"18,98",VMS,HTTP 502,Unhealthy
111,2026-06-21 08:07:02,BAGOPS,KORLANTAS - TMC,TMC 2025,Polda Sumatera Barat,Simpang DPRD,vms.k3i-korlantas.id,"-0,306987","100,369656",https://vms.k3i-korlantas.id/K3i/2025/BKTT-010_Simpang_DPRD.stream/playlist.m3u8,cctv_1118F5CD2-42,Arteri,No,ONLINE,"26,44",VMS,HTTP 502,Unhealthy
112,2026-06-21 08:07:02,BAGOPS,KORLANTAS - TMC,TMC 2025,Polda Sumatera Barat,Simpang Bypass,vms.k3i-korlantas.id,"-0,2986703","100,3790321",https://vms.k3i-korlantas.id/K3i/2025/BKTT-009_Simpang_Bypass.stream/playlist.m3u8,cctv_1118F5CD2-43,Arteri,Yes,ONLINE,"36,32",VMS,HTTP 502,Unhealthy
113,2026-06-21 08:07:02,BAGOPS,KORLANTAS - TMC,TMC 2025,Polda Sumatera Barat,Simpang Aur Kuning,vms.k3i-korlantas.id,"-0,313919","100,384722",https://vms.k3i-korlantas.id/K3i/2025/BKTT-008_Simpang_Aur_Kuning.stream/playlist.m3u8,cctv_1118F5CD2-44,Arteri,Yes,ONLINE,"44,44",VMS,HTTP 502,Unhealthy
114,2026-06-21 08:07:02,BAGOPS,KORLANTAS - TMC,TMC 2025,Polda Sumatera Barat,Simpang Taman Gadut,vms.k3i-korlantas.id,"-0,279382","100,365993",https://vms.k3i-korlantas.id/K3i/2025/BKTT-001_Analytic_SP_Gadu.stream/playlist.m3u8,cctv_1118F5CD2-45,Arteri,Yes,ONLINE,"33,22",VMS,HTTP 502,Unhealthy
115,2026-06-21 08:07:02,BAGOPS,KORLANTAS - TMC,TMC 2025,Polda Sumatera Barat,Simpang Limau,vms.k3i-korlantas.id,"-0,297405","100,384247",https://vms.k3i-korlantas.id/K3i/2025/BKTT-003_Simpang_Limau.stream/playlist.m3u8,cctv_1118F5CD2-46,Arteri,Yes,ONLINE,"20,68",VMS,HTTP 502,Unhealthy
116,2026-06-21 08:07:02,BAGOPS,KORLANTAS - TMC,TMC 2025,Polda Sumatera Barat,Simpang Padang Luar,vms.k3i-korlantas.id,"-0,3427534","100,3834265",https://vms.k3i-korlantas.id/K3i/2025/BKTT-004_Simpang_Padang_Luar.stream/playlist.m3u8,cctv_1118F5CD2-47,Arteri,Yes,ONLINE,"25,94",VMS,HTTP 502,Unhealthy
117,2026-06-21 08:07:03,BAGOPS,KORLANTAS - TMC,TMC 2025,Polda Sumatera Barat,Ngarai Sianok,vms.k3i-korlantas.id,"-0,3069609","100,3595896",https://vms.k3i-korlantas.id/K3i/2025/BKTT-002_Ngarai_Sianok.stream/playlist.m3u8,cctv_1118F5CD2-48,Arteri,Yes,ONLINE,"26,9",VMS,HTTP 502,Unhealthy
118,2026-06-21 08:07:03,BAGOPS,KORLANTAS - TMC,TMC 2025,Polda Sumatera Barat,Simpang POM,vms.k3i-korlantas.id,"-0,312008","100,372646",https://vms.k3i-korlantas.id/K3i/2025/BKTT-006_Simpang_POM.stream/playlist.m3u8,cctv_1118F5CD2-49,Arteri,No,ONLINE,"35,93",VMS,HTTP 502,Unhealthy
119,2026-06-21 08:07:03,BAGOPS,KORLANTAS - RTMC,RTMC 2025,Polda Kalimantan Utara,Monitoring Simpang Hotel Crown,vms.k3i-korlantas.id,"2,845526","117,367668",https://vms.k3i-korlantas.id/K3i/2025/KALTARA-007_Monitoring_Simpang_Hotel_Crown.stream/playlist.m3u8,cctv_1118F5CD2-5,Arteri,No,ONLINE,"29,59",VMS,HTTP 502,Unhealthy
120,2026-06-21 08:07:03,BAGOPS,KORLANTAS - TMC,TMC 2025,Polda Sumatera Barat,Simpang Surau Gadang,vms.k3i-korlantas.id,"-0,290449","100,37504",https://vms.k3i-korlantas.id/K3i/2025/BKTT-007_Simpang_Surau_Gadang.stream/playlist.m3u8,cctv_1118F5CD2-50,Arteri,No,ONLINE,"14,78",VMS,HTTP 502,Unhealthy
121,2026-06-21 08:07:03,BAGOPS,KORLANTAS - TMC,TMC 2025,Polda Sumatera Barat,Simpang Bypass,vms.k3i-korlantas.id,"-0,3001542","100,38031",https://vms.k3i-korlantas.id/K3i/2025/BKTT-005_Simpang_Bypass.stream/playlist.m3u8,cctv_1118F5CD2-51,Arteri,Yes,ONLINE,"14,49",VMS,HTTP 502,Unhealthy
122,2026-06-21 08:07:03,BAGOPS,KORLANTAS - TMC,TMC 2025,Polda Jawa Tengah,Sp. BRI,vms.k3i-korlantas.id,"-7,71292","110,01055",https://vms.k3i-korlantas.id/K3i/2025/PRWJ-011_Sp_Alun-Alun_Purworejo.stream/playlist.m3u8,cctv_1118F5CD2-52,Arteri,No,ONLINE,"14,74",VMS,HTTP 502,Unhealthy
123,2026-06-21 08:07:03,BAGOPS,KORLANTAS - TMC,TMC 2025,Polda Jawa Tengah,Sp. 4 Monumen,vms.k3i-korlantas.id,"-7,72743","109,97214",https://vms.k3i-korlantas.id/K3i/2025/PRWJ-009_Sp_4_Monumen.stream/playlist.m3u8,cctv_1118F5CD2-53,Arteri,No,ONLINE,"35,17",VMS,HTTP 502,Unhealthy
124,2026-06-21 08:07:03,BAGOPS,KORLANTAS - TMC,TMC 2025,Polda Jawa Tengah,Sp. 3 Ketawang,vms.k3i-korlantas.id,"-7,83346","109,89529",https://vms.k3i-korlantas.id/K3i/2025/PRWJ-008_Sp_3_Ketawang.stream/playlist.m3u8,cctv_1118F5CD2-54,Arteri,No,ONLINE,"13,62",VMS,HTTP 502,Unhealthy
125,2026-06-21 08:07:03,BAGOPS,KORLANTAS - TMC,TMC 2025,Polda Jawa Tengah,Sp. 4 Pos Kutoarjo,vms.k3i-korlantas.id,"-7,72203","109,91064",https://vms.k3i-korlantas.id/K3i/2025/PRWJ-010_Sp_4_Pos_Kutoarjo.stream/playlist.m3u8,cctv_1118F5CD2-55,Arteri,No,ONLINE,"17,71",VMS,HTTP 502,Unhealthy
126,2026-06-21 08:07:03,BAGOPS,KORLANTAS - TMC,TMC 2025,Polda Jawa Tengah,kutoarjo,vms.k3i-korlantas.id,"-7,72485","109,90306",https://vms.k3i-korlantas.id/K3i/2025/PRWJ-002_Kutoarjo.stream/playlist.m3u8,cctv_1118F5CD2-56,Arteri,No,ONLINE,"15,64",VMS,HTTP 502,Unhealthy
127,2026-06-21 08:07:03,BAGOPS,KORLANTAS - TMC,TMC 2025,Polda Jawa Tengah,Berjan,vms.k3i-korlantas.id,"-7,69573","109,99838",https://vms.k3i-korlantas.id/K3i/2025/PRWJ-001_Berjan.stream/playlist.m3u8,cctv_1118F5CD2-57,Arteri,No,ONLINE,"22,69",VMS,HTTP 502,Unhealthy
128,2026-06-21 08:07:03,BAGOPS,KORLANTAS - TMC,TMC 2025,Polda Jawa Tengah,p. 3 Pos Pendowo,vms.k3i-korlantas.id,"-7,79219","110,0028",https://vms.k3i-korlantas.id/K3i/2025/PRWJ-003_Sp_3_Pos_Pendowo.stream/playlist.m3u8,cctv_1118F5CD2-58,Arteri,No,ONLINE,"27,43",VMS,HTTP 502,Unhealthy
129,2026-06-21 08:07:04,BAGOPS,KORLANTAS - TMC,TMC 2025,Polda Jawa Tengah,Sp. 3 Kolam Renang,vms.k3i-korlantas.id,"-7,70168","110,02409",https://vms.k3i-korlantas.id/K3i/2025/PRWJ-004_Sp_3_Kolam_Renang.stream/playlist.m3u8,cctv_1118F5CD2-59,Arteri,No,ONLINE,"15,25",VMS,HTTP 502,Unhealthy
130,2026-06-21 08:07:04,BAGOPS,KORLANTAS - RTMC,RTMC 2025,Polda Kalimantan Utara,Simpang Kantor Gubernur,vms.k3i-korlantas.id,"2,840728","117,373373",https://vms.k3i-korlantas.id/K3i/2025/KALTARA-010_Monitoring_SP_4_Gubernur.stream/playlist.m3u8,cctv_1118F5CD2-6,Arteri,Yes,ONLINE,"19,31",VMS,HTTP 502,Unhealthy
131,2026-06-21 08:07:04,BAGOPS,KORLANTAS - TMC,TMC 2025,Polda Jawa Tengah,Jend. Ahmad Yani,vms.k3i-korlantas.id,"-7,70306","110,02307",https://vms.k3i-korlantas.id/K3i/2025/PRWJ-006_Jend_Ahmad_Yani.stream/playlist.m3u8,cctv_1118F5CD2-60,Arteri,No,ONLINE,"25,21",VMS,HTTP 502,Unhealthy
132,2026-06-21 08:07:04,BAGOPS,KORLANTAS - TMC,TMC 2025,Polda Jawa Tengah,Lengkong,vms.k3i-korlantas.id,"-7,72824","109,98234",https://vms.k3i-korlantas.id/K3i/2025/PRWJ-007_Lengkong.stream/playlist.m3u8,cctv_1118F5CD2-61,Arteri,No,ONLINE,"15,34",VMS,HTTP 502,Unhealthy
133,2026-06-21 08:07:04,BAGOPS,KORLANTAS - TMC,TMC 2025,Polda Jawa Tengah,BrigJend Katamso,vms.k3i-korlantas.id,"-7,729205","110,002708",https://vms.k3i-korlantas.id/K3i/2025/PRWJ-005_BrigJend_Katamso.stream/playlist.m3u8,cctv_1118F5CD2-62,Arteri,No,ONLINE,"15,41",VMS,HTTP 502,Unhealthy
134,2026-06-21 08:07:04,BAGOPS,KORLANTAS - TMC,TMC 2025,Polda Jawa Timur,Pasar Baru,vms.k3i-korlantas.id,"-7,6540581","111,3281741",https://vms.k3i-korlantas.id/K3i/2025/MGT-009_Pasar_Baru.stream/playlist.m3u8,cctv_1118F5CD2-63,Arteri,Yes,ONLINE,"15,25",VMS,HTTP 502,Unhealthy
135,2026-06-21 08:07:04,BAGOPS,KORLANTAS - TMC,TMC 2025,Polda Jawa Timur,Jembatan Kembar Barat,vms.k3i-korlantas.id,"-7,5622192","111,4494897",https://vms.k3i-korlantas.id/K3i/2025/MGT-008_Jembatan_Kembar_Barat.stream/playlist.m3u8,cctv_1118F5CD2-64,Arteri,Yes,ONLINE,"32,55",VMS,HTTP 502,Unhealthy
136,2026-06-21 08:07:04,BAGOPS,KORLANTAS - TMC,TMC 2025,Polda Jawa Timur,Takeran,vms.k3i-korlantas.id,"-7,6772406","111,4861994",https://vms.k3i-korlantas.id/K3i/2025/MGT-011_Takeran.stream/playlist.m3u8,cctv_1118F5CD2-65,Arteri,Yes,ONLINE,"15,84",VMS,HTTP 502,Unhealthy
137,2026-06-21 08:07:04,BAGOPS,KORLANTAS - TMC,TMC 2025,Polda Jawa Timur,Selosari,vms.k3i-korlantas.id,"-7,65676","111,31862",https://vms.k3i-korlantas.id/K3i/2025/MGT-010_Selosari.stream/playlist.m3u8,cctv_1118F5CD2-66,Arteri,Yes,ONLINE,"23,5",VMS,HTTP 502,Unhealthy
138,2026-06-21 08:06:56,BAGOPS,KORLANTAS - TMC,TMC 2025,Polda Jawa Timur,Cemoro Sewu,vms.k3i-korlantas.id,"-7,6647291","111,1917123",https://vms.k3i-korlantas.id/K3i/2025/MGT-001_Cemoro_Sewu.stream/playlist.m3u8,cctv_1118F5CD2-67,Arteri,Yes,ONLINE,"20,95",VMS,HTTP 502,Unhealthy
139,2026-06-21 08:06:56,BAGOPS,KORLANTAS - TMC,TMC 2025,Polda Jawa Timur,Simpang 3 Sidorejo,vms.k3i-korlantas.id,"-7,6568563","111,279848",https://vms.k3i-korlantas.id/K3i/2025/MGT-003_Simpang_3_Sidorejo.stream/playlist.m3u8,cctv_1118F5CD2-68,Arteri,Yes,ONLINE,"18,3",VMS,HTTP 502,Unhealthy
140,2026-06-21 08:06:53,BAGOPS,KORLANTAS - TMC,TMC 2025,Polda Jawa Timur,Taman Ria,vms.k3i-korlantas.id,"-7,6153513","111,463685",https://vms.k3i-korlantas.id/K3i/2025/MGT-004_Taman_Ria.stream/playlist.m3u8,cctv_1118F5CD2-69,Arteri,Yes,ONLINE,23,VMS,HTTP 502,Unhealthy
141,2026-06-21 08:06:52,BAGOPS,KORLANTAS - RTMC,RTMC 2025,Polda Kalimantan Utara,Simpang Stadion (Malinau),vms.k3i-korlantas.id,"3,564414","116,612907",https://vms.k3i-korlantas.id/K3i/2025/KALTARA-011_Monitoring_SP_4_Stadion_Malinau.stream/playlist.m3u8,cctv_1118F5CD2-7,Arteri,Yes,ONLINE,"21,07",VMS,HTTP 502,Unhealthy
142,2026-06-21 08:06:56,BAGOPS,KORLANTAS - TMC,TMC 2025,Polda Jawa Timur,Desa Baluk magetan/ngawi,vms.k3i-korlantas.id,"-7,5346989","111,4301356",https://vms.k3i-korlantas.id/K3i/2025/MGT-002_Desa_Baluk_magetan-ngawi.stream/playlist.m3u8,cctv_1118F5CD2-70,Arteri,No,ONLINE,"21,19",VMS,HTTP 502,Unhealthy
143,2026-06-21 08:06:56,BAGOPS,KORLANTAS - TMC,TMC 2025,Polda Jawa Timur,Sp 4 Kawedanan,vms.k3i-korlantas.id,"-7,6824153","111,4177297",https://vms.k3i-korlantas.id/K3i/2025/MGT-006_Sp_4_Kawedanan.stream/playlist.m3u8,cctv_1118F5CD2-71,Arteri,Yes,ONLINE,"21,95",VMS,HTTP 502,Unhealthy
144,2026-06-21 08:06:56,BAGOPS,KORLANTAS - TMC,TMC 2025,Polda Jawa Timur,Terminal Maos Pati,vms.k3i-korlantas.id,"-7,596985","111,427812",https://vms.k3i-korlantas.id/K3i/2025/MGT-007_Terminal_Maos_Pati.stream/playlist.m3u8,cctv_1118F5CD2-72,Arteri,Yes,ONLINE,"12,81",VMS,HTTP 502,Unhealthy
145,2026-06-21 08:06:56,BAGOPS,KORLANTAS - TMC,TMC 2025,Polda Jawa Timur,Karang Rejo,vms.k3i-korlantas.id,"-7,5690133","111,4240386",https://vms.k3i-korlantas.id/K3i/2025/MGT-005_Karang_Rejo.stream/playlist.m3u8,cctv_1118F5CD2-73,Arteri,Yes,ONLINE,"22,48",VMS,HTTP 502,Unhealthy
146,2026-06-21 08:06:56,BAGOPS,KORLANTAS - RTMC,RTMC 2025,Polda Kalimantan Utara,SP 3. TJ Selor POROS MALINAU,vms.k3i-korlantas.id,"2,8071758","117,407842",https://vms.k3i-korlantas.id/K3i/2025/KALTARA-008_Monitoring_SP_3_KM_2_Poros-Malinau.stream/playlist.m3u8,cctv_1118F5CD2-8,Arteri,Yes,ONLINE,"16,75",VMS,HTTP 502,Unhealthy
147,2026-06-21 08:06:57,BAGOPS,KORLANTAS - RTMC,RTMC 2025,Polda Kalimantan Utara,Analitik KM 2 Jl. Poros Malinau,vms.k3i-korlantas.id,"2,806856","117,407844",https://vms.k3i-korlantas.id/K3i/2025/KALTARA-002_Analytic_KM_2_Poros_Bulungan_Malinau.stream/playlist.m3u8,cctv_1118F5CD2-9,Arteri,Yes,ONLINE,"15,86",VMS,HTTP 502,Unhealthy
148,2026-06-21 08:06:57,BAGOPS,KORLANTAS - RTMC,HARWAT RTMC 4 POLDA,Polda Kalimantan Barat,Bundaran Transmart,vms.k3i-korlantas.id,"-0,078945","109,36724",https://vms.k3i-korlantas.id/K3i/2024/KLBR-007_Bundaran_Transmart.stream/playlist.m3u8,cctv_112c0350-b4d8-416f-8282-acc1a24773f0,Arteri,No,ONLINE,"16,25",VMS,HTTP 502,Unhealthy
149,2026-06-21 08:06:57,BAGOPS,KORLANTAS - TMC,TMC 8 POLRES,Polda Lampung,Simpang Fly Over Kemiling,vms.k3i-korlantas.id,"-5,392248","105,214613",https://vms.k3i-korlantas.id/K3i/2020/BLPG-011_Kemiling.stream/playlist.m3u8,cctv_1170d749-8ec8-4656-984d-20b967c23f4f,Arteri,No,ONLINE,"28,48",VMS,HTTP 502,Unhealthy
150,2026-06-21 08:06:57,BAGOPS,KORLANTAS - RTMC,RTMC 7 POLDA,Polda Metro Jaya,TL Olimo,vms.k3i-korlantas.id,"-6,14991","106,817",https://vms.k3i-korlantas.id/K3i/METRO/056_TL+Olimo.stream/playlist.m3u8,cctv_11d7332d-1120-4b8b-accb-93a3b62ec111,Arteri,Yes,ONLINE,"19,84",VMS,HTTP 502,Unhealthy
151,2026-06-21 08:06:59,BAGOPS,KORLANTAS - TMC,TMC 8 POLRES,Polda Jawa Barat,Monitoring KM 208,10.45.42.19,"-6,7782941","108,5687939",rtsp://onvif:lantas123!!@10.45.42.19:554/live/F27F0D11-A8D4-4E2A-8BD8-6EF0797E57F6,cctv_1227a7a0-1695-448e-b985-f353b253af51,Arteri,Yes,OFFLINE,N/A,RTSP,Video mengalir (7 segmen),Healthy
152,2026-06-21 08:06:57,BAGOPS,KORLANTAS - RTMC,RTMC 3 POLDA,Polda Maluku,Depan Masjid Al Fattah,vms.k3i-korlantas.id,"-3,69670773","128,1782506",https://vms.k3i-korlantas.id/K3i/2022/MALUKU-008_Depan_Masjid_Al_Fattah.stream/playlist.m3u8,cctv_1258f930-c152-4a8a-9ca8-b19cac10c809,Arteri,No,ONLINE,"36,15",VMS,HTTP 502,Unhealthy
153,2026-06-21 08:06:57,BAGOPS,KORLANTAS - TMC,TMC 4 POLRES TA 2024,Polda Banten,Simpang Pos Cilegon Timur,vms.k3i-korlantas.id,"-6,02514067","106,0857515",https://vms.k3i-korlantas.id/K3i/2024/CLG-010_Simpang_Pos_Cilegon_Timur.stream/playlist.m3u8,cctv_1294ab99-4ebe-49ce-bd13-70796e24635c,Arteri,No,ONLINE,"14,96",VMS,HTTP 502,Unhealthy
154,2026-06-21 08:06:59,BAGOPS,KORLANTAS - TMC,TMC 8 POLRES,Polda Jawa Tengah,Pos Pol Gombong,10.45.42.19,"-7,608292","109,509366",rtsp://onvif:lantas123!!@10.45.42.19:554/live/E264ED1B-7192-48F3-8368-51E1EF926E22,cctv_12ba751c-f9dd-4588-85fb-a5312a6eabef,Arteri,Yes,OFFLINE,N/A,RTSP,Video mengalir (7 segmen),Healthy
155,2026-06-21 08:06:58,BAGOPS,KORLANTAS - RTMC,RTMC 6 POLDA,Polda Banten,SP. Cibebek FIX,vms.k3i-korlantas.id,"-6,152","106,190167",https://vms.k3i-korlantas.id/K3i/6POLDA/BNT-003_SP_Cibebek_FIX.stream/playlist.m3u8,cctv_12c15d05-5653-43ed-b129-38dac72d1d9c,Arteri,No,ONLINE,"16,1",VMS,HTTP 502,Unhealthy
156,2026-06-21 08:06:58,BAGOPS,KORLANTAS - RTMC,HARWAT RTMC 4 POLDA,Polda Kalimantan Barat,Simpang Pajak,vms.k3i-korlantas.id,"-0,04723325","109,3428113",https://vms.k3i-korlantas.id/K3i/2024/KLBR-005_Sp._Pajak.stream/playlist.m3u8,cctv_1340362e-b433-4b70-add5-bf91cd48b302,Arteri,No,ONLINE,"14,96",VMS,HTTP 502,Unhealthy
157,2026-06-21 08:06:58,BAGOPS,KORLANTAS - RTMC,RTMC 6 POLDA,Polda Banten,Banten 4 (Warung Pojok) FIX 1,vms.k3i-korlantas.id,"-6,125474","106,164007",https://vms.k3i-korlantas.id/K3i/6POLDA/BNT-027_Banten_4-Warung_Pojok-FIX_1.stream/playlist.m3u8,cctv_13613a9f-497c-4072-86f5-79302675e086,Arteri,No,ONLINE,"26,27",VMS,HTTP 502,Unhealthy
158,2026-06-21 08:06:58,BAGOPS,KORLANTAS - RTMC,RTMC 3 POLDA,Polda Bengkulu,Simpang 4 Nakau,vms.k3i-korlantas.id,"-3,78524","102,323486",https://vms.k3i-korlantas.id/K3i/2RTMC-2TMC/PRP-012_Simpang_CU_Lama_Jl_Bau_Massepe.stream/playlist.m3u8,cctv_14406de9-4f82-4e85-808d-7f5efb203290,Arteri,Yes,ONLINE,"29,66",VMS,HTTP 502,Unhealthy
159,2026-06-21 08:06:58,BAGOPS,KORLANTAS - RTMC,RTMC 6 POLDA,Polda Sulawesi Utara,Pos polisi,vms.k3i-korlantas.id,"1,46622","124,83996",https://vms.k3i-korlantas.id/K3i/6POLDA/SLT-012_Pos_polisi.stream/playlist.m3u8,cctv_144f1f61-dc10-43ea-8920-ade0d6b3d8a3,Arteri,No,ONLINE,"47,03",VMS,HTTP 502,Unhealthy
160,2026-06-21 08:06:58,BAGOPS,KORLANTAS - RTMC,RTMC 7 POLDA,Polda Sumatera Selatan,Simpang 4 Bandara,vms.k3i-korlantas.id,"-2,9232433","104,711424",https://vms.k3i-korlantas.id/K3i/SUMSEL/230_Simpang_4_Bandara.stream/playlist.m3u8,cctv_146e9315-9194-4e3f-8d6b-ac0905ceb42a,Arteri,Yes,ONLINE,"17,78",VMS,HTTP 502,Unhealthy
161,2026-06-21 08:06:59,BAGOPS,KORLANTAS - RTMC,RTMC 3 POLDA,Polda Kepulauan Riau,SP Panbil Mall,vms.k3i-korlantas.id,"1,0710322","104,0244462",https://vms.k3i-korlantas.id/K3i/2022/KEPRI-006_SP_4_Panbil.stream/playlist.m3u8,cctv_149fe9f2-ca00-4543-ac89-426b508c60c4,Arteri,Yes,ONLINE,"39,38",VMS,HTTP 502,Unhealthy
162,2026-06-21 08:06:59,BAGOPS,KORLANTAS - TMC,TMC 4 POLRES TA 2024,Polda Banten,Arah Masuk Pelabuhan Merak,vms.k3i-korlantas.id,"-5,936005","106,00215",https://vms.k3i-korlantas.id/K3i/2024/CLG-003_Pel_Merak_Masuk.stream/playlist.m3u8,cctv_15052b66-9553-4431-8523-da75757ff136,Arteri,Yes,ONLINE,"45,17",VMS,HTTP 502,Unhealthy
163,2026-06-21 08:06:59,BAGOPS,KORLANTAS - TMC,TMC 4 POLRES TA 2024,Polda Jawa Tengah,SP 3 TAPE KETAN MUNTILAN,vms.k3i-korlantas.id,"-7,590682","110,29117",https://vms.k3i-korlantas.id/K3i/2024/MGG-011_Tape_Ketan.stream/playlist.m3u8,cctv_1531862e-177a-4bfb-b0da-e0413a10345c,Arteri,Yes,ONLINE,"14,55",VMS,HTTP 502,Unhealthy
164,2026-06-21 08:06:59,BAGOPS,KORLANTAS - TMC,TMC 8 POLRES,Polda Jambi,Simpang Pal 10 (Polsek Kota Baru) 1,vms.k3i-korlantas.id,"-1,670197","103,595373",https://vms.k3i-korlantas.id/K3i/2020/JMB-018_SP_Pal_10_1.stream/playlist.m3u8,cctv_1534457c-7bf4-4dde-aab1-73a0894cefb7,Arteri,No,ONLINE,"22,46",VMS,HTTP 502,Unhealthy
165,2026-06-21 08:07:01,BAGOPS,KORLANTAS - TMC,TMC 8 POLRES,Polda Jawa Tengah,Pasar Kutowinangun Baru,10.45.42.19,"-7,721092","109,739566",rtsp://onvif:lantas123!!@10.45.42.19:554/live/DA5266DD-53F6-4A9F-A99D-A0AD6E91A8F5,cctv_1552abf7-ca19-419d-b7fd-aeb409c473ea,Arteri,Yes,OFFLINE,N/A,RTSP,Video mengalir (7 segmen),Healthy
166,2026-06-21 08:06:59,BAGOPS,KORLANTAS - TMC,TMC 8 POLRES,Polda Jawa Timur,Simpang 3 Sumber,vms.k3i-korlantas.id,"-7,166023","112,614567",https://vms.k3i-korlantas.id/K3i/2020/GRSK-013_Simpang_3_Sumber.stream/playlist.m3u8,cctv_155dd25e-c19e-4839-baa8-46d6d4946991,Arteri,No,ONLINE,"39,64",VMS,HTTP 502,Unhealthy
167,2026-06-21 08:06:59,BAGOPS,KORLANTAS - RTMC,RTMC 7 POLDA,Polda Jawa Tengah,Temanggung Parakan,vms.k3i-korlantas.id,"-7,28423","110,10975",https://vms.k3i-korlantas.id/K3i/JATENG/161_Temanggung_Parakan.stream/playlist.m3u8,cctv_15c224d4-b3c2-49d8-a479-302b3565639b,Arteri,Yes,ONLINE,"39,95",VMS,HTTP 502,Unhealthy
168,2026-06-21 08:07:01,BAGOPS,KORLANTAS - TMC,TMC 3 POLRES TA 2022,Polda Sumatera Utara,Kota Aek Kanopan,172.16.60.3,"2,571215","99,6531329",rtsp://onvif:lantas123!!@172.16.60.3:554/live/750F8843-8AA3-44BC-8685-6C2825C6C995,cctv_15d995c3-1ba3-47d9-b621-e5e506a4e0a2,Arteri,No,OFFLINE,N/A,RTSP,BE 400 (stream tidak tersedia),Unhealthy
169,2026-06-21 08:06:59,BAGOPS,KORLANTAS - TMC,TMC 8 POLRES,Polda Jawa Timur,Simpang 4 GNI,vms.k3i-korlantas.id,"-7,161909","112,655256",https://vms.k3i-korlantas.id/K3i/2020/GRSK-017_Simpang_4_GNI.stream/playlist.m3u8,cctv_15fce24e-ceea-4adb-a6a1-71b940b89809,Arteri,No,ONLINE,"24,92",VMS,HTTP 502,Unhealthy
170,2026-06-21 08:07:00,BAGOPS,KORLANTAS - RTMC,RTMC 3 POLDA,Polda Aceh,Kota Bireun,vms.k3i-korlantas.id,"5,2016598","96,702081",https://vms.k3i-korlantas.id/K3i/2021/ACEH_001_Kota_Bireun.stream/playlist.m3u8,cctv_1637ddc8-09d8-4a6b-bc85-7d18cb15ed7e,Arteri,Yes,ONLINE,"18,48",VMS,HTTP 502,Unhealthy
171,2026-06-21 08:06:58,BAGOPS,KORLANTAS - RTMC,RTMC 7 POLDA,Polda Kalimantan Barat,CCTV ENTIKONG 1 (DOM),10.45.67.6,"0,98588","110,35163",rtsp://operator:Qwerty654321@@10.45.67.6:554/Streaming/Channels/102/,cctv_16480fdc-6b57-470c-9b6b-5f5cb49fe01e,Arteri,No,OFFLINE,N/A,RTSP,BE 400 (stream tidak tersedia),Unhealthy
172,2026-06-21 08:06:59,BAGOPS,KORLANTAS - TMC,TMC 8 POLRES,Polda Sulawesi Tenggara,SP 4 Ace/Informa,10.45.42.19,"-7,6081985","109,5071287",rtsp://onvif:lantas123!!@10.45.42.19:554/live/E7BDCB82-D70C-41C1-903E-D1F985FADE6E,cctv_1659e5a9-37c6-47e0-af7e-2b61b2dd800d,Arteri,No,OFFLINE,N/A,RTSP,BE 400 (stream tidak tersedia),Unhealthy
173,2026-06-21 08:06:58,BAGOPS,KORLANTAS - TMC,TMC 3 POLRES TA 2022,Polda Sumatera Utara,Depan Komplek Taman Rivera Kec. Tanjung Morawa,172.16.60.3,"3,53178938","98,74379908",rtsp://onvif:lantas123!!@172.16.60.3:554/live/6E8EB676-372B-45C7-9DAE-FD1E3697EA43,cctv_17034d22-748e-45c6-9c37-4288520efc86,Arteri,No,OFFLINE,N/A,RTSP,BE 400 (stream tidak tersedia),Unhealthy
174,2026-06-21 08:06:56,BAGOPS,KORLANTAS - RTMC,RTMC 7 POLDA,Polda Jawa Barat,Pospol Cileunyi,vms.k3i-korlantas.id,"-6,94131","107,7546",https://vms.k3i-korlantas.id/K3i/JABAR/100_Pos_Pol_Cileunyi.stream/playlist.m3u8,cctv_180e3567-185a-406e-b201-74f9378d3431,Arteri,No,ONLINE,"20,92",VMS,HTTP 502,Unhealthy
175,2026-06-21 08:06:58,BAGOPS,KORLANTAS - TMC,TMC 3 POLRES TA 2022,Polda Sumatera Utara,Medan – Tebing tinggi (Sungai Ular ),172.16.60.3,"3,5663527","98,9326576",rtsp://onvif:lantas123!!@172.16.60.3:554/live/06183AE6-EF23-48BB-84D0-8EB1362B79D8,cctv_182c601f-3a3a-4d1b-9a57-d968330eb6d8,Arteri,No,OFFLINE,N/A,RTSP,BE 400 (stream tidak tersedia),Unhealthy
176,2026-06-21 08:06:56,BAGOPS,KORLANTAS - TMC,TMC 8 POLRES,Polda Sumatera Barat,Simpang Ujung gurun 2,vms.k3i-korlantas.id,"-0,9340054","100,3612286",https://vms.k3i-korlantas.id/K3i/2020/PDG-020_ujung_gurun2.stream/playlist.m3u8,cctv_18911f27-c1f6-4ace-bb97-ce0550dc1aaf,Arteri,No,ONLINE,"14,99",VMS,HTTP 502,Unhealthy
177,2026-06-21 08:06:56,BAGOPS,KORLANTAS - RTMC,RTMC 7 POLDA,Polda Metro Jaya,TL Kebon Sirih,vms.k3i-korlantas.id,"-6,18313","106,82279",https://vms.k3i-korlantas.id/K3i/METRO/021_TL+Kebon+Sirih.stream/playlist.m3u8,cctv_189b2d28-a243-46fd-aa4a-8969122c70d1,Arteri,Yes,ONLINE,"14,38",VMS,HTTP 502,Unhealthy
178,2026-06-21 08:06:57,BAGOPS,KORLANTAS - TMC,TMC 3 POLRES TA 2022,Polda Jawa Tengah,Simpang 4 Bank Indonesia,vms.k3i-korlantas.id,"-7,5708","110,83008",https://vms.k3i-korlantas.id/K3i/2RTMC-2TMC/SUMUT-009_Simp_Aek_Riung.stream/playlist.m3u8,cctv_18a7b12b-f5ba-43c8-9ce8-69afee6ed4d1,Arteri,Yes,ONLINE,"13,98",VMS,HTTP 502,Unhealthy
179,2026-06-21 08:07:00,BAGOPS,KORLANTAS - TMC,TMC 8 POLRES,Polda Sulawesi Tenggara,SP Adibahasa,10.45.42.19,"-7,549956","110,787958",rtsp://onvif:lantas123!!@10.45.42.19:554/live/84272A6A-31A4-4005-AC0A-3BBDD6D38207,cctv_19457324-7d5d-4698-b8cb-c07d3372b186,Arteri,Yes,OFFLINE,N/A,RTSP,BE 400 (stream tidak tersedia),Unhealthy
180,2026-06-21 08:06:57,BAGOPS,KORLANTAS - TMC,TMC 3 POLRES TA 2022,Polda Jawa Tengah,Bundaran Gladak,vms.k3i-korlantas.id,"-7,5726269","110,8295456",https://vms.k3i-korlantas.id/K3i/2RTMC-2TMC/DLS-010_Medan_Tebing_tinggi_Kim_Star.stream/playlist.m3u8,cctv_194cd351-3269-4d6d-8f7f-ccfa1faafb21,Arteri,No,ONLINE,"16,25",VMS,HTTP 502,Unhealthy
181,2026-06-21 08:07:00,BAGOPS,KORLANTAS - TMC,TMC 8 POLRES,Polda Kalimantan Timur,Batu Ampar,10.45.42.19,"-1,222353","116,86424",rtsp://onvif:lantas123!!@10.45.42.19:554/live/B478E91A-BA09-4A28-9275-53A3EE6E42B9,cctv_19a36e2c-68a4-45d6-8f45-00058fdc31e2,Arteri,No,OFFLINE,N/A,RTSP,BE 400 (stream tidak tersedia),Unhealthy
182,2026-06-21 08:06:57,BAGOPS,KORLANTAS - RTMC,RTMC 7 POLDA,Polda Banten,Merak Tower Air,vms.k3i-korlantas.id,"-5,93107349","105,9982758",https://vms.k3i-korlantas.id/K3i/METRO/028_Merak.stream/playlist.m3u8,cctv_19c03a88-f73c-4a81-ae97-8f3c4685a489,Arteri,Yes,ONLINE,"15,11",VMS,HTTP 502,Unhealthy
183,2026-06-21 08:06:57,BAGOPS,KORLANTAS - RTMC,RTMC 6 POLDA,Polda Riau,Gurindam 2 A,vms.k3i-korlantas.id,"0,5104994","101,4492916",https://vms.k3i-korlantas.id/K3i/6POLDA/RIAU-020_Gurindam_2_A.stream/playlist.m3u8,cctv_1a723dec-d447-4032-93db-8ee86d1fe1ec,Arteri,No,ONLINE,"25,6",VMS,HTTP 502,Unhealthy
184,2026-06-21 08:06:57,BAGOPS,KORLANTAS - TMC,TMC 8 POLRES,Polda Jawa Timur,Simpang 3 exit tol manyar,vms.k3i-korlantas.id,"-7,123441","112,606616",https://vms.k3i-korlantas.id/K3i/2020/GRSK-011_Simpang_3_Exit_Tol_Manyar.stream/playlist.m3u8,cctv_1aa632ea-7524-41e1-95e1-af392116504b,Arteri,No,ONLINE,"16,68",VMS,HTTP 502,Unhealthy
185,2026-06-21 08:06:58,BAGOPS,KORLANTAS - RTMC,RTMC 3 POLDA,Polda Nusa Tenggara Barat,Simpang 4 Aston,vms.k3i-korlantas.id,"-8,5883595","116,1174092",https://vms.k3i-korlantas.id/K3i/2021/NTB-009_Simpang_Aston.stream/playlist.m3u8,cctv_1aeaba52-7abe-45c3-ba91-d98507143166,Arteri,No,ONLINE,"22,33",VMS,HTTP 502,Unhealthy
186,2026-06-21 08:06:58,BAGOPS,KORLANTAS - TMC,TMC 8 POLRES,Polda Jawa Timur,Simpang 5 Sukorame,vms.k3i-korlantas.id,"-7,160735","112,646921",https://vms.k3i-korlantas.id/K3i/2020/GRSK-020_Simpang_5_Sukorame.stream/playlist.m3u8,cctv_1b6e7279-0405-42dd-baa3-36b5e7ac676a,Arteri,No,ONLINE,"19,87",VMS,HTTP 502,Unhealthy
187,2026-06-21 08:06:58,BAGOPS,KORLANTAS - RTMC,RTMC 7 POLDA,Polda Banten,Merak Tol Cilegon Barat,vms.k3i-korlantas.id,"-5,98514","106,03583",https://vms.k3i-korlantas.id/K3i/METRO/033_Merak+Tol+Cilegon+Barat.stream/playlist.m3u8,cctv_1bf465b8-0aa8-440f-89a4-caba3f5fe8c7,Arteri,Yes,ONLINE,"16,52",VMS,HTTP 502,Unhealthy
188,2026-06-21 08:06:58,BAGOPS,KORLANTAS - RTMC,RTMC 7 POLDA,Polda Bali,Simpang 4 Krobokan,vms.k3i-korlantas.id,"-8,67224","115,16482",https://vms.k3i-korlantas.id/K3i/BALI/209_Simpang_4_Krobokan.stream/playlist.m3u8,cctv_1bf9b77c-9ee4-4fcc-bdd2-272562535909,Arteri,Yes,ONLINE,"28,09",VMS,HTTP 502,Unhealthy
189,2026-06-21 08:06:58,BAGOPS,KORLANTAS - RTMC,RTMC 6 POLDA,Polda Bangka Belitung,SP. Adox 2 FIX 1,vms.k3i-korlantas.id,"-2,1405","106,14525",https://vms.k3i-korlantas.id/K3i/6POLDA/BBL-011_SP_Adox_2_FIX_1.stream/playlist.m3u8,cctv_1c1c6fd9-ede4-4024-b5a5-f54195d27959,Arteri,No,ONLINE,"21,78",VMS,HTTP 502,Unhealthy
190,2026-06-21 08:06:58,BAGOPS,KORLANTAS - TMC,TMC 3 POLRES TA 2022,Polda Jawa Tengah,Simpang 4 Koramil Pasar Kliwon,vms.k3i-korlantas.id,"-7,57489","110,83717",https://vms.k3i-korlantas.id/K3i/2RTMC-2TMC/DLS-011_Medan_Tebing_tinggi_Rel_Kereta_Api_Lubukpakam.stream/playlist.m3u8,cctv_1c3eca87-b307-4f04-8738-d3a1e0e50ef4,Arteri,Yes,ONLINE,"44,11",VMS,HTTP 502,Unhealthy
191,2026-06-21 08:07:00,BAGOPS,KORLANTAS - TMC,TMC 3 POLRES TA 2022,Polda Sumatera Utara,"Lewat Mesjid Takwa, sebelum kantor nasdem. Jl. Tanjung Morawa - Lubuk Pakam",172.16.60.3,"3,5526583","98,8454819",rtsp://onvif:lantas123!!@172.16.60.3:554/live/AD5853DA-F621-4C7A-86D7-93742935758E,cctv_1c89eef1-0531-4490-8942-e69461965e0f,Arteri,No,OFFLINE,N/A,RTSP,BE 400 (stream tidak tersedia),Unhealthy
192,2026-06-21 08:06:59,BAGOPS,KORLANTAS - RTMC,RTMC 3 POLDA,Polda Nusa Tenggara Barat,Bundaran Mong,vms.k3i-korlantas.id,"-8,8752166","116,2776987",https://vms.k3i-korlantas.id/K3i/2021/NTB-003_Bundaran_Mong.stream/playlist.m3u8,cctv_1cf7aaf7-f3cf-4591-8650-9473da4b8a73,Arteri,Yes,ONLINE,"35,78",VMS,HTTP 502,Unhealthy
193,2026-06-21 08:06:59,BAGOPS,KORLANTAS - RTMC,RTMC 6 POLDA,Polda Maluku Utara,SP DUFA-DUFA FIX ETLE,vms.k3i-korlantas.id,"0,81808","127,384948",https://vms.k3i-korlantas.id/K3i/6POLDA/MLT-001_Sp_Dufa-Dufa_Fix_Etle.stream/playlist.m3u8,cctv_1d5b7124-ac53-4d3e-b0fd-3963819852e2,Arteri,No,ONLINE,"41,03",VMS,HTTP 502,Unhealthy
194,2026-06-21 08:06:59,BAGOPS,KORLANTAS - RTMC,RTMC 3 POLDA,Polda Maluku,Polda Lama,vms.k3i-korlantas.id,"-3,6984469","128,1857561",https://vms.k3i-korlantas.id/K3i/2022/MALUKU-004_Polda_Lama.stream/playlist.m3u8,cctv_1d8918be-8304-4279-b0e7-7c475eedb283,Arteri,No,ONLINE,"14,69",VMS,HTTP 502,Unhealthy
195,2026-06-21 08:06:59,BAGOPS,KORLANTAS - RTMC,RTMC 6 POLDA,Polda Sulawesi Utara,ST. Kalabat,vms.k3i-korlantas.id,"1,45868","124,83785",https://vms.k3i-korlantas.id/K3i/6POLDA/SLT-007_ST_Kalabat.stream/playlist.m3u8,cctv_1da2662c-4ffa-4bb5-9db3-ec158173601f,Arteri,No,ONLINE,"26,01",VMS,HTTP 502,Unhealthy
196,2026-06-21 08:06:59,BAGOPS,KORLANTAS - TMC,TMC 3 POLRES TA 2022,Polda Sulawesi Selatan,JL. BAWAKARAENG / LATIMOJONG,vms.k3i-korlantas.id,"-5,135187","119,419762",https://vms.k3i-korlantas.id/K3i/SURAKARTA/SKT-051_Simpang-Empat-Masjid-Mujahidin.stream/playlist.m3u8,cctv_1dd2c997-9ae6-44a5-b362-97ea58ef5ac2,Arteri,No,ONLINE,"43,56",VMS,HTTP 502,Unhealthy
197,2026-06-21 08:07:01,BAGOPS,KORLANTAS - TMC,TMC 3 POLRES TA 2022,Polda Sumatera Utara,Simpang tiga siantar depan timbangan,172.16.60.3,"2,9318178","99,0462653",rtsp://onvif:lantas123!!@172.16.60.3:554/live/4C4BBFB2-48C0-412A-906C-70DCC397ABF1,cctv_1e83de63-5485-4802-be21-9eb41d0d9c98,Arteri,No,OFFLINE,N/A,RTSP,BE 400 (stream tidak tersedia),Unhealthy
198,2026-06-21 08:07:01,BAGOPS,KORLANTAS - TMC,TMC 3 POLRES TA 2022,Polda Sumatera Utara,GREENHILL,172.16.60.3,"3,2826623","98,5560645",rtsp://onvif:lantas123!!@172.16.60.3:554/live/026053D0-A149-4744-BEC0-A96A90F87099,cctv_1e87d12c-4a4b-4598-ade4-8e32b3f05be4,Arteri,No,OFFLINE,N/A,RTSP,BE 400 (stream tidak tersedia),Unhealthy
199,2026-06-21 08:07:02,BAGOPS,KORLANTAS - TMC,TMC 8 POLRES,Polda Kalimantan Timur,Pos Pantau Rapak,10.45.42.19,"-1,241906","116,8353294",rtsp://onvif:lantas123!!@10.45.42.19:554/live/E6A9E516-FAD8-4B7C-BBE4-40C6E1841D72,cctv_1ee950b7-eb45-489b-9b94-9e584df185ec,Arteri,No,OFFLINE,N/A,RTSP,BE 400 (stream tidak tersedia),Unhealthy
200,2026-06-21 08:06:59,BAGOPS,KORLANTAS - TMC,TMC 3 POLRES TA 2022,Polda Jawa Tengah,Simpang 4 Kerten,vms.k3i-korlantas.id,"-7,56061448","110,7904833",https://vms.k3i-korlantas.id/K3i/2RTMC-2TMC/SUMUT-012_Pasar_Horas_Arah_Medan.stream/playlist.m3u8,cctv_1eef4f18-5baa-47fb-8b19-6d3b24354b88,Arteri,No,ONLINE,"15,63",VMS,HTTP 502,Unhealthy
201,2026-06-21 08:07:00,BAGOPS,KORLANTAS - TMC,TMC 3 POLRES TA 2022,Polda Sumatera Utara,Saribudolok Monitoring,vms.k3i-korlantas.id,"2,93807778","98,61241953",https://vms.k3i-korlantas.id/K3i/2023/SML-002_Saribudolok_Monitoring.stream/playlist.m3u8,cctv_1f78318a-3fc5-4798-bbcd-1d7f615bfd5a,Arteri,No,ONLINE,"15,18",VMS,HTTP 502,Unhealthy
202,2026-06-21 08:07:02,BAGOPS,KORLANTAS - RTMC,HARWAT RTMC 4 POLDA,Polda Sulawesi Tenggara,Bundaran Tank,vms.k3i-korlantas.id,"-4,00182","122,53322",https://vms.k3i-korlantas.id/K3i/2024/SLTR-004_Bundaran_Tank.stream/playlist.m3u8,cctv_1fb36bf5-ea5f-4d79-ab77-f596036a4508,Arteri,No,ONLINE,"20,1",VMS,HTTP 502,Unhealthy
203,2026-06-21 08:07:02,BAGOPS,KORLANTAS - RTMC,HARWAT RTMC 4 POLDA,Polda Kalimantan Tengah,Lingkar luar polsek sebangau,vms.k3i-korlantas.id,"-2,27876","113,98888",https://vms.k3i-korlantas.id/K3i/2024/KLTG-003_Lingkar_Luar_Polsek_Sebangau.stream/playlist.m3u8,cctv_200bb403-49ac-400e-ba3a-db4ac8e8348a,Arteri,No,ONLINE,"15,53",VMS,HTTP 502,Unhealthy
204,2026-06-21 08:07:02,BAGOPS,KORLANTAS - TMC,TMC 3 POLRES TA 2023,Polda Jawa Tengah,Dpn Hartono Mall,vms.k3i-korlantas.id,"-7,600243","110,814242",https://vms.k3i-korlantas.id/K3i/2022/SKH-005_Depan_Hartono_Mal.stream/playlist.m3u8,cctv_2043a75c-a15d-4b4b-bdf2-6b52f5d92324,Arteri,No,ONLINE,"37,12",VMS,HTTP 502,Unhealthy
205,2026-06-21 08:07:02,BAGOPS,KORLANTAS - RTMC,RTMC 6 POLDA,Polda Kalimantan Timur,Depan Polsek Bandara FIX 1,vms.k3i-korlantas.id,"-1,25773","116,9042",https://vms.k3i-korlantas.id/K3i/6POLDA/KTM-018_Depan_Polsek_Bandara_FIX_1.stream/playlist.m3u8,cctv_2067239e-ba52-432b-b551-d9d9e8595870,Arteri,No,ONLINE,"16,45",VMS,HTTP 502,Unhealthy
206,2026-06-21 08:07:04,BAGOPS,KORLANTAS - TMC,TMC 8 POLRES,Polda Jawa Tengah,Monitoring SP Guyangan,10.45.42.19,"-7,649998","109,585597",rtsp://onvif:lantas123!!@10.45.42.19:554/live/D6974CD3-C562-438F-A569-D1A42DD76383,cctv_20691139-7c7f-46ca-b11c-cd40e9e79aea,Arteri,Yes,OFFLINE,N/A,RTSP,Video mengalir (7 segmen),Healthy
207,2026-06-21 08:07:02,BAGOPS,KORLANTAS - RTMC,RTMC 7 POLDA,Polda Metro Jaya,TL Giant Bekasi,vms.k3i-korlantas.id,"-6,24906762","106,9921367",https://vms.k3i-korlantas.id/K3i/METRO/071_TL+Giant+Bekasi.stream/playlist.m3u8,cctv_209cacbd-0160-44b3-8883-be6276e13ca5,Arteri,Yes,ONLINE,"22,85",VMS,HTTP 502,Unhealthy
208,2026-06-21 08:07:02,BAGOPS,KORLANTAS - RTMC,RTMC 6 POLDA,Polda Riau,Mall Ciputra,vms.k3i-korlantas.id,"0,5351578","101,43041",https://vms.k3i-korlantas.id/K3i/6POLDA/RIAU-030_Mall_Ciputra.stream/playlist.m3u8,cctv_20d806b4-6ddf-4505-ae9f-a026fb1bf571,Arteri,No,ONLINE,"41,03",VMS,HTTP 502,Unhealthy
209,2026-06-21 08:07:04,BAGOPS,KORLANTAS - TMC,TMC 8 POLRES,Polda Jawa Barat,SP Taman Krucuk,10.45.42.19,"-6,6990806","108,5545363",rtsp://onvif:lantas123!!@10.45.42.19:554/live/490388DB-8726-4C5B-B0F8-CE184AB29BCF,cctv_211d3720-ee2a-4658-b7c2-a79c6a3a87bc,Arteri,Yes,OFFLINE,N/A,RTSP,Video mengalir (7 segmen),Healthy
210,2026-06-21 08:07:02,BAGOPS,KORLANTAS - RTMC,RTMC 3 POLDA,Polda Aceh,Kota Langsa Aceh,vms.k3i-korlantas.id,"4,471207","97,9676266",https://vms.k3i-korlantas.id/K3i/2021/ACEH_004_Langsa_Kota_Aceh.stream/playlist.m3u8,cctv_2134eaf8-d808-4781-adc9-08492de709cd,Arteri,No,ONLINE,"22,22",VMS,HTTP 502,Unhealthy
211,2026-06-21 08:07:02,BAGOPS,KORLANTAS - RTMC,RTMC 3 POLDA,Polda Kepulauan Riau,Sp Frangky,vms.k3i-korlantas.id,"1,1178228","104,0461576",https://vms.k3i-korlantas.id/K3i/2022/KEPRI-007_SP_Frangk.stream/playlist.m3u8,cctv_2162fb4b-af4e-4627-a397-dae7b5f2e669,Arteri,No,ONLINE,"22,44",VMS,HTTP 502,Unhealthy
212,2026-06-21 08:07:02,BAGOPS,KORLANTAS - RTMC,RTMC 3 POLDA,Polda Aceh,SP Tugu - Kota Subulussalam,vms.k3i-korlantas.id,"2,6424573","98,00188473",https://vms.k3i-korlantas.id/K3i/2021/ACEH_019_SP_Tugu_Kota_Subulussalam.stream/playlist.m3u8,cctv_2174b797-04b3-4608-a025-3f29ef9b3f1b,Arteri,Yes,ONLINE,"27,21",VMS,HTTP 502,Unhealthy
213,2026-06-21 08:07:03,BAGOPS,KORLANTAS - TMC,TMC 3 POLRES TA 2022,Polda Jawa Tengah,Simpang 4 Gilingan,vms.k3i-korlantas.id,"-7,55791","110,82426",https://vms.k3i-korlantas.id/K3i/2RTMC-2TMC/DLS-018_Simpang_keluar_masuk_Tol_Tanjung_Morawa.stream/playlist.m3u8,cctv_218c6d53-eb51-43af-ae19-9ca580cc9442,Arteri,No,ONLINE,"31,02",VMS,HTTP 502,Unhealthy
214,2026-06-21 08:07:03,BAGOPS,KORLANTAS - RTMC,RTMC 6 POLDA,Polda Banten,Arimbi Bawah 3 PTZ,vms.k3i-korlantas.id,"-6,120528","106,181056",https://vms.k3i-korlantas.id/K3i/6POLDA/BNT-006_Arimbi_Bawah_3_PTZ.stream/playlist.m3u8,cctv_21a2b6fe-e8c0-4a3f-8f5a-0abe3833212c,Arteri,No,ONLINE,"25,35",VMS,HTTP 502,Unhealthy
215,2026-06-21 08:07:03,BAGOPS,KORLANTAS - TMC,TMC 3 POLRES TA 2022,Polda Kalimantan Timur,Analytic Pelabuhan Panajam,vms.k3i-korlantas.id,"-1,24481","116,7765",https://vms.k3i-korlantas.id/K3i/SURAKARTA/SKT-043_Simpang-Tiga-Ring-Road-Al-Kahfi.stream/playlist.m3u8,cctv_222dde9e-9557-4c02-ae1a-52f1afb81065,Arteri,No,ONLINE,"20,98",VMS,HTTP 502,Unhealthy
216,2026-06-21 08:07:05,BAGOPS,KORLANTAS - TMC,TMC 3 POLRES TA 2022,Polda Sumatera Utara,MICKEY HOLIDAY,172.16.60.3,"3,2012432","98,5248562",rtsp://onvif:lantas123!!@172.16.60.3:554/live/E4902891-1935-4509-A207-41EE002DF596,cctv_22348f73-7974-4fc0-87ac-af6aafac7321,Arteri,No,OFFLINE,N/A,RTSP,BE 400 (stream tidak tersedia),Unhealthy
217,2026-06-21 08:07:03,BAGOPS,KORLANTAS - RTMC,RTMC 7 POLDA,Polda Jawa Tengah,Pos Pol Alas Roban,vms.k3i-korlantas.id,"-6,97825","109,99666",https://vms.k3i-korlantas.id/K3i/JATENG/148_Pos_Pol_Alas_Roban.stream/playlist.m3u8,cctv_2251b318-12ce-4d01-bab7-7d47042839b8,Arteri,Yes,ONLINE,"14,81",VMS,HTTP 502,Unhealthy
218,2026-06-21 08:07:03,BAGOPS,KORLANTAS - RTMC,RTMC 7 POLDA,Polda Jawa Tengah,Ambarawa,vms.k3i-korlantas.id,"-7,25553","110,40852",https://vms.k3i-korlantas.id/K3i/JATENG/137_Pasar_Ambarawa.stream/playlist.m3u8,cctv_22896368-c9c0-4d63-819b-ae0631db211e,Arteri,No,ONLINE,"30,01",VMS,HTTP 502,Unhealthy
219,2026-06-21 08:07:03,BAGOPS,KORLANTAS - RTMC,RTMC 3 POLDA,Polda Nusa Tenggara Timur,Bundaran Merpati-NTT,vms.k3i-korlantas.id,"-10,15688851","123,6580069",https://vms.k3i-korlantas.id/K3i/2021/NTT-007_Bundaran_Merpati.stream/playlist.m3u8,cctv_22bf72e8-37c5-4cc2-80f4-2d6b35402a7f,Arteri,No,ONLINE,"15,37",VMS,HTTP 502,Unhealthy
220,2026-06-21 08:07:03,BAGOPS,KORLANTAS - RTMC,RTMC 7 POLDA,Polda Metro Jaya,Semanggi bawah /Polda,vms.k3i-korlantas.id,"-6,2213","106,81025",https://vms.k3i-korlantas.id/K3i/METRO/036_Semanggi+Bawah_Polda.stream/playlist.m3u8,cctv_22c1f655-748c-456e-ac40-9821dfb26ad2,Arteri,No,ONLINE,"32,92",VMS,HTTP 502,Unhealthy
221,2026-06-21 08:07:03,BAGOPS,KORLANTAS - TMC,TMC 8 POLRES,Polda Jambi,Simpang Sukorejo 2,vms.k3i-korlantas.id,"-1,620557","103,630068",https://vms.k3i-korlantas.id/K3i/2020/JMB-023_SP_Sukorejo_2.stream/playlist.m3u8,cctv_2379e2b7-85ad-4b9f-813f-e3a0bc9e5c8b,Arteri,No,ONLINE,"17,16",VMS,HTTP 502,Unhealthy
222,2026-06-21 08:07:03,BAGOPS,KORLANTAS - TMC,TMC 4 POLRES TA 2024,Polda Sumatera Selatan,DPN Kantor Kes Pelabuhan,vms.k3i-korlantas.id,"-2,89907","104,72564",https://vms.k3i-korlantas.id/K3i/2024/PLG-003_DPN_Kantor_Kes_Pelabuhan.stream/playlist.m3u8,cctv_23a6c9a4-69f5-4bc7-85b2-d458323a522d,Arteri,Yes,ONLINE,"18,71",VMS,HTTP 502,Unhealthy
223,2026-06-21 08:07:03,BAGOPS,KORLANTAS - RTMC,HARWAT RTMC 4 POLDA,Polda Kalimantan Tengah,Depan Pos Bundaran Besar (CHECKPOINT),vms.k3i-korlantas.id,"-2,20827","113,91482",https://vms.k3i-korlantas.id/K3i/2024/KLTG-005_Depan_Pos_Bundaran_Besar.stream/playlist.m3u8,cctv_23b2e812-5b2c-4a7a-82f9-bb4065cd19b7,Arteri,No,ONLINE,"24,2",VMS,HTTP 502,Unhealthy
224,2026-06-21 08:07:04,BAGOPS,KORLANTAS - TMC,TMC 8 POLRES,Polda Jambi,Simpang Lantas Adipura 2,vms.k3i-korlantas.id,"-1,624341","103,631528",https://vms.k3i-korlantas.id/K3i/2020/JMB-011_SP_Lantas_Adipura_2.stream/playlist.m3u8,cctv_23d31842-586c-4f30-bce2-2698200a240d,Arteri,No,ONLINE,"40,73",VMS,HTTP 502,Unhealthy
225,2026-06-21 08:07:04,BAGOPS,KORLANTAS - RTMC,RTMC 3 POLDA,Polda Nusa Tenggara Timur,SP3 Patung Komodo  -NTT,vms.k3i-korlantas.id,"-8,51030077","119,8875638",https://vms.k3i-korlantas.id/K3i/2021/NTT-010_SP_3_Patung_Komodo-Waimata.stream/playlist.m3u8,cctv_23f965ce-bf67-4038-aeeb-b160a15df160,Arteri,Yes,ONLINE,"16,37",VMS,HTTP 502,Unhealthy
226,2026-06-21 08:07:04,BAGOPS,KORLANTAS - TMC,TMC 3 POLRES TA 2022,Polda Sulawesi Selatan,Simpang Polsek Soreang,vms.k3i-korlantas.id,"-3,990988","119,651946",https://vms.k3i-korlantas.id/K3i/2RTMC-2TMC/SULSEL-012_Jl_P.Kemerdekaan_Pintu_Unhas_Barat.stream/playlist.m3u8,cctv_243a4ebe-9534-4fd5-bf91-0bb0a0081c54,Arteri,No,ONLINE,"21,22",VMS,HTTP 502,Unhealthy
227,2026-06-21 08:07:04,BAGOPS,KORLANTAS - TMC,TMC 3 POLRES TA 2022,Polda Jawa Tengah,Simpang 4 Dr. Oen,vms.k3i-korlantas.id,"-7,55470739","110,8391598",https://vms.k3i-korlantas.id/K3i/2RTMC-2TMC/DLS-012_Medan_Tebing_tinggi_Sungai_Ular.stream/playlist.m3u8,cctv_2481f3c1-6805-4112-92f9-c3139caff2f5,Arteri,No,ONLINE,"26,58",VMS,HTTP 502,Unhealthy
228,2026-06-21 08:07:04,BAGOPS,KORLANTAS - RTMC,RTMC 7 POLDA,Polda Jawa Barat,Jembatan Atas Tol Gate Bogor,vms.k3i-korlantas.id,"-6,59721577","106,8176672",https://vms.k3i-korlantas.id/K3i/JABAR/085_Jembatan_Atas_Tol_Gate_Bogor.stream/playlist.m3u8,cctv_24829feb-41d4-40c8-91c5-443380876a3f,Arteri,No,ONLINE,"17,72",VMS,HTTP 502,Unhealthy
229,2026-06-21 08:07:04,BAGOPS,KORLANTAS - RTMC,HARWAT RTMC 4 POLDA,Polda Kalimantan Tengah,KM 10,vms.k3i-korlantas.id,"-2,1581451","113,8439057",https://vms.k3i-korlantas.id/K3i/2024/KLTG-001_Analytic_KM_10.stream/playlist.m3u8,cctv_248bbf1d-5a9e-4724-9c60-15a62126d3cf,Arteri,No,ONLINE,"19,23",VMS,HTTP 502,Unhealthy
230,2026-06-21 08:07:04,BAGOPS,KORLANTAS - TMC,TMC 4 POLRES TA 2024,Polda Jawa Tengah,SP 4 BLAKBAK,vms.k3i-korlantas.id,"-7,55288","110,25272",https://vms.k3i-korlantas.id/K3i/2024/MGG-005_Blakbak_ETLE.stream/playlist.m3u8,cctv_249a2bef-57c8-4047-8781-35a9cd8c4a4c,Arteri,Yes,ONLINE,"28,94",VMS,HTTP 502,Unhealthy
231,2026-06-21 08:07:14,BAGOPS,KORLANTAS - TMC,TMC 4 POLRES TA 2024,Polda Jawa Timur,MONITORING SUPRIYADI KLAYATAN,10.45.42.19,"-8,00554","112,61835",rtsp://onvif:lantas123!!@10.45.42.19:554/live/DFC5307A-4007-4A47-8B03-9F6C7E1D4BE2,cctv_24bd16af-d900-4ef6-9d3a-bfc9646215a1,Arteri,No,OFFLINE,N/A,RTSP,Playlist timeout,TIMEOUT
232,2026-06-21 08:07:04,BAGOPS,KORLANTAS - RTMC,RTMC 7 POLDA,Polda Jawa Barat,Cagak Jembatan Layang Jl. Baru,vms.k3i-korlantas.id,"-6,91042437","107,5693792",https://vms.k3i-korlantas.id/K3i/JABAR/083_Cagak_Pertigaan_Tasik_Cikaledong.stream/playlist.m3u8,cctv_2514e332-79e5-49dc-9c60-a401e368582b,Arteri,Yes,ONLINE,"18,81",VMS,HTTP 502,Unhealthy
233,2026-06-21 08:06:56,BAGOPS,KORLANTAS - TMC,TMC 8 POLRES,Polda Jambi,Simpang Mandiri 1,vms.k3i-korlantas.id,"-1,599257","103,616052",https://vms.k3i-korlantas.id/K3i/2020/JMB-016_SP_Mandiri_1.stream/playlist.m3u8,cctv_2583b408-c4cb-4122-ae49-e8d1613f2410,Arteri,No,ONLINE,"15,23",VMS,HTTP 502,Unhealthy
234,2026-06-21 08:06:56,BAGOPS,KORLANTAS - RTMC,RTMC 6 POLDA,Polda Sulawesi Utara,Citraland,vms.k3i-korlantas.id,"1,43761","124,84374",https://vms.k3i-korlantas.id/K3i/6POLDA/SLT-002_Citraland.stream/playlist.m3u8,cctv_258575eb-9737-4367-b4a1-47c1f6fd5a71,Arteri,No,ONLINE,"14,17",VMS,HTTP 502,Unhealthy
235,2026-06-21 08:06:56,BAGOPS,KORLANTAS - RTMC,RTMC 3 POLDA,Polda Maluku,Pattimura Depan Bank Mandiri,vms.k3i-korlantas.id,"-3,6966311","128,1851845",https://vms.k3i-korlantas.id/K3i/2022/MALUKU-011_Pattimura_Depan_Bank_Mandiri.stream/playlist.m3u8,cctv_26cbbf89-d4f3-4246-9f54-0a21fc554355,Arteri,Yes,ONLINE,"15,31",VMS,HTTP 502,Unhealthy
236,2026-06-21 08:06:56,BAGOPS,KORLANTAS - RTMC,RTMC 6 POLDA,Polda Riau,Mall ska 1,vms.k3i-korlantas.id,"0,5007115","101,4196217",https://vms.k3i-korlantas.id/K3i/6POLDA/RIAU-019_Mall_ska_1.stream/playlist.m3u8,cctv_270ddca2-e47f-43ca-85e4-b29e1ba5abcf,Arteri,No,ONLINE,"20,2",VMS,HTTP 502,Unhealthy
237,2026-06-21 08:06:56,BAGOPS,KORLANTAS - RTMC,RTMC 7 POLDA,Polda Bali,Simpang 3 Jln Raya Sempidi,vms.k3i-korlantas.id,"-8,60551","115,18593",https://vms.k3i-korlantas.id/K3i/BALI/206_Simpang_3_Jln_Raya_Sempidi.stream/playlist.m3u8,cctv_272197f7-0e52-438a-9384-b4b136e30652,Arteri,No,ONLINE,"16,37",VMS,HTTP 502,Unhealthy
238,2026-06-21 08:06:56,BAGOPS,KORLANTAS - RTMC,RTMC 6 POLDA,Polda Kalimantan Timur,Dome FIX 1,vms.k3i-korlantas.id,"-1,2424","116,88877",https://vms.k3i-korlantas.id/K3i/6POLDA/KTM-021_Dome_FIX_1.stream/playlist.m3u8,cctv_27947742-a3ae-4083-b2fd-a7348ff1b0b7,Arteri,No,ONLINE,"18,93",VMS,HTTP 502,Unhealthy
239,2026-06-21 08:06:56,BAGOPS,KORLANTAS - RTMC,RTMC 6 POLDA,Polda Banten,Banten 3 (TL Ciceri) FIX 2,vms.k3i-korlantas.id,"-6,120448","106,171948",https://vms.k3i-korlantas.id/K3i/6POLDA/BNT-025_Banten_3-TL_Ciceri-FIX_2.stream/playlist.m3u8,cctv_27ae5c60-7157-4054-84bf-b822fc72ec89,Arteri,No,ONLINE,"13,03",VMS,HTTP 502,Unhealthy
240,2026-06-21 08:07:07,BAGOPS,KORLANTAS - TMC,TMC 8 POLRES,Polda Jawa Timur,Kebomas 1,10.45.42.19,"-7,16819","112,59529",rtsp://onvif:lantas123!!@10.45.42.19:554/live/DA4DCF1F-242A-4927-99A5-382EF946FF75,cctv_2806978f-67af-42a6-867b-f9af4f67734e,Arteri,No,OFFLINE,N/A,RTSP,Playlist timeout,TIMEOUT
241,2026-06-21 08:06:57,BAGOPS,KORLANTAS - RTMC,RTMC 3 POLDA,Polda Nusa Tenggara Timur,SP 4 Perundi Mabar -NTT,vms.k3i-korlantas.id,"-8,49705","119,886077",https://vms.k3i-korlantas.id/K3i/2021/NTT-013_SP_4_Perundi.stream/playlist.m3u8,cctv_287d4df5-1fde-45e4-a4c9-fc9586fd884e,Arteri,Yes,ONLINE,"63,91",VMS,HTTP 502,Unhealthy
242,2026-06-21 08:06:57,BAGOPS,KORLANTAS - RTMC,RTMC 7 POLDA,Polda Jawa Tengah,Pos Pol Induk Brebes,vms.k3i-korlantas.id,"-6,87107","109,03994",https://vms.k3i-korlantas.id/K3i/JATENG/153_Pos_Pol_Induk_Brebes.stream/playlist.m3u8,cctv_2891140c-4e30-4d6d-b14d-9e8ae2d43aa2,Arteri,Yes,ONLINE,"26,42",VMS,HTTP 502,Unhealthy
243,2026-06-21 08:06:57,BAGOPS,KORLANTAS - TMC,TMC 3 POLRES TA 2022,Polda Sulawesi Selatan,Simpang Mappatola - Jl Pelita (POLRES Pare Pare),vms.k3i-korlantas.id,"-4,010327","119,625835",https://vms.k3i-korlantas.id/K3i/SURAKARTA/SKT-025_Simpang-Empat-Sumber.stream/playlist.m3u8,cctv_293029d0-b618-4e25-9734-da923fb7aa8e,Arteri,Yes,ONLINE,"14,85",VMS,HTTP 502,Unhealthy
244,2026-06-21 08:06:57,BAGOPS,KORLANTAS - TMC,TMC 3 POLRES TA 2023,Polda DIY,SP 3 JTT,vms.k3i-korlantas.id,"-7,8147704","110,3685176",https://vms.k3i-korlantas.id/K3i/2022/YOGYA-002_SP_3_JTT.stream/playlist.m3u8,cctv_2961626a-d53f-4cca-9a0d-9827ce8ecc20,Arteri,No,ONLINE,"25,41",VMS,HTTP 502,Unhealthy
245,2026-06-21 08:06:57,BAGOPS,KORLANTAS - RTMC,RTMC 3 POLDA,Polda Gorontalo,Simpang 3 Ditlantas,vms.k3i-korlantas.id,"0,606477","123,028778",https://vms.k3i-korlantas.id/K3i/SURAKARTA/SKT-011_Simpang-Empat-Panggung-Jebres.stream/playlist.m3u8,cctv_298a6bb6-ad9e-40a9-a9fe-4540bf46a75c,Arteri,No,ONLINE,"21,84",VMS,HTTP 502,Unhealthy
246,2026-06-21 08:06:59,BAGOPS,KORLANTAS - TMC,TMC 3 POLRES TA 2022,Polda Sulawesi Selatan,Jl. Sultan Hasanudin - Jl Tumanurung Raya,172.16.60.3,"-5,197901","119,445721",rtsp://onvif:lantas123!!@172.16.60.3:554/live/4F209820-2BC7-4C1B-A219-98240710D84C,cctv_2ac2d0ce-beea-499c-a28e-f0f927d187d0,Arteri,No,OFFLINE,N/A,RTSP,BE 400 (stream tidak tersedia),Unhealthy
247,2026-06-21 08:06:58,BAGOPS,KORLANTAS - TMC,TMC 8 POLRES,Polda Jambi,Simpang Pos Bata 2,vms.k3i-korlantas.id,"-1,59375","103,615082",https://vms.k3i-korlantas.id/K3i/2020/JMB-021_SP_PS_Bata_2.stream/playlist.m3u8,cctv_2aed2c89-5e55-47e9-8871-cae24f9b50b3,Arteri,No,ONLINE,"18,74",VMS,HTTP 502,Unhealthy
248,2026-06-21 08:06:58,BAGOPS,KORLANTAS - TMC,RTMC 2 POLDA,Polda Sumatera Utara,CTV355 KORLAN SUMUT SIMPANG KAYU BESAR,vms.k3i-korlantas.id,"3,5229005","98,7801609",https://vms.k3i-korlantas.id/K3i/SMARTCITY/SMCT-061_Ditlan_Ptz_Simp_Piyungan.stream/playlist.m3u8,cctv_2b0f960b-5771-432e-a6f6-450b5b0fd05f,Arteri,Yes,ONLINE,"18,17",VMS,HTTP 502,Unhealthy
249,2026-06-21 08:06:58,BAGOPS,KORLANTAS - TMC,TMC 4 POLRES TA 2024,Polda Sumatera Selatan,(Ps Cinde),vms.k3i-korlantas.id,"-2,9815","104,75675",https://vms.k3i-korlantas.id/K3i/2024/PLG-009_Ps_Cinde.stream/playlist.m3u8,cctv_2bb1b262-9fb8-4d09-9cd0-c3a1ef18018e,Arteri,Yes,ONLINE,"15,16",VMS,HTTP 502,Unhealthy
250,2026-06-21 08:06:58,BAGOPS,KORLANTAS - RTMC,HARWAT RTMC 4 POLDA,Polda Sulawesi Tenggara,Simpang Pronto,vms.k3i-korlantas.id,"-3,96885","122,52081",https://vms.k3i-korlantas.id/K3i/2024/SLTR-012_SP_4_Pronto.stream/playlist.m3u8,cctv_2c404307-4307-4428-a8c0-e381dcabe354,Arteri,No,ONLINE,"31,01",VMS,HTTP 502,Unhealthy
251,2026-06-21 08:07:08,BAGOPS,KORLANTAS - TMC,TMC 8 POLRES,Polda Jawa Barat,Simpang 4 Kejaksaan,10.45.42.19,"-6,7101197","108,5597216",rtsp://onvif:lantas123!!@10.45.42.19:554/live/DD41A153-B089-41C3-BD2D-85FD9048640E,cctv_2c620120-af02-44a0-b9fc-89fd04df83b4,Arteri,Yes,OFFLINE,N/A,RTSP,Playlist timeout,TIMEOUT
252,2026-06-21 08:06:58,BAGOPS,KORLANTAS - TMC,TMC 3 POLRES TA 2022,Polda Sumatera Utara,SP 3 Hotel Khas,vms.k3i-korlantas.id,"2,66507","98,93147",https://vms.k3i-korlantas.id/K3i/2023/SML-004_SP_3_Hotel_Khas.stream/playlist.m3u8,cctv_2c733761-56e0-4371-9a18-5d568116927d,Arteri,Yes,ONLINE,"29,69",VMS,HTTP 502,Unhealthy
253,2026-06-21 08:06:58,BAGOPS,KORLANTAS - RTMC,RTMC 6 POLDA,Polda Kalimantan Timur,Depan ditlantas FIX,vms.k3i-korlantas.id,"-1,27509","116,84709",https://vms.k3i-korlantas.id/K3i/6POLDA/KTM-029_Depan_ditlantas_FIX.stream/playlist.m3u8,cctv_2c7e93e7-0767-460c-8eac-18c35b899177,Arteri,No,ONLINE,"15,14",VMS,HTTP 502,Unhealthy
254,2026-06-21 08:06:59,BAGOPS,KORLANTAS - TMC,TMC 3 POLRES TA 2022,Polda Sulawesi Selatan,DPRD Jl. Jnd Sudirman,vms.k3i-korlantas.id,"-4,028829","119,632452",https://vms.k3i-korlantas.id/K3i/SURAKARTA/SKT-061_Simpang-Empat-Coyudan.stream/playlist.m3u8,cctv_2cee2362-617d-4296-a9f0-c1e7e56022f1,Arteri,Yes,ONLINE,"32,49",VMS,HTTP 502,Unhealthy
255,2026-06-21 08:06:59,BAGOPS,KORLANTAS - TMC,TMC 3 POLRES TA 2022,Polda Kalimantan Timur,Simpang 3 Masjid Al Ula Nenang,vms.k3i-korlantas.id,"-1,28128","116,74668",https://vms.k3i-korlantas.id/K3i/SURAKARTA/SKT-042_Simpang-Empat-Sabar-Motor.stream/playlist.m3u8,cctv_2cf7d595-760e-47c1-83eb-201bfba6208c,Arteri,No,ONLINE,"37,67",VMS,HTTP 502,Unhealthy
256,2026-06-21 08:06:59,BAGOPS,KORLANTAS - RTMC,RTMC 3 POLDA,Polda Aceh,Takengon / Aceh Tengah,vms.k3i-korlantas.id,"4,6221969","96,8468654",https://vms.k3i-korlantas.id/K3i/2021/ACEH_020_Takengon-Aceh_Tengah.stream/playlist.m3u8,cctv_2d1f16ae-df6d-4a6f-86bd-237a10baa10b,Arteri,No,ONLINE,"22,08",VMS,HTTP 502,Unhealthy
257,2026-06-21 08:06:59,BAGOPS,KORLANTAS - RTMC,RTMC 7 POLDA,Polda Metro Jaya,TL Cocacola,vms.k3i-korlantas.id,"-6,23091","106,64186",https://vms.k3i-korlantas.id/K3i/METRO/042_TL+Coca+Cola.stream/playlist.m3u8,cctv_2d5f7671-27ee-4616-999f-a12cacfcf427,Arteri,Yes,ONLINE,"22,93",VMS,HTTP 502,Unhealthy
258,2026-06-21 08:06:59,BAGOPS,KORLANTAS - RTMC,RTMC 7 POLDA,Polda Jawa Timur,Simpang 3 Japanan,vms.k3i-korlantas.id,"-7,56423","112,69254",https://vms.k3i-korlantas.id/K3i/JATIM/180_Simpang_3_Japanan.stream/playlist.m3u8,cctv_2d8da5d2-1ca3-4580-8f2e-6912419c7fa0,Arteri,Yes,ONLINE,"37,32",VMS,HTTP 502,Unhealthy
259,2026-06-21 08:06:59,BAGOPS,KORLANTAS - TMC,TMC 8 POLRES,Polda Jambi,Simpang Bhayangkara,vms.k3i-korlantas.id,"-1,604119","103,62804",https://vms.k3i-korlantas.id/K3i/2020/JMB-002_SP_Bhayangkara.stream/playlist.m3u8,cctv_2da9a682-56c7-41b8-8ad5-059230cfec1b,Arteri,No,ONLINE,"33,24",VMS,HTTP 502,Unhealthy
260,2026-06-21 08:06:59,BAGOPS,KORLANTAS - RTMC,RTMC 7 POLDA,Polda Metro Jaya,TL Cawang kompor,vms.k3i-korlantas.id,"-6,24428","106,86857",https://vms.k3i-korlantas.id/K3i/METRO/040_TL+Cawang+Kompor.stream/playlist.m3u8,cctv_2dc233a3-ad09-40e2-81bf-628308845799,Arteri,No,ONLINE,"33,17",VMS,HTTP 502,Unhealthy
261,2026-06-21 08:07:01,BAGOPS,KORLANTAS - TMC,TMC 3 POLRES TA 2022,Polda Sumatera Utara,"Depan Kantor PJR, Sebelum Simpang Kayu Besar",172.16.60.3,"3,523441","98,778655",rtsp://onvif:lantas123!!@172.16.60.3:554/live/70309837-D359-4238-94B9-D274493B7579,cctv_2dd3ca7a-3a3b-4fad-8dcb-5c7f1a80b598,Arteri,No,OFFLINE,N/A,RTSP,BE 400 (stream tidak tersedia),Unhealthy
262,2026-06-21 08:06:59,BAGOPS,KORLANTAS - RTMC,RTMC 6 POLDA,Polda Riau,Simpang Soetta,vms.k3i-korlantas.id,"0,4743261","101,4184665",https://vms.k3i-korlantas.id/K3i/6POLDA/RIAU-014_Simpang_Soetta.stream/playlist.m3u8,cctv_2dda7239-63a6-4f97-9c51-62ad9b305685,Arteri,No,ONLINE,"13,12",VMS,HTTP 502,Unhealthy
263,2026-06-21 08:07:00,BAGOPS,KORLANTAS - RTMC,RTMC 3 POLDA,Polda Nusa Tenggara Barat,Simpang Karang Kecingcang,vms.k3i-korlantas.id,"-8,5945251","116,1292144",https://vms.k3i-korlantas.id/K3i/2021/NTB-015_Simpang_Karang_Kecicang.stream/playlist.m3u8,cctv_2de4ca15-cb88-4706-8d09-418c438f6378,Arteri,Yes,ONLINE,"13,29",VMS,HTTP 502,Unhealthy
264,2026-06-21 08:04:05,BAGOPS,KORLANTAS - RTMC,RTMC 7 POLDA,Polda Jawa Barat,Pospol Kiaracondong,vms.k3i-korlantas.id,"-6,93784","107,6444",https://vms.k3i-korlantas.id/K3i/JABAR/077_Pos_Polisi_Kiara_Condong.stream/playlist.m3u8,cctv_2e2d10e5-9b74-480c-9bbf-b355d6c4036e,Arteri,No,ONLINE,"247,39",VMS,Playlist timeout,TIMEOUT
265,2026-06-21 08:04:05,BAGOPS,KORLANTAS - RTMC,RTMC 7 POLDA,Polda Sumatera Selatan,S. Charitas,vms.k3i-korlantas.id,"-2,96825234","104,771574",https://vms.k3i-korlantas.id/K3i/SUMSEL/226_SP_Charitas.stream/playlist.m3u8,cctv_2e4841df-6868-4d1a-9612-0cd40ddfc857,Arteri,No,ONLINE,"228,5",VMS,Playlist timeout,TIMEOUT
266,2026-06-21 08:04:05,BAGOPS,KORLANTAS - RTMC,HARWAT RTMC 4 POLDA,Polda Kalimantan Barat,Simpang Garuda,vms.k3i-korlantas.id,"-0,039586","109,347994",https://vms.k3i-korlantas.id/K3i/2024/KLBR-002_Sp._Garuda.stream/playlist.m3u8,cctv_2e800da2-e1df-495f-9ce1-6f98ad46be79,Arteri,No,ONLINE,"211,44",VMS,Playlist timeout,TIMEOUT
267,2026-06-21 08:04:05,BAGOPS,KORLANTAS - RTMC,RTMC 6 POLDA,Polda Banten,Terminal Pakupatan FIX,vms.k3i-korlantas.id,"-6,119815","106,196804",https://vms.k3i-korlantas.id/K3i/6POLDA/BNT-021_Terminal_Pakupatan_FIX.stream/playlist.m3u8,cctv_2eab7698-9d22-4680-a149-b2edd7478a65,Arteri,No,ONLINE,"196,96",VMS,Playlist timeout,TIMEOUT
268,2026-06-21 08:04:05,BAGOPS,KORLANTAS - RTMC,RTMC 3 POLDA,Polda Nusa Tenggara Timur,Langkabe  -NTT,vms.k3i-korlantas.id,"-8,49760797","119,8926635",https://vms.k3i-korlantas.id/K3i/2021/NTT-011_SP_4_Langkabe.stream/playlist.m3u8,cctv_2ef5c70e-134d-45dc-b491-47c588bec343,Arteri,Yes,ONLINE,"206,74",VMS,Playlist timeout,TIMEOUT
269,2026-06-21 08:04:05,BAGOPS,KORLANTAS - TMC,TMC 3 POLRES TA 2022,Polda Sulawesi Selatan,Simpang Jl Bau Massepe - Abd Kadir,vms.k3i-korlantas.id,"-4,015958","119,622485",https://vms.k3i-korlantas.id/K3i/2RTMC-2TMC/SUMUT-025_Tugu_Kota_Berastagi.stream/playlist.m3u8,cctv_2f23d752-6b1e-45e8-94f8-4b223d88c56d,Arteri,Yes,ONLINE,"189,35",VMS,Playlist timeout,TIMEOUT
270,2026-06-21 08:04:05,BAGOPS,KORLANTAS - RTMC,RTMC 3 POLDA,Polda Nusa Tenggara Timur,Pasar Lama-NTT,vms.k3i-korlantas.id,"-10,16143358","123,5767624",https://vms.k3i-korlantas.id/K3i/2021/NTT-020_Terminal-Pasar_Lama.stream/playlist.m3u8,cctv_2f4482dd-3521-4a9f-abb6-c98595288385,Arteri,No,ONLINE,"170,5",VMS,Playlist timeout,TIMEOUT
271,2026-06-21 08:04:07,BAGOPS,KORLANTAS - TMC,TMC 3 POLRES TA 2022,Polda Sulawesi Selatan,Jl. Poros palopo  (masuk terminal),vms.k3i-korlantas.id,"-4,054833","119,627276","https://vms.k3i-korlantas.id/K3i/2RTMC-2TMC/DLS-001_001_Depan_Kantor_PJR,_Sebelum_Simpang_Kayu_Besar.stream/playlist.m3u8",cctv_2f49f47b-2b85-4ba4-b16b-80bfa0a885ff,Arteri,No,ONLINE,"45,35",VMS,Playlist timeout,TIMEOUT
272,2026-06-21 08:06:16,BAGOPS,KORLANTAS - RTMC,RTMC 3 POLDA,Polda Sulawesi Tengah,Pos PJR,vms.k3i-korlantas.id,"-0,8967342","119,8602048",https://vms.k3i-korlantas.id/K3i/2022/SULTENG-010_Pos_PJR.stream/playlist.m3u8,cctv_2f77d5ad-e06b-4dc1-b162-5cc8a6892a4f,Arteri,No,ONLINE,"48,54",VMS,Playlist timeout,TIMEOUT
273,2026-06-21 08:06:16,BAGOPS,KORLANTAS - RTMC,RTMC 6 POLDA,Polda Sulawesi Utara,Dpn poli kesehatan,vms.k3i-korlantas.id,"1,45738","124,80681",https://vms.k3i-korlantas.id/K3i/6POLDA/SLT-020_Dpn_poli_kesehatan.stream/playlist.m3u8,cctv_2fe03659-ece7-4f9b-a3be-6877a2bfe65e,Arteri,No,ONLINE,"33,93",VMS,Playlist timeout,TIMEOUT
274,2026-06-21 08:06:16,BAGOPS,KORLANTAS - TMC,TMC 3 POLRES TA 2023,Polda Jawa Tengah,Depan Rumdis Bupati,vms.k3i-korlantas.id,"-7,6823203","110,8428176",https://vms.k3i-korlantas.id/K3i/2022/SKH-008_Depan_Rumdis_Bupati.stream/playlist.m3u8,cctv_307af893-d783-48c4-82ae-5d9c39313926,Arteri,No,ONLINE,"38,91",VMS,Playlist timeout,TIMEOUT
275,2026-06-21 08:06:16,BAGOPS,KORLANTAS - TMC,TMC 8 POLRES,Polda Lampung,Simpang Kimaja 2,vms.k3i-korlantas.id,"-5,380349","105,272073",https://vms.k3i-korlantas.id/K3i/2020/BLPG-008_Kimaja_2.stream/playlist.m3u8,cctv_30cb14f0-352f-449a-9eb6-81d8d111d174,Arteri,No,ONLINE,"36,41",VMS,Playlist timeout,TIMEOUT
276,2026-06-21 08:06:16,BAGOPS,KORLANTAS - TMC,TMC 3 POLRES TA 2023,Polda DIY,SP SGM,vms.k3i-korlantas.id,"-7,80118789","110,3953491",https://vms.k3i-korlantas.id/K3i/2022/YOGYA-011_SP_SGM.stream/playlist.m3u8,cctv_30d16fc3-cda5-419c-aeb3-2c7f7f64c305,Arteri,Yes,ONLINE,"28,24",VMS,Playlist timeout,TIMEOUT
277,2026-06-21 08:06:17,BAGOPS,KORLANTAS - TMC,TMC 8 POLRES,Polda Jawa Timur,Simpang 3 GKB 2,vms.k3i-korlantas.id,"-7,159486","112,618592",https://vms.k3i-korlantas.id/K3i/2020/GRSK-008_Simpang3_GKB2.stream/playlist.m3u8,cctv_310e6eff-20a7-432f-9015-579ce9f95486,Arteri,No,ONLINE,"40,73",VMS,Playlist timeout,TIMEOUT
278,2026-06-21 08:06:19,BAGOPS,KORLANTAS - TMC,TMC 4 POLRES TA 2024,Polda Banten,Pelabuhan Banten,vms.k3i-korlantas.id,"-6,023622","105,958891",https://vms.k3i-korlantas.id/K3i/2024/CLG-005_Etle_Pelabuhan_Banten.stream/playlist.m3u8,cctv_31200cdd-dae2-4e09-8d96-494e640cd29d,Arteri,No,ONLINE,"31,62",VMS,BE timeout,Unhealthy
279,2026-06-21 08:06:25,BAGOPS,KORLANTAS - TMC,TMC 3 POLRES TA 2022,Polda Jawa Tengah,Simpang 3 Adi Sumarmo,vms.k3i-korlantas.id,"-7,52983","110,74791",https://vms.k3i-korlantas.id/K3i/2RTMC-2TMC/DLS-009_Lubuk_Pakam_Galang.stream/playlist.m3u8,cctv_3125b869-7e60-48d8-964c-9f5d41987db2,Arteri,No,ONLINE,"60,91",VMS,Playlist timeout,TIMEOUT
280,2026-06-21 08:06:25,BAGOPS,KORLANTAS - RTMC,RTMC 7 POLDA,Polda Jawa Timur,Simpang 3 Polantas/Widang Tuban,vms.k3i-korlantas.id,"-6,91349","112,082",https://vms.k3i-korlantas.id/K3i/JATIM/172_Tuban.stream/playlist.m3u8,cctv_316286ff-3879-4353-b26f-ca78e0a5bba9,Arteri,No,ONLINE,"50,22",VMS,Playlist timeout,TIMEOUT
281,2026-06-21 08:06:25,BAGOPS,KORLANTAS - TMC,TMC 8 POLRES,Polda Sumatera Barat,Simpang Bypass Ketaping,vms.k3i-korlantas.id,"-0,9342002","100,398974",https://vms.k3i-korlantas.id/K3i/2020/PDG-001_Bypas_Ketaping.stream/playlist.m3u8,cctv_316dda1b-0427-4660-90fa-3218c0e2e2f0,Arteri,Yes,ONLINE,"61,96",VMS,Playlist timeout,TIMEOUT
282,2026-06-21 08:06:25,BAGOPS,KORLANTAS - RTMC,HARWAT RTMC 4 POLDA,Polda Sulawesi Tenggara,Depan RS Bahteramas,vms.k3i-korlantas.id,"-4,035729","122,492277",https://vms.k3i-korlantas.id/K3i/2024/SLTR-009_Depan_RS_Bahteramas.stream/playlist.m3u8,cctv_316eee12-64ad-4f84-99c3-8ed527dc9c44,Arteri,No,ONLINE,"39,86",VMS,Playlist timeout,TIMEOUT
283,2026-06-21 08:06:25,BAGOPS,KORLANTAS - RTMC,RTMC 3 POLDA,Polda Nusa Tenggara Barat,Bundaran Tri Putri,vms.k3i-korlantas.id,"-8,8879035","116,284054",https://vms.k3i-korlantas.id/K3i/2021/NTB-005_Bundaran_Tri_Putri.stream/playlist.m3u8,cctv_31e888d8-e421-4720-a5e3-648d6a80a1f5,Arteri,Yes,ONLINE,"17,01",VMS,Playlist timeout,TIMEOUT
284,2026-06-21 08:06:27,BAGOPS,KORLANTAS - RTMC,RTMC 7 POLDA,Polda Jawa Barat,Pertigaan Sariater,vms.k3i-korlantas.id,"-6,73860659","107,6533331",https://vms.k3i-korlantas.id/K3i/JABAR/113_Pos_Pol_Pertigaan_Sariater.stream/playlist.m3u8,cctv_31ed4bd2-08b2-433b-8bae-3242fd19e9e8,Arteri,Yes,ONLINE,"36,35",VMS,Playlist timeout,TIMEOUT
285,2026-06-21 08:06:27,BAGOPS,KORLANTAS - RTMC,RTMC 7 POLDA,Polda DIY,Simpang 3 Prambanan,vms.k3i-korlantas.id,"-7,75554605","110,4889264",https://vms.k3i-korlantas.id/K3i/DIY/200_Simpang_3_Prambanan.stream/playlist.m3u8,cctv_31f940a0-bf81-4b14-b7e3-f8daf43216d3,Arteri,Yes,ONLINE,"18,51",VMS,Playlist timeout,TIMEOUT
286,2026-06-21 08:06:33,BAGOPS,KORLANTAS - TMC,TMC 3 POLRES TA 2022,Polda Jawa Tengah,Simpang 4 Fajar Indah,vms.k3i-korlantas.id,"-7,55033","110,78823",https://vms.k3i-korlantas.id/K3i/2RTMC-2TMC/SULSEL-015_Jl_Perintis_Kemerdekaan__Perlimaan_Bandara.stream/playlist.m3u8,cctv_31fb4909-c5a4-4f5b-84a7-11f36fac2458,Arteri,Yes,ONLINE,"50,71",VMS,Playlist timeout,TIMEOUT
287,2026-06-21 08:06:33,BAGOPS,KORLANTAS - TMC,TMC 3 POLRES TA 2022,Polda Jawa Tengah,Simpang 3 Pasar Notoharjo,vms.k3i-korlantas.id,"-7,58981228","110,8346027",https://vms.k3i-korlantas.id/K3i/2RTMC-2TMC/SULSEL-003_Jl_Antang_Raya_Borong_Raya.stream/playlist.m3u8,cctv_320e7039-8ed5-4c94-bac2-f6e2f2e9f1d2,Arteri,Yes,ONLINE,"49,69",VMS,Playlist timeout,TIMEOUT
288,2026-06-21 08:06:33,BAGOPS,KORLANTAS - RTMC,HARWAT RTMC 4 POLDA,Polda Kalimantan Barat,Simpang Flamboyan,vms.k3i-korlantas.id,"-0,041408","109,345488",https://vms.k3i-korlantas.id/K3i/2024/KLBR-011_Sp._Flamboyan.stream/playlist.m3u8,cctv_321d331d-37f6-447b-b5cd-aa4d4a652d9b,Arteri,No,ONLINE,"36,43",VMS,Playlist timeout,TIMEOUT
289,2026-06-21 08:06:33,BAGOPS,KORLANTAS - RTMC,RTMC 7 POLDA,Polda Bali,Simpang 4 Tohpati,vms.k3i-korlantas.id,"-8,63942","115,25402",https://vms.k3i-korlantas.id/K3i/BALI/211_Simpang_4_Tohpati.stream/playlist.m3u8,cctv_3224b671-b292-4036-9165-edc874a3d97a,Arteri,No,ONLINE,"38,44",VMS,Playlist timeout,TIMEOUT
290,2026-06-21 08:06:35,BAGOPS,KORLANTAS - RTMC,RTMC 7 POLDA,Polda Jawa Barat,Pospol Limbangan,vms.k3i-korlantas.id,"-7,03815781","107,976779",https://vms.k3i-korlantas.id/K3i/JABAR/108_Pos_Pol_Limbangan.stream/playlist.m3u8,cctv_3250c1e0-0f93-4b9f-9785-a6d6342a57fe,Arteri,Yes,ONLINE,"26,56",VMS,Playlist timeout,TIMEOUT
291,2026-06-21 08:06:29,BAGOPS,KORLANTAS - TMC,TMC 8 POLRES,Polda Jawa Barat,SP 4 Bank Panin-Asia Toserba,10.45.42.19,"-6,7151633","108,5627301",rtsp://onvif:lantas123!!@10.45.42.19:554/live/52C9475A-6421-409A-B302-4B62E3CC08FE,cctv_325e1b75-1ace-4285-a036-93617fb2db37,Arteri,Yes,OFFLINE,N/A,RTSP,Video mengalir (7 segmen),Healthy
292,2026-06-21 08:06:37,BAGOPS,KORLANTAS - TMC,TMC 3 POLRES TA 2022,Polda Jawa Tengah,Simpang 4 Batas Kota Tanjung Anom,vms.k3i-korlantas.id,"-7,59175","110,81695",https://vms.k3i-korlantas.id/K3i/2RTMC-2TMC/SULSEL-019_Jl_Sultan_Alauddin_Veteran_Perlimaan_Pa'baeng_Baeng.stream/playlist.m3u8,cctv_32b13ca1-49cd-4c21-8a76-1a4910869576,Arteri,Yes,ONLINE,"25,64",VMS,Playlist timeout,TIMEOUT
293,2026-06-21 08:06:42,BAGOPS,KORLANTAS - RTMC,RTMC 3 POLDA,Polda Nusa Tenggara Barat,Simpang Cermen,vms.k3i-korlantas.id,"-8,613246","116,127413",https://vms.k3i-korlantas.id/K3i/2021/NTB-013_Simpang_Dasan_Cermen.stream/playlist.m3u8,cctv_32cb08b2-10a9-4f7a-8ef7-9f3359324b9e,Arteri,No,ONLINE,"129,88",VMS,Playlist timeout,TIMEOUT
294,2026-06-21 08:06:42,BAGOPS,KORLANTAS - RTMC,RTMC 7 POLDA,Polda Jawa Barat,Simpang Cihampelas,vms.k3i-korlantas.id,"-6,90013","107,6041",https://vms.k3i-korlantas.id/K3i/JABAR/120_Simpang_Cihampelas_Bandung.stream/playlist.m3u8,cctv_32e10467-de12-4c20-b1c4-e94dd02fa5ff,Arteri,No,ONLINE,"46,23",VMS,Playlist timeout,TIMEOUT
295,2026-06-21 08:07:00,BAGOPS,KORLANTAS - TMC,TMC 8 POLRES,Polda Jambi,Simpang Lantas Adipura 1,vms.k3i-korlantas.id,"-1,624341","103,631528",https://vms.k3i-korlantas.id/K3i/2020/JMB-010_SP_Lantas_Adipura_1.stream/playlist.m3u8,cctv_331cdad4-59f1-487c-9e42-d32dc49c943f,Arteri,No,ONLINE,"15,02",VMS,HTTP 502,Unhealthy
296,2026-06-21 08:07:00,BAGOPS,KORLANTAS - TMC,TMC 3 POLRES TA 2023,Polda Kalimantan Selatan,Pos 9 ( Simpang Empat Belitung ),vms.k3i-korlantas.id,"-3,309694","114,589",https://vms.k3i-korlantas.id/K3i/2022/BJM-009_Pos_9_(SP_4_Belitung).stream/playlist.m3u8,cctv_3398581c-8635-4fa3-86a1-13fbab8736e6,Arteri,Yes,ONLINE,15,VMS,HTTP 502,Unhealthy
297,2026-06-21 08:07:00,BAGOPS,KORLANTAS - RTMC,RTMC 6 POLDA,Polda Banten,Pertigaan CikutuK FIX,vms.k3i-korlantas.id,"-6,132434","106,166112",https://vms.k3i-korlantas.id/K3i/6POLDA/BNT-012_Pertigaan_CikutuK_FIX.stream/playlist.m3u8,cctv_33a57a26-bdc1-4f2d-97a0-8e7ae408e53c,Arteri,Yes,ONLINE,"21,95",VMS,HTTP 502,Unhealthy
298,2026-06-21 08:07:02,BAGOPS,KORLANTAS - TMC,TMC 3 POLRES TA 2022,Polda Sumatera Utara,Simpang Aek Riung,172.16.60.3,"2,06139121","99,86115995",rtsp://onvif:lantas123!!@172.16.60.3:554/live/02CC02B9-8BCD-4CC0-BA6C-DBD91E63D2B4,cctv_33a82ca1-79ae-4641-88ca-cd904660af6b,Arteri,No,OFFLINE,N/A,RTSP,BE 400 (stream tidak tersedia),Unhealthy
299,2026-06-21 08:07:00,BAGOPS,KORLANTAS - RTMC,RTMC 6 POLDA,Polda Kalimantan Timur,Sp Blp Baru FIX 1,vms.k3i-korlantas.id,"-1,23987","116,87349",https://vms.k3i-korlantas.id/K3i/6POLDA/KTM-024_Sp_Blp_Baru_FIX_1.stream/playlist.m3u8,cctv_33a8572b-f5a8-4297-b6f2-3b2652d1bc74,Arteri,No,ONLINE,"16,82",VMS,HTTP 502,Unhealthy
300,2026-06-21 08:07:00,BAGOPS,KORLANTAS - RTMC,RTMC 7 POLDA,Polda Bali,Bandara Ngurah Rai,vms.k3i-korlantas.id,"-8,74365","115,16825",https://vms.k3i-korlantas.id/K3i/BALI/203_Bandara_Ngurah_Rai.stream/playlist.m3u8,cctv_3441a611-88f2-45b0-ac1e-29c7a91a2476,Arteri,No,ONLINE,"19,34",VMS,HTTP 502,Unhealthy
301,2026-06-21 08:07:00,BAGOPS,KORLANTAS - TMC,TMC 3 POLRES TA 2022,Polda Kalimantan Tengah,Dpn Univ. Muhammadiyah Etle,vms.k3i-korlantas.id,"-2,21962664","113,920274",https://vms.k3i-korlantas.id/K3i/SURAKARTA/SKT-065_Simpang-Empat-Gejikan.stream/playlist.m3u8,cctv_344ff839-09c6-4888-9978-fe0ab3a5fc6d,Arteri,No,ONLINE,"14,73",VMS,HTTP 502,Unhealthy
302,2026-06-21 08:07:00,BAGOPS,KORLANTAS - TMC,TMC 3 POLRES TA 2022,Polda Jawa Tengah,Simpang 4 Colomadu,vms.k3i-korlantas.id,"-7,5322","110,74717",https://vms.k3i-korlantas.id/K3i/2RTMC-2TMC/SUMUT-002_Simp_Selayang_Jamin.stream/playlist.m3u8,cctv_3454f28f-bcce-4912-976f-b564c0ba07be,Arteri,No,ONLINE,"247,68",VMS,HTTP 502,Unhealthy
303,2026-06-21 08:07:00,BAGOPS,KORLANTAS - RTMC,RTMC 6 POLDA,Polda Kalimantan Timur,Sp Blp Plaza FIX 2,vms.k3i-korlantas.id,"-1,27717","116,83831",https://vms.k3i-korlantas.id/K3i/6POLDA/KTM-008_Sp_Blp_Plaza_FIX_2.stream/playlist.m3u8,cctv_348eddbc-e174-4a06-9376-c465833eb95a,Arteri,No,ONLINE,"187,83",VMS,HTTP 502,Unhealthy
304,2026-06-21 08:07:00,BAGOPS,KORLANTAS - TMC,TMC 8 POLRES,Polda Sumatera Barat,Simpang Jambria 2,vms.k3i-korlantas.id,"-0,9267195","100,3614757",https://vms.k3i-korlantas.id/K3i/2020/PDG-013_simpang_jambria2.stream/playlist.m3u8,cctv_35110de1-dd40-4a96-9a32-9a95cb57e5e4,Arteri,No,ONLINE,"135,55",VMS,HTTP 502,Unhealthy
305,2026-06-21 08:07:00,BAGOPS,KORLANTAS - RTMC,RTMC 3 POLDA,Polda Aceh,SP 5 B,vms.k3i-korlantas.id,"5,5556973","95,3216439",https://vms.k3i-korlantas.id/K3i/2021/ACEH_007_SP_5_B.stream/playlist.m3u8,cctv_3516190b-0c32-4a31-ba22-d51e43fbbde9,Arteri,No,ONLINE,"50,68",VMS,HTTP 502,Unhealthy
306,2026-06-21 08:07:01,BAGOPS,KORLANTAS - TMC,TMC 8 POLRES,Polda Sumatera Barat,Simpang Mandiri,vms.k3i-korlantas.id,"-0,948026","100,362871",https://vms.k3i-korlantas.id/K3i/2020/PDG-016_SP_Mandiri_.stream/playlist.m3u8,cctv_35183f2c-a965-4fae-b726-634a5b1d94c7,Arteri,No,ONLINE,"33,52",VMS,HTTP 502,Unhealthy
307,2026-06-21 08:07:01,BAGOPS,KORLANTAS - TMC,TMC 8 POLRES,Polda Lampung,Simpang Jembatan Puncak Mas,vms.k3i-korlantas.id,"-5,419311","105,232708",https://vms.k3i-korlantas.id/K3i/2020/BLPG-013_Puncak_Mas.stream/playlist.m3u8,cctv_358d593f-5a35-4c6c-9b09-466e7ebbd871,Arteri,Yes,ONLINE,"14,35",VMS,HTTP 502,Unhealthy
308,2026-06-21 08:07:01,BAGOPS,KORLANTAS - TMC,TMC 8 POLRES,Polda Lampung,Simpang Tugu RI,vms.k3i-korlantas.id,"-5,361823","105,225732",https://vms.k3i-korlantas.id/K3i/2020/BLPG-020_Tugu_RI.stream/playlist.m3u8,cctv_35d94bd9-e579-46fb-9523-2d7e897063d8,Arteri,No,ONLINE,"34,13",VMS,HTTP 502,Unhealthy
309,2026-06-21 08:07:01,BAGOPS,KORLANTAS - RTMC,HARWAT RTMC 4 POLDA,Polda Sulawesi Tenggara,Simapng SPBU Saranani,vms.k3i-korlantas.id,"-3,97134","122,51959",https://vms.k3i-korlantas.id/K3i/2024/SLTR-010_Monitoring_Sp_Saranani.stream/playlist.m3u8,cctv_36138379-7c9d-4721-955e-75eb1d189102,Arteri,No,ONLINE,"19,3",VMS,HTTP 502,Unhealthy
310,2026-06-21 08:07:01,BAGOPS,KORLANTAS - RTMC,RTMC 6 POLDA,Polda Banten,Arimbi Bawah 1 PTZ,vms.k3i-korlantas.id,"-6,1205","106,185444",https://vms.k3i-korlantas.id/K3i/6POLDA/BNT-001_Arimbi_Bawah_1_PTZ.stream/playlist.m3u8,cctv_368bbb93-22fe-416e-a7cd-748d9dc1e45f,Arteri,No,ONLINE,"14,13",VMS,HTTP 502,Unhealthy
311,2026-06-21 08:07:04,BAGOPS,KORLANTAS - RTMC,RTMC 7 POLDA,Polda Kalimantan Barat,CCTV ENTIKONG 3 (DOM),10.45.67.9,"0,98554","110,35196",rtsp://operator:Qwerty654321@@10.45.67.9:554/Streaming/Channels/102/,cctv_36ea183e-0f6b-4475-bf73-4bae6e4ce7ab,Arteri,No,OFFLINE,N/A,RTSP,BE 400 (stream tidak tersedia),Unhealthy
312,2026-06-21 08:07:01,BAGOPS,KORLANTAS - RTMC,RTMC 6 POLDA,Polda Banten,Arimbi Bawah 1 FIX,vms.k3i-korlantas.id,"-6,1205","106,185444",https://vms.k3i-korlantas.id/K3i/6POLDA/BNT-002_Arimbi_Bawah_1_FIX.stream/playlist.m3u8,cctv_36f0aae5-0f22-46db-a7ef-73cb881f236e,Arteri,No,ONLINE,"39,33",VMS,HTTP 502,Unhealthy
313,2026-06-21 08:07:01,BAGOPS,KORLANTAS - RTMC,RTMC 6 POLDA,Polda Sulawesi Utara,ST. Kalabat,vms.k3i-korlantas.id,"1,45868","124,83785",https://vms.k3i-korlantas.id/K3i/6POLDA/SLT-008_ST_Kalabat.stream/playlist.m3u8,cctv_375123e4-745b-49e8-8fa4-9a4ee24d7ef6,Arteri,Yes,ONLINE,"45,51",VMS,HTTP 502,Unhealthy
314,2026-06-21 08:07:01,BAGOPS,KORLANTAS - RTMC,HARWAT RTMC 4 POLDA,Polda Sulawesi Tenggara,Simpang Kopi Daeng,vms.k3i-korlantas.id,"-3,97179","122,52655",https://vms.k3i-korlantas.id/K3i/2024/SLTR-006_Simpang_Kopi_Daeng.stream/playlist.m3u8,cctv_3863e1a8-27df-4448-90e4-c2689ebad33a,Arteri,No,ONLINE,"38,43",VMS,HTTP 502,Unhealthy
315,2026-06-21 08:07:01,BAGOPS,KORLANTAS - RTMC,RTMC 6 POLDA,Polda Sulawesi Utara,Dpn BPPAUD,vms.k3i-korlantas.id,"1,45883","124,82126",https://vms.k3i-korlantas.id/K3i/6POLDA/SLT-022_Dpn_BPPAUD.stream/playlist.m3u8,cctv_3899ae95-46f8-4ac3-a6d1-fa8d9b003310,Arteri,No,ONLINE,"25,62",VMS,HTTP 502,Unhealthy
316,2026-06-21 08:07:01,BAGOPS,KORLANTAS - TMC,TMC 3 POLRES TA 2022,Polda Sulawesi Selatan,Smpang RS. Sumantri (jl. Agus salim - A. Yani) (SPBU),vms.k3i-korlantas.id,"-4,012819","119,625247",https://vms.k3i-korlantas.id/K3i/2RTMC-2TMC/DLS-017_Simpang_Bakaran_Batu-HOS_Cokroaminoto.stream/playlist.m3u8,cctv_38ee498b-d606-462d-96b0-90049cbe540f,Arteri,No,ONLINE,"13,28",VMS,HTTP 502,Unhealthy
317,2026-06-21 08:07:01,BAGOPS,KORLANTAS - RTMC,RTMC 3 POLDA,Polda Sulawesi Tengah,Bundaran Palupi,vms.k3i-korlantas.id,"-0,9223219","119,858507",https://vms.k3i-korlantas.id/K3i/2022/SULTENG-001_Bundaran_Palupi.stream/playlist.m3u8,cctv_39d29712-e34b-4a82-a876-06171fe0104b,Arteri,No,ONLINE,"76,78",VMS,HTTP 502,Unhealthy
318,2026-06-21 08:07:01,BAGOPS,KORLANTAS - TMC,TMC 8 POLRES,Polda Jawa Timur,Simpang 4 Sidomoro,vms.k3i-korlantas.id,"-7,170999","112,653712",https://vms.k3i-korlantas.id/K3i/2020/GRSK-019_Simpang_4_Sidomoro.stream/playlist.m3u8,cctv_3b400a95-b275-4801-a796-12edfe82a862,Arteri,No,ONLINE,"59,74",VMS,HTTP 502,Unhealthy
319,2026-06-21 08:07:03,BAGOPS,KORLANTAS - TMC,TMC 3 POLRES TA 2022,Polda Sumatera Utara,APIL RAMBUNG MERAH,172.16.60.3,"2,9749509","99,0788801",rtsp://onvif:lantas123!!@172.16.60.3:554/live/5E02F48F-F5E0-4C4A-B579-2CD044F25188,cctv_3baec8be-0ef1-47cc-8e3e-f28e73c5174f,Arteri,No,OFFLINE,N/A,RTSP,BE 400 (stream tidak tersedia),Unhealthy
320,2026-06-21 08:07:01,BAGOPS,KORLANTAS - TMC,TMC 3 POLRES TA 2022,Polda Jawa Tengah,Batas Kota Pasar Kleco,vms.k3i-korlantas.id,"-7,55726","110,77947",https://vms.k3i-korlantas.id/K3i/2RTMC-2TMC/SUMUT-006_Simpang_Kawat_Asahan.stream/playlist.m3u8,cctv_3bc332d3-74c4-4abd-b1fd-443534d89843,Arteri,No,ONLINE,"32,83",VMS,HTTP 502,Unhealthy
321,2026-06-21 08:07:04,BAGOPS,KORLANTAS - TMC,TMC 8 POLRES,Polda Kalimantan Timur,Simpang Pos Plaza 1,10.45.42.19,"-1,2769582","116,8358642",rtsp://onvif:lantas123!!@10.45.42.19:554/live/7F735E5B-9052-46B5-8F1D-79FB781E3187,cctv_3c0a8ea3-06ce-4333-95d4-ce719a324298,Arteri,No,OFFLINE,N/A,RTSP,BE 400 (stream tidak tersedia),Unhealthy
322,2026-06-21 08:07:01,BAGOPS,KORLANTAS - RTMC,RTMC 6 POLDA,Polda Banten,Arimbi atas FIX 2,vms.k3i-korlantas.id,"-6,11824996","106,1830401",https://vms.k3i-korlantas.id/K3i/6POLDA/BNT-005_Arimbi_atas_FIX_2.stream/playlist.m3u8,cctv_3c287b0b-7402-42ac-8915-15119be45d8f,Arteri,No,ONLINE,"17,78",VMS,HTTP 502,Unhealthy
323,2026-06-21 08:07:01,BAGOPS,KORLANTAS - RTMC,RTMC 7 POLDA,Polda Jawa Barat,Alun-alun Bandung,vms.k3i-korlantas.id,"-6,92141","107,6074",https://vms.k3i-korlantas.id/K3i/JABAR/072_Alun-Alun_Braga_Bandung.stream/playlist.m3u8,cctv_3c511176-b2bd-4ef6-8f65-a0c2606c297d,Arteri,No,ONLINE,"20,5",VMS,HTTP 502,Unhealthy
324,2026-06-21 08:07:02,BAGOPS,KORLANTAS - TMC,TMC 3 POLRES TA 2022,Polda Sumatera Utara,Perlanaan,vms.k3i-korlantas.id,"3,168873","99,366978",https://vms.k3i-korlantas.id/K3i/2023/SML-006_Perlanaan.stream/playlist.m3u8,cctv_3c5a74ce-865e-4d94-aa1c-d9e548cef3e1,Arteri,No,ONLINE,"21,8",VMS,HTTP 502,Unhealthy
325,2026-06-21 08:07:02,BAGOPS,KORLANTAS - RTMC,RTMC 7 POLDA,Polda Jawa Timur,Mall Cito Waru,vms.k3i-korlantas.id,"-7,3456","112,72898",https://vms.k3i-korlantas.id/K3i/JATIM/175_Mall_Citowaru_Surabaya.stream/playlist.m3u8,cctv_3cd43c01-a5d9-4fd9-b16b-0ea51ddfc831,Arteri,Yes,ONLINE,"30,76",VMS,HTTP 502,Unhealthy
326,2026-06-21 08:06:44,BAGOPS,KORLANTAS - TMC,TMC 8 POLRES,Polda Jawa Tengah,SP Pantai Petanahan Pansela,10.45.42.19,"-7,766768","109,583884",rtsp://onvif:lantas123!!@10.45.42.19:554/live/4FC29180-ACF6-468E-86BA-85139BB2AC74,cctv_3cff594e-9aeb-4501-8d56-62862395f75a,Arteri,No,OFFLINE,N/A,RTSP,Playlist timeout,TIMEOUT
327,2026-06-21 08:06:44,BAGOPS,KORLANTAS - TMC,RTMC 2 POLDA,Polda Sumatera Utara,CTV352 KORLAN SUMUT POLSEK MUARA SIPONGI,vms.k3i-korlantas.id,"0,62033477","99,85234218",https://vms.k3i-korlantas.id/K3i/SMARTCITY/SMCT-058_Korlan_Jabar_Soreang.stream/playlist.m3u8,cctv_3d6ad302-629d-468e-b854-e84b7f7fb90c,Arteri,Yes,ONLINE,"31,7",VMS,Playlist timeout,TIMEOUT
328,2026-06-21 08:06:37,BAGOPS,KORLANTAS - TMC,TMC 3 POLRES TA 2022,Polda Sumatera Utara,PASAR HORAS ARAH MEDAN,172.16.60.3,"2,9589623","99,0669395",rtsp://onvif:lantas123!!@172.16.60.3:554/live/B614F4F0-3652-49D9-9713-3091473A0BE7,cctv_3da2f68b-90e7-447c-adff-3252b6f177e9,Arteri,No,OFFLINE,N/A,RTSP,BE 400 (stream tidak tersedia),Unhealthy
329,2026-06-21 08:06:44,BAGOPS,KORLANTAS - RTMC,RTMC 6 POLDA,Polda Bangka Belitung,SP. Semabung 2 FIX 2,vms.k3i-korlantas.id,"-2,134306","106,117833",https://vms.k3i-korlantas.id/K3i/6POLDA/BBL-018_SP_Semabung_2_FIX_2.stream/playlist.m3u8,cctv_3e3b1e7f-246d-499e-971b-e0e99f29941f,Arteri,No,ONLINE,"52,34",VMS,Playlist timeout,TIMEOUT
330,2026-06-21 08:06:45,BAGOPS,KORLANTAS - RTMC,RTMC 6 POLDA,Polda Sulawesi Utara,Dpn poli kesehatan,vms.k3i-korlantas.id,"1,45738","124,80681",https://vms.k3i-korlantas.id/K3i/6POLDA/SLT-019_Dpn_poli_kesehatan.stream/playlist.m3u8,cctv_3ec908a2-0ad3-4c6f-b722-26f077722bff,Arteri,No,ONLINE,"72,74",VMS,Playlist timeout,TIMEOUT
331,2026-06-21 08:06:41,BAGOPS,KORLANTAS - TMC,TMC 3 POLRES TA 2022,Polda Sulawesi Selatan,Simpang Kantor Satlantas,172.16.60.3,"-4,011063","119,621504",rtsp://onvif:lantas123!!@172.16.60.3:554/live/C825E4BB-A407-49E4-9B5E-CE898B323110,cctv_3f2d64a7-75f2-4b54-b0ac-b92c7a1922f6,Arteri,No,OFFLINE,N/A,RTSP,BE 400 (stream tidak tersedia),Unhealthy
332,2026-06-21 08:06:50,BAGOPS,KORLANTAS - RTMC,RTMC 7 POLDA,Polda Sumatera Selatan,RTMC Outdoor,vms.k3i-korlantas.id,"-2,97853025","104,7424762",https://vms.k3i-korlantas.id/K3i/SUMSEL/222_RTMC_Sumsel_Outdoor.stream/playlist.m3u8,cctv_3f8b2479-d377-44df-a8bb-9a3feae10621,Arteri,No,ONLINE,"29,61",VMS,Playlist timeout,TIMEOUT
333,2026-06-21 08:06:51,BAGOPS,KORLANTAS - TMC,TMC 3 POLRES TA 2022,Polda Jawa Tengah,Simpang 3 Pos Polisi Faroka (Bunderan Manahan),vms.k3i-korlantas.id,"-7,55916","110,78567",https://vms.k3i-korlantas.id/K3i/2RTMC-2TMC/SUMUT-018_Simpang_Prapat_ke_Wisata.stream/playlist.m3u8,cctv_3fcd4f53-bd9b-4ff5-882e-c107929f063b,Arteri,Yes,ONLINE,"147,55",VMS,Playlist timeout,TIMEOUT
334,2026-06-21 08:06:51,BAGOPS,KORLANTAS - RTMC,RTMC 6 POLDA,Polda Kalimantan Timur,TL Beruang Madu PTZ,vms.k3i-korlantas.id,"-1,26917","116,85654",https://vms.k3i-korlantas.id/K3i/6POLDA/KTM-013_TL_Beruang_Madu_PTZ.stream/playlist.m3u8,cctv_3fd26c3f-70be-4dc1-8c09-b5dbdb2eee44,Arteri,No,ONLINE,"214,23",VMS,Playlist timeout,TIMEOUT
335,2026-06-21 08:06:51,BAGOPS,KORLANTAS - TMC,TMC 8 POLRES,Polda Lampung,JPO Rm Garuda 1,vms.k3i-korlantas.id,"-5,418798","105,253183",https://vms.k3i-korlantas.id/K3i/2020/BLPG-003_Garuda_1.stream/playlist.m3u8,cctv_3fdcb144-6fc3-48a3-aabe-421613a851e4,Arteri,No,ONLINE,"189,54",VMS,Playlist timeout,TIMEOUT
336,2026-06-21 08:06:52,BAGOPS,KORLANTAS - RTMC,RTMC 6 POLDA,Polda Sulawesi Utara,P. Tendean Jmbtn Kuning,vms.k3i-korlantas.id,"1,47496","124,83362",https://vms.k3i-korlantas.id/K3i/6POLDA/SLT-027_P_Tendean_Jmbtn_Kuning.stream/playlist.m3u8,cctv_40137f21-4ffd-40c8-b219-c71b3f86d581,Arteri,No,ONLINE,"46,92",VMS,Playlist timeout,TIMEOUT
337,2026-06-21 08:06:52,BAGOPS,KORLANTAS - RTMC,RTMC 7 POLDA,Polda Jawa Barat,Pospol Gamon 2,vms.k3i-korlantas.id,"-6,37162962","107,5537851",https://vms.k3i-korlantas.id/K3i/JABAR/129_Pos_Pol_Gamon_2.stream/playlist.m3u8,cctv_40225f62-d162-42b3-bfbb-bbb18a440bac,Arteri,No,ONLINE,"92,41",VMS,Playlist timeout,TIMEOUT
338,2026-06-21 08:06:45,BAGOPS,KORLANTAS - RTMC,RTMC 6 POLDA,Polda Bangka Belitung,Transmart FIX,vms.k3i-korlantas.id,"-2,115444","106,112278",https://vms.k3i-korlantas.id/K3i/6POLDA/BBL-028_Transmart_FIX.stream/playlist.m3u8,cctv_402309d6-0b2e-4f1f-b1c7-05d7ecbddba1,Arteri,No,ONLINE,"32,33",VMS,HTTP 502,Unhealthy
339,2026-06-21 08:06:46,BAGOPS,KORLANTAS - RTMC,RTMC 6 POLDA,Polda Kalimantan Timur,TL BDS FIX,vms.k3i-korlantas.id,"-1,25939","116,86672",https://vms.k3i-korlantas.id/K3i/6POLDA/KTM-016_TL_BDS_FIX.stream/playlist.m3u8,cctv_40235ccb-ba9e-4463-a998-809e954f4c30,Arteri,No,ONLINE,"36,26",VMS,HTTP 502,Unhealthy
340,2026-06-21 08:06:46,BAGOPS,KORLANTAS - TMC,TMC 8 POLRES,Polda Jawa Timur,Simpang 4 Bunder,vms.k3i-korlantas.id,"-7,169191","112,585709",https://vms.k3i-korlantas.id/K3i/2020/GRSK-015_Simpang_4_Bunder.stream/playlist.m3u8,cctv_40d57653-d3e5-41e4-8d7c-d03be5df4008,Arteri,Yes,ONLINE,"97,99",VMS,HTTP 502,Unhealthy
341,2026-06-21 08:06:46,BAGOPS,KORLANTAS - RTMC,RTMC 6 POLDA,Polda Banten,Lampu Merah Cipocok  FIX,vms.k3i-korlantas.id,"-6,131524","106,161271",https://vms.k3i-korlantas.id/K3i/6POLDA/BNT-016_Lampu_Merah_Cipocok__FIX.stream/playlist.m3u8,cctv_40dee81e-ab11-4087-9e8b-a3d9cac579a1,Arteri,No,ONLINE,"153,34",VMS,HTTP 502,Unhealthy
342,2026-06-21 08:06:47,BAGOPS,KORLANTAS - RTMC,RTMC 3 POLDA,Polda Gorontalo,Masjid Muhtadin,vms.k3i-korlantas.id,"0,625621","123,003115",https://vms.k3i-korlantas.id/K3i/SURAKARTA/SKT-023_Simpang-Empat-Ngemplak.stream/playlist.m3u8,cctv_41048364-55a7-47f4-8293-23c27aae1a99,Arteri,No,ONLINE,"149,79",VMS,HTTP 502,Unhealthy
343,2026-06-21 08:06:49,BAGOPS,KORLANTAS - TMC,TMC 8 POLRES,Polda Kalimantan Timur,Exit Toll Manggar,10.45.42.19,"-1,22958","116,95916",rtsp://onvif:lantas123!!@10.45.42.19:554/live/D7E0CA8B-2991-4016-AC14-CCB60C930C54,cctv_4137d6af-c330-4dbf-9ea7-72887e9178d7,Arteri,No,OFFLINE,N/A,RTSP,BE 400 (stream tidak tersedia),Unhealthy
344,2026-06-21 08:06:46,BAGOPS,KORLANTAS - RTMC,RTMC 7 POLDA,Polda Jawa Barat,Pospol Sadang Purwakarta,vms.k3i-korlantas.id,"-6,50937","107,4609",https://vms.k3i-korlantas.id/K3i/JABAR/115_Pos_Pol_Sadang.stream/playlist.m3u8,cctv_414e3d84-cf98-42e8-a264-e60895af60e0,Arteri,Yes,ONLINE,27,VMS,HTTP 502,Unhealthy
345,2026-06-21 08:06:47,BAGOPS,KORLANTAS - TMC,TMC 3 POLRES TA 2023,Polda Jawa Tengah,Dpn Kntr Bupati/SP Kampus UNIVET,vms.k3i-korlantas.id,"-7,665544","110,836916",https://vms.k3i-korlantas.id/K3i/2022/SKH-010_Depan_Univet.stream/playlist.m3u8,cctv_41704de3-b790-4402-a88e-0e29b238e6ff,Arteri,Yes,ONLINE,"15,6",VMS,HTTP 502,Unhealthy
346,2026-06-21 08:06:47,BAGOPS,KORLANTAS - RTMC,RTMC 7 POLDA,Polda Metro Jaya,TL Simpang Cawang,vms.k3i-korlantas.id,"-6,24781015","106,8747784",https://vms.k3i-korlantas.id/K3i/METRO/063_TL+Simpang+Cawang.stream/playlist.m3u8,cctv_41910ac7-cdfb-4bc4-8d64-bed0e8beba6b,Arteri,Yes,ONLINE,"18,85",VMS,HTTP 502,Unhealthy
347,2026-06-21 08:06:47,BAGOPS,KORLANTAS - RTMC,RTMC 7 POLDA,Polda Metro Jaya,Bund. Alam Sutra Serpong,vms.k3i-korlantas.id,"-6,24530383","106,6492248",https://vms.k3i-korlantas.id/K3i/METRO/003_Bunderan+Alam+Sutera+Tangerang.stream/playlist.m3u8,cctv_41f39472-3c2f-4be7-9563-2e1f49fa60c6,Arteri,Yes,ONLINE,"21,56",VMS,HTTP 502,Unhealthy
348,2026-06-21 08:06:48,BAGOPS,KORLANTAS - TMC,TMC 3 POLRES TA 2023,Polda Jawa Tengah,SP 3 UMS,vms.k3i-korlantas.id,"-7,5596331","110,7693559",https://vms.k3i-korlantas.id/K3i/2022/SKH-003_Depan_Kampus_UMS_3.stream/playlist.m3u8,cctv_423081e8-15c3-4db8-b32d-9de850378836,Arteri,No,ONLINE,"13,77",VMS,HTTP 502,Unhealthy
349,2026-06-21 08:06:48,BAGOPS,KORLANTAS - RTMC,RTMC 3 POLDA,Polda Kepulauan Riau,SP 4 Masjid Raya,vms.k3i-korlantas.id,"1,1272155","104,0524364",https://vms.k3i-korlantas.id/K3i/2022/KEPRI-012_Etle_Masjid_Agung.stream/playlist.m3u8,cctv_423d26f2-b879-46bb-9ea5-203a0bef84f9,Arteri,Yes,ONLINE,"18,59",VMS,HTTP 502,Unhealthy
350,2026-06-21 08:06:48,BAGOPS,KORLANTAS - RTMC,RTMC 3 POLDA,Polda Maluku,Depan Komplek Brimob,vms.k3i-korlantas.id,"-3,6735144","128,1935758",https://vms.k3i-korlantas.id/K3i/2022/MALUKU-001_Depan_Komplek_Brimob.stream/playlist.m3u8,cctv_42fbb377-9e96-451a-8d22-15aaab13757d,Arteri,No,ONLINE,"99,26",VMS,HTTP 502,Unhealthy
351,2026-06-21 08:06:48,BAGOPS,KORLANTAS - RTMC,RTMC 7 POLDA,Polda Jawa Barat,Pospol Ciawi,vms.k3i-korlantas.id,"-6,6551375","106,8604958",https://vms.k3i-korlantas.id/K3i/JABAR/098_Pos_Pol_Ciawi.stream/playlist.m3u8,cctv_436793d1-3917-4538-b348-a1cbaa167954,Arteri,Yes,ONLINE,"12,58",VMS,HTTP 502,Unhealthy
352,2026-06-21 08:06:48,BAGOPS,KORLANTAS - TMC,TMC 3 POLRES TA 2022,Polda Jawa Tengah,Simpang 3 Ringroad Al Kahfi,vms.k3i-korlantas.id,"-7,54152756","110,8551566",https://vms.k3i-korlantas.id/K3i/2RTMC-2TMC/SULSEL-002_Jl_Ahmad_Yani_Sudirman.stream/playlist.m3u8,cctv_43860f40-6edb-4a8d-b776-e9dfebcdcebf,Arteri,Yes,ONLINE,"27,7",VMS,HTTP 502,Unhealthy
353,2026-06-21 08:06:49,BAGOPS,KORLANTAS - RTMC,RTMC 7 POLDA,Polda Jawa Timur,Simpang Pdam Malang,vms.k3i-korlantas.id,"-7,94062","112,64255",https://vms.k3i-korlantas.id/K3i/JATIM/185_Simpang_PDAM_Malang.stream/playlist.m3u8,cctv_439ac096-6a90-463d-be75-39f0181036d7,Arteri,Yes,ONLINE,"26,86",VMS,HTTP 502,Unhealthy
354,2026-06-21 08:06:49,BAGOPS,KORLANTAS - RTMC,RTMC 6 POLDA,Polda Maluku Utara,TL WALIKOTA PTZ,vms.k3i-korlantas.id,"0,786301","127,380939",https://vms.k3i-korlantas.id/K3i/6POLDA/MLT-030_Tl_Walikota_Ptz.stream/playlist.m3u8,cctv_43ce1c34-c1ed-4967-b791-f32f377a5349,Arteri,No,ONLINE,"185,52",VMS,HTTP 502,Unhealthy
355,2026-06-21 08:06:49,BAGOPS,KORLANTAS - RTMC,RTMC 7 POLDA,Polda Jawa Barat,Pospol Kahatex,vms.k3i-korlantas.id,"-6,93151386","107,5606863",https://vms.k3i-korlantas.id/K3i/JABAR/106_Pos_Pol_Kahatex_Rancaekek_Sumedang.stream/playlist.m3u8,cctv_4422d179-f78c-4632-82a9-0b5e98a6eb5a,Arteri,Yes,ONLINE,"15,62",VMS,HTTP 502,Unhealthy
356,2026-06-21 08:06:50,BAGOPS,KORLANTAS - TMC,TMC 8 POLRES,Polda Jawa Timur,Simpang 3 Exit Tol Kebomas,vms.k3i-korlantas.id,"-7,16819","112,59529",https://vms.k3i-korlantas.id/K3i/2020/GRSK-006_Kebomas2.stream/playlist.m3u8,cctv_442c2c69-c0c1-4e29-93b4-cbe047edfe32,Arteri,Yes,ONLINE,"28,33",VMS,HTTP 502,Unhealthy
357,2026-06-21 08:07:00,BAGOPS,KORLANTAS - TMC,TMC 8 POLRES,Polda Jawa Timur,Simpang 3 GKB 1,vms.k3i-korlantas.id,"-7,159486","112,618592",https://vms.k3i-korlantas.id/K3i/2020/GRSK-007_Simpang3_GKB1.stream/playlist.m3u8,cctv_443640a3-7934-45ee-bd9b-5a9a1b966139,Arteri,Yes,ONLINE,"15,31",VMS,HTTP 502,Unhealthy
358,2026-06-21 08:07:00,BAGOPS,KORLANTAS - RTMC,RTMC 6 POLDA,Polda Sulawesi Utara,A.Yani Dpn X O Suki,vms.k3i-korlantas.id,"1,46733","124,83106",https://vms.k3i-korlantas.id/K3i/6POLDA/SLT-016_A.Yani_Dpn_X_O_Suki.stream/playlist.m3u8,cctv_4457c212-89a3-4a86-80ea-011fe42279d0,Arteri,No,ONLINE,"13,95",VMS,HTTP 502,Unhealthy
359,2026-06-21 08:07:10,BAGOPS,KORLANTAS - TMC,TMC 8 POLRES,Polda Jawa Tengah,SP 5 Sumber Solo,10.45.42.19,"-7,54582","110,805722",rtsp://onvif:lantas123!!@10.45.42.19:554/live/B7C8D340-4880-4C49-BBC3-C187DF908492,cctv_446cd94b-4547-47ec-b6fb-d90a2d24551a,Arteri,Yes,OFFLINE,N/A,RTSP,Playlist timeout,TIMEOUT
360,2026-06-21 08:07:00,BAGOPS,KORLANTAS - RTMC,RTMC 7 POLDA,Polda Metro Jaya,TL Armabar,vms.k3i-korlantas.id,"-6,16369","106,83836",https://vms.k3i-korlantas.id/K3i/METRO/037_TL+Armabar.stream/playlist.m3u8,cctv_447fd5c5-74ad-467a-8eb5-1f742db75b05,Arteri,Yes,ONLINE,"15,93",VMS,HTTP 502,Unhealthy
361,2026-06-21 08:07:00,BAGOPS,KORLANTAS - RTMC,RTMC 6 POLDA,Polda Bangka Belitung,SP. Muntok PTZ,vms.k3i-korlantas.id,"-2,132222","106,108389",https://vms.k3i-korlantas.id/K3i/6POLDA/BBL-021_SP_Muntok_PTZ.stream/playlist.m3u8,cctv_44a21049-2cfb-411b-b504-990c608a4473,Arteri,No,ONLINE,"23,71",VMS,HTTP 502,Unhealthy
362,2026-06-21 08:07:00,BAGOPS,KORLANTAS - RTMC,RTMC 6 POLDA,Polda Riau,Simpang bandara 1,vms.k3i-korlantas.id,"0,4707099","101,4539618",https://vms.k3i-korlantas.id/K3i/6POLDA/RIAU-010_Simpang_bandara_1.stream/playlist.m3u8,cctv_44a4234f-65d1-4bef-a577-2679adeb0fd0,Arteri,No,ONLINE,"20,33",VMS,HTTP 502,Unhealthy
363,2026-06-21 08:07:00,BAGOPS,KORLANTAS - RTMC,RTMC 7 POLDA,Polda Jawa Tengah,Simpang 4 Palur,vms.k3i-korlantas.id,"-7,56836","110,87353",https://vms.k3i-korlantas.id/K3i/JATENG/160_Simpang_4_Palur.stream/playlist.m3u8,cctv_44e5b8ea-4721-4f62-a4c5-3d77b9a75316,Arteri,No,ONLINE,"15,05",VMS,HTTP 502,Unhealthy
364,2026-06-21 08:07:00,BAGOPS,KORLANTAS - RTMC,RTMC 7 POLDA,Polda Bali,Kuta Square,vms.k3i-korlantas.id,"-8,72444","115,17138",https://vms.k3i-korlantas.id/K3i/BALI/205_Kuta_Square.stream/playlist.m3u8,cctv_44fbe0b6-e74f-4747-b6d8-670c7c39300c,Arteri,No,ONLINE,"243,85",VMS,HTTP 502,Unhealthy
365,2026-06-21 08:07:00,BAGOPS,KORLANTAS - RTMC,RTMC 7 POLDA,Polda Metro Jaya,TL Harmoni,vms.k3i-korlantas.id,"-6,16721","106,82092",https://vms.k3i-korlantas.id/K3i/METRO/045_TL+Harmoni+1.stream/playlist.m3u8,cctv_4525951a-0966-406e-97dc-9e2ddaec67b8,Arteri,Yes,ONLINE,"156,02",VMS,HTTP 502,Unhealthy
366,2026-06-21 08:07:00,BAGOPS,KORLANTAS - RTMC,RTMC 3 POLDA,Polda Kepulauan Riau,Bundaran Kabil,vms.k3i-korlantas.id,"1,1004789","104,095355",https://vms.k3i-korlantas.id/K3i/2022/KEPRI-001_Bundaran_Kabil.stream/playlist.m3u8,cctv_45869833-3f2d-4656-89f6-e0c803182866,Arteri,Yes,ONLINE,"131,58",VMS,HTTP 502,Unhealthy
367,2026-06-21 08:07:02,BAGOPS,KORLANTAS - TMC,TMC 3 POLRES TA 2022,Polda Sulawesi Selatan,ujung Jl. S. Hasanudin (pasar Senggol),172.16.60.3,"-4,007182","119,622348",rtsp://onvif:lantas123!!@172.16.60.3:554/live/723CD029-BD01-4A53-B080-783C2F781B45,cctv_458c529b-c030-4af0-91f1-dcf69b826675,Arteri,No,OFFLINE,N/A,RTSP,BE 400 (stream tidak tersedia),Unhealthy
368,2026-06-21 08:07:01,BAGOPS,KORLANTAS - TMC,TMC 4 POLRES TA 2024,Polda Sumatera Selatan,DPN Bank BNI,vms.k3i-korlantas.id,"-3,01038","104,72312",https://vms.k3i-korlantas.id/K3i/2024/PLG-005_DPN_Bank_BNI.stream/playlist.m3u8,cctv_45c94833-f96b-4965-8fc7-c31a36dee8e0,Arteri,Yes,ONLINE,"28,64",VMS,HTTP 502,Unhealthy
369,2026-06-21 08:07:01,BAGOPS,KORLANTAS - RTMC,RTMC 6 POLDA,Polda Bangka Belitung,SP. Muntok FIX,vms.k3i-korlantas.id,"-2,132222","106,108389",https://vms.k3i-korlantas.id/K3i/6POLDA/BBL-022_SP_Muntok_FIX.stream/playlist.m3u8,cctv_46092fee-6648-40f8-ae80-c410c3485775,Arteri,No,ONLINE,"15,66",VMS,HTTP 502,Unhealthy
370,2026-06-21 08:07:01,BAGOPS,KORLANTAS - RTMC,RTMC 7 POLDA,Polda Jawa Barat,Simpang Jl. Baru Nagreg,vms.k3i-korlantas.id,"-7,02056192","107,8894458",https://vms.k3i-korlantas.id/K3i/JABAR/091_Persimpangan_Jln.Baru_Nagreg.stream/playlist.m3u8,cctv_46e0a4ee-83e7-41fc-ab97-02ab7459ccc1,Arteri,Yes,ONLINE,"31,28",VMS,HTTP 502,Unhealthy
371,2026-06-21 08:07:01,BAGOPS,KORLANTAS - RTMC,RTMC 6 POLDA,Polda Riau,Gurindam 2 A,vms.k3i-korlantas.id,"0,5104994","101,4492916",https://vms.k3i-korlantas.id/K3i/6POLDA/RIAU-021_Gurindam_2_A.stream/playlist.m3u8,cctv_471e5b6b-5d7f-4595-a941-296165fcc4dd,Arteri,No,ONLINE,"15,67",VMS,HTTP 502,Unhealthy
372,2026-06-21 08:07:01,BAGOPS,KORLANTAS - RTMC,RTMC 6 POLDA,Polda Riau,Mall ska 2,vms.k3i-korlantas.id,"0,5006752","101,4190514",https://vms.k3i-korlantas.id/K3i/6POLDA/RIAU-016_Mall_ska_2.stream/playlist.m3u8,cctv_479148f6-0d74-4383-8ab8-de714f939bb1,Arteri,No,ONLINE,"17,2",VMS,HTTP 502,Unhealthy
373,2026-06-21 08:07:01,BAGOPS,KORLANTAS - TMC,TMC 3 POLRES TA 2022,Polda Kalimantan Tengah,Simpang Galaxy,vms.k3i-korlantas.id,"-2,21773","113,8978",https://vms.k3i-korlantas.id/K3i/SURAKARTA/SKT-049_Simpang-Empat-Matahari-Singosaren.stream/playlist.m3u8,cctv_47d40615-3c7e-4738-b8c8-1488577d38b8,Arteri,No,ONLINE,"17,27",VMS,HTTP 502,Unhealthy
374,2026-06-21 08:07:01,BAGOPS,KORLANTAS - RTMC,RTMC 7 POLDA,Polda Metro Jaya,TL Istiqlal,vms.k3i-korlantas.id,"-6,16988","106,83295",https://vms.k3i-korlantas.id/K3i/METRO/047_TL+Istiqlal.stream/playlist.m3u8,cctv_47dc8fc0-7653-40ce-ad18-2ff18f12b609,Arteri,Yes,ONLINE,"34,7",VMS,HTTP 502,Unhealthy
375,2026-06-21 08:07:01,BAGOPS,KORLANTAS - RTMC,HARWAT RTMC 4 POLDA,Polda Kalimantan Tengah,Apill Garuda Cilik Riwut,vms.k3i-korlantas.id,"-2,190037","113,898909",https://vms.k3i-korlantas.id/K3i/2024/KLTG-008_Apiil_Garuda_Tjilik_Riwut.stream/playlist.m3u8,cctv_48282b79-093c-4104-bb84-6de3a73bc18c,Arteri,No,ONLINE,"41,19",VMS,HTTP 502,Unhealthy
376,2026-06-21 08:07:01,BAGOPS,KORLANTAS - TMC,TMC 8 POLRES,Polda Jambi,Simpang Selamat Datang,vms.k3i-korlantas.id,"-1,595698","103,622544",https://vms.k3i-korlantas.id/K3i/2020/JMB-005_SP_Selamat_Datang.stream/playlist.m3u8,cctv_485208c1-d333-4161-a92b-dc3a3ac9114c,Arteri,No,ONLINE,"32,48",VMS,HTTP 502,Unhealthy
377,2026-06-21 08:07:01,BAGOPS,KORLANTAS - TMC,TMC 8 POLRES,Polda Sumatera Barat,Simpang Olo ladang,vms.k3i-korlantas.id,"-0,943183","100,354492",https://vms.k3i-korlantas.id/K3i/2020/PDG-017_SP_Olo_Ladang.stream/playlist.m3u8,cctv_48717257-a9e5-446b-8162-2a1623034355,Arteri,Yes,ONLINE,"22,79",VMS,HTTP 502,Unhealthy
378,2026-06-21 08:07:01,BAGOPS,KORLANTAS - RTMC,RTMC 7 POLDA,Polda Sumatera Selatan,S. Tugupremaswara,vms.k3i-korlantas.id,"-3,02140273","104,7835163",https://vms.k3i-korlantas.id/K3i/SUMSEL/227_Tugu_Prameswara_Jakabaring.stream/playlist.m3u8,cctv_491864c4-d35e-4cbd-bc4b-39e859b9a4d8,Arteri,No,ONLINE,"16,25",VMS,HTTP 502,Unhealthy
379,2026-06-21 08:07:01,BAGOPS,KORLANTAS - RTMC,RTMC 3 POLDA,Polda Kepulauan Riau,SP 4 Gelael,vms.k3i-korlantas.id,"1,1264532","104,0315996",https://vms.k3i-korlantas.id/K3i/2022/KEPRI-004_SP_4_Gelael.stream/playlist.m3u8,cctv_491b625b-5263-4adb-84da-4f574e2a3389,Arteri,No,ONLINE,"67,95",VMS,HTTP 502,Unhealthy
380,2026-06-21 08:07:01,BAGOPS,KORLANTAS - RTMC,RTMC 7 POLDA,Polda Jawa Barat,Pospol Harimat Cianjur,vms.k3i-korlantas.id,"-6,81418751","107,1316702",https://vms.k3i-korlantas.id/K3i/JABAR/103_Pos_Pol_Harimat_Cianjur.stream/playlist.m3u8,cctv_4922b665-6ff4-4645-8055-e02d858667e4,Arteri,Yes,ONLINE,"56,14",VMS,HTTP 502,Unhealthy
381,2026-06-21 08:07:01,BAGOPS,KORLANTAS - TMC,TMC 8 POLRES,Polda Jawa Timur,Simpang 3 Exit Tol Kebomas,vms.k3i-korlantas.id,"-7,16819","112,59529",https://vms.k3i-korlantas.id/K3i/2020/GRSK-005_Kebomas1.stream/playlist.m3u8,cctv_49d0b659-b408-4fd2-af5d-9d5f79577932,Arteri,Yes,ONLINE,"40,82",VMS,HTTP 502,Unhealthy
382,2026-06-21 08:07:01,BAGOPS,KORLANTAS - RTMC,RTMC 6 POLDA,Polda Maluku Utara,POS KPLP FIX 2 ETLE,vms.k3i-korlantas.id,"0,777141","127,38651",https://vms.k3i-korlantas.id/K3i/6POLDA/MLT-027_Pos_Kplp_Fix_2_Etle.stream/playlist.m3u8,cctv_4a45212d-8d82-42a8-b6af-1e527b332c9e,Arteri,Yes,ONLINE,"30,11",VMS,HTTP 502,Unhealthy
383,2026-06-21 08:07:01,BAGOPS,KORLANTAS - TMC,TMC 3 POLRES TA 2022,Polda Sulawesi Selatan,JL. P.KEMERDEKAAN / PINTU UNHAS BARAT,vms.k3i-korlantas.id,"-5,141012","119,489094",https://vms.k3i-korlantas.id/K3i/SURAKARTA/SKT-063_Smpng-Empat-Koramil-Pasar-Kliwon.stream/playlist.m3u8,cctv_4a6aa8bb-4790-49d6-870e-6c7ed950ac4d,Arteri,No,ONLINE,"24,25",VMS,HTTP 502,Unhealthy
384,2026-06-21 08:07:01,BAGOPS,KORLANTAS - RTMC,HARWAT RTMC 4 POLDA,Polda Sulawesi Barat,Gerbang Kota Mamuju,vms.k3i-korlantas.id,"-2,69670259","118,8632851",https://vms.k3i-korlantas.id/K3i/2024/SLBR-002_Gerbang_Kota_Mamuju.stream/playlist.m3u8,cctv_4a6e74c1-f43f-4138-9452-f67e3af976e4,Arteri,Yes,ONLINE,"16,81",VMS,HTTP 502,Unhealthy
385,2026-06-21 08:07:03,BAGOPS,KORLANTAS - TMC,TMC 3 POLRES TA 2022,Polda Sulawesi Selatan,JL. P.KEMERDEKAAN / BTP TAMALANREA,172.16.60.3,"-5,131925","119,498336",rtsp://onvif:lantas123!!@172.16.60.3:554/live/A3966C9E-2C94-4F30-8A8C-E5F143716217,cctv_4a733a9e-6bcb-46af-a6c5-808ad19b815c,Arteri,No,OFFLINE,N/A,RTSP,BE 400 (stream tidak tersedia),Unhealthy
386,2026-06-21 08:07:03,BAGOPS,KORLANTAS - TMC,TMC 3 POLRES TA 2022,Polda Sumatera Utara,Simpang Prapat ke Wisata,172.16.60.3,"2,6678134","98,9382978",rtsp://onvif:lantas123!!@172.16.60.3:554/live/8CB8F31D-C55B-411F-B428-35BEF2ED2779,cctv_4a8f17b5-5160-4f94-8480-6423f981a2d2,Arteri,No,OFFLINE,N/A,RTSP,BE 400 (stream tidak tersedia),Unhealthy
387,2026-06-21 08:07:02,BAGOPS,KORLANTAS - RTMC,RTMC 7 POLDA,Polda Sumatera Selatan,Simpang Macan Lindungan Jln Alamsyah,vms.k3i-korlantas.id,"-2,98826194","104,7189271",https://vms.k3i-korlantas.id/K3i/SUMSEL/232_Simpang_Macan_Lindungan_Jln_Alamsyah.stream/playlist.m3u8,cctv_4a907d6f-18ff-4113-988b-a244a82309a5,Arteri,No,ONLINE,"25,21",VMS,HTTP 502,Unhealthy
388,2026-06-21 08:06:55,BAGOPS,KORLANTAS - TMC,TMC 3 POLRES TA 2022,Polda Sumatera Utara,Simpang Kawat Asahan,172.16.60.3,"2,92148348","99,71347409",rtsp://onvif:lantas123!!@172.16.60.3:554/live/A7C937EE-029F-4E13-9812-E5B8ED6D76C6,cctv_4abfa8c9-8099-43b0-a6d9-70fe05fcb613,Arteri,No,OFFLINE,N/A,RTSP,BE 400 (stream tidak tersedia),Unhealthy
389,2026-06-21 08:06:56,BAGOPS,KORLANTAS - TMC,TMC 8 POLRES,Polda Sulawesi Tenggara,Bundaran Tapal Kuda,10.45.42.19,"-3,97394478","122,5255217",rtsp://onvif:lantas123!!@10.45.42.19:554/live/5CCD2160-FA1F-433C-ADCC-99E39D798081,cctv_4ace625b-5c2f-4a40-a9b6-39a7b5961801,Arteri,Yes,OFFLINE,N/A,RTSP,BE 400 (stream tidak tersedia),Unhealthy
390,2026-06-21 08:06:53,BAGOPS,KORLANTAS - RTMC,RTMC 7 POLDA,Polda Jawa Barat,Pospol Jl. A. Yani,vms.k3i-korlantas.id,"-6,91346","107,6344",https://vms.k3i-korlantas.id/K3i/JABAR/076_Pos_Polisi_Jl.Ahmad_Yan.stream/playlist.m3u8,cctv_4ad7b85b-636e-4222-8f19-022642988ce6,Arteri,No,ONLINE,"20,75",VMS,HTTP 502,Unhealthy
391,2026-06-21 08:06:53,BAGOPS,KORLANTAS - RTMC,RTMC 3 POLDA,Polda Bengkulu,Pantai Panjang,vms.k3i-korlantas.id,"-3,80761","102,2633",https://vms.k3i-korlantas.id/K3i/2RTMC-2TMC/PRP-018_Smpang_RS_Sumantri_jl_Agus_salim_A_Yani_SPBU.stream/playlist.m3u8,cctv_4b102f85-779a-4ed2-8ff9-22e476a8825f,Arteri,Yes,ONLINE,"20,67",VMS,HTTP 502,Unhealthy
392,2026-06-21 08:07:03,BAGOPS,KORLANTAS - TMC,TMC 4 POLRES TA 2024,Polda Jawa Timur,MONITORING SMP 20,10.45.42.19,"-7,96296","112,64072",rtsp://onvif:lantas123!!@10.45.42.19:554/live/F287B411-7F75-4563-81D5-4AF8CCA9219A,cctv_4baac4a5-bcb3-4d48-8ff0-771f21a4fd25,Arteri,No,OFFLINE,N/A,RTSP,Playlist timeout,TIMEOUT
393,2026-06-21 08:06:54,BAGOPS,KORLANTAS - RTMC,RTMC 7 POLDA,Polda Jawa Tengah,Pertigaan A Yani Brebes,vms.k3i-korlantas.id,"-6,94056","108,89334",https://vms.k3i-korlantas.id/K3i/JATENG/146_Pertigaan_A_Yani_Brebes.stream/playlist.m3u8,cctv_4c65a598-a8c4-4e41-85ec-8d6bcbc79df8,Arteri,Yes,ONLINE,"16,04",VMS,HTTP 502,Unhealthy
394,2026-06-21 08:06:54,BAGOPS,KORLANTAS - RTMC,RTMC 6 POLDA,Polda Bangka Belitung,Kejora dalam FIX 2,vms.k3i-korlantas.id,"-2,146444","106,153778",https://vms.k3i-korlantas.id/K3i/6POLDA/BBL-010_Kejora_dalam_FIX_2.stream/playlist.m3u8,cctv_4c75a897-4b51-4a80-a86f-83c5e5c1f8b9,Arteri,No,ONLINE,"23,16",VMS,HTTP 502,Unhealthy
395,2026-06-21 08:06:57,BAGOPS,KORLANTAS - RTMC,RTMC 7 POLDA,Polda Jawa Barat,Pospol Kanci,10.45.37.170,"-6,78611372","108,6316659",rtsp://operator:Qwerty654321@@10.45.37.170:554/Streaming/Channels/102/,cctv_4c93bf4a-d087-48a3-8c14-eb5dab7a0e66,Arteri,No,OFFLINE,N/A,RTSP,BE 400 (stream tidak tersedia),Unhealthy
396,2026-06-21 08:06:54,BAGOPS,KORLANTAS - RTMC,RTMC 7 POLDA,Polda Metro Jaya,Bunderan  patung senayan,vms.k3i-korlantas.id,"-6,22938","106,79976",https://vms.k3i-korlantas.id/K3i/METRO/025_Bunderan++Patung+Senayan.stream/playlist.m3u8,cctv_4cc4725a-9cf7-46c0-9111-6391b771d65e,Arteri,No,ONLINE,"16,07",VMS,HTTP 502,Unhealthy
397,2026-06-21 08:06:54,BAGOPS,KORLANTAS - RTMC,RTMC 7 POLDA,Polda Jawa Barat,Pospol Pasar Malangbong,vms.k3i-korlantas.id,"-7,06072614","108,0869443",https://vms.k3i-korlantas.id/K3i/JABAR/112_Pos_Pol_Pasar_Malangbong.stream/playlist.m3u8,cctv_4d1456e0-42a1-4a9c-bb3c-68992dad84f3,Arteri,No,ONLINE,"18,14",VMS,HTTP 502,Unhealthy
398,2026-06-21 08:06:54,BAGOPS,KORLANTAS - TMC,TMC 8 POLRES,Polda Sumatera Barat,Simpang Hangtuah,vms.k3i-korlantas.id,"-0,951679","100,355298",https://vms.k3i-korlantas.id/K3i/2020/PDG-006_Simpang_Hangtuah.stream/playlist.m3u8,cctv_4d5079b9-2d41-4678-b33d-ff57d9594d48,Arteri,Yes,ONLINE,"30,89",VMS,HTTP 502,Unhealthy
399,2026-06-21 08:06:54,BAGOPS,KORLANTAS - RTMC,RTMC 7 POLDA,Polda DIY,Tugu Mangkubumi,vms.k3i-korlantas.id,"-7,78285666","110,3670699",https://vms.k3i-korlantas.id/K3i/DIY/192_Mangkubumi.stream/playlist.m3u8,cctv_4e1f954a-d22f-404d-bb68-64ec0e779831,Arteri,No,ONLINE,"13,54",VMS,HTTP 502,Unhealthy
400,2026-06-21 08:06:56,BAGOPS,KORLANTAS - TMC,TMC 8 POLRES,Polda Jawa Barat,Pantura Plered,10.45.42.19,"-6,707939","108,5177823",rtsp://onvif:lantas123!!@10.45.42.19:554/live/CC032D4A-FA36-4D72-AA1E-162F23049F4F,cctv_4e2e5739-e9d0-4b5a-bf98-c9ec2a937327,Arteri,No,OFFLINE,N/A,RTSP,Video mengalir (7 segmen),Healthy
401,2026-06-21 08:06:54,BAGOPS,KORLANTAS - RTMC,RTMC 3 POLDA,Polda Sulawesi Tengah,McD,vms.k3i-korlantas.id,"-0,8982652","119,8875778",https://vms.k3i-korlantas.id/K3i/2022/SULTENG-009_Mc_Donald.stream/playlist.m3u8,cctv_4e391a0a-fb76-4092-ba3e-01e1e0bc69db,Arteri,No,ONLINE,"19,1",VMS,HTTP 502,Unhealthy
402,2026-06-21 08:06:57,BAGOPS,KORLANTAS - TMC,TMC 8 POLRES,Polda Kalimantan Timur,SP Behller,10.45.42.19,"-1,26053","116,86254",rtsp://onvif:lantas123!!@10.45.42.19:554/live/0991E013-56AF-45AC-8C3B-C5D39E2EACEC,cctv_4e49bd85-a117-4137-af9a-00d1fdb6a406,Arteri,No,OFFLINE,N/A,RTSP,BE 400 (stream tidak tersedia),Unhealthy
403,2026-06-21 08:06:54,BAGOPS,KORLANTAS - RTMC,RTMC 3 POLDA,Polda Aceh,SP Tugu - Waka,vms.k3i-korlantas.id,"5,5345604","95,3044527",https://vms.k3i-korlantas.id/K3i/2021/ACEH_018_SP_Tugu-Waka.stream/playlist.m3u8,cctv_4e4f21e4-83af-4eb3-b7fe-700bb0f7c52a,Arteri,Yes,ONLINE,"35,5",VMS,HTTP 502,Unhealthy
404,2026-06-21 08:06:54,BAGOPS,KORLANTAS - RTMC,HARWAT RTMC 4 POLDA,Polda Sulawesi Barat,Polres Pasangkayu,vms.k3i-korlantas.id,"-1,182318","119,355203",https://vms.k3i-korlantas.id/K3i/2024/SLBR-001_Analytic_Pasang_Kayu.stream/playlist.m3u8,cctv_4e5373d8-fe51-4eda-b4a7-4984eed8ec73,Arteri,No,ONLINE,"21,72",VMS,HTTP 502,Unhealthy
405,2026-06-21 08:06:55,BAGOPS,KORLANTAS - RTMC,RTMC 7 POLDA,Polda Metro Jaya,Stasiun Gambir,vms.k3i-korlantas.id,"-6,17912","106,83178",https://vms.k3i-korlantas.id/K3i/METRO/019_Stasiun+Gambir.stream/playlist.m3u8,cctv_4e8a6aca-0fa3-45d4-b2e1-82bd700c5ebf,Arteri,No,ONLINE,"22,4",VMS,HTTP 502,Unhealthy
406,2026-06-21 08:06:55,BAGOPS,KORLANTAS - RTMC,RTMC 3 POLDA,Polda Gorontalo,SP 4 Taruna,vms.k3i-korlantas.id,"0,5305635","123,0597463",https://vms.k3i-korlantas.id/K3i/SURAKARTA/SKT-015_Simpang-Empat-Masjid-Riyadh.stream/playlist.m3u8,cctv_4edc05f3-6dcb-4cff-9c35-b57cc1e739e6,Arteri,No,ONLINE,"44,14",VMS,HTTP 502,Unhealthy
407,2026-06-21 08:06:55,BAGOPS,KORLANTAS - RTMC,RTMC 6 POLDA,Polda Kalimantan Timur,Le Grandeur PTZ,vms.k3i-korlantas.id,"-1,2731","116,85152",https://vms.k3i-korlantas.id/K3i/6POLDA/KTM-009_Le_Grandeur_PTZ.stream/playlist.m3u8,cctv_4eee0b47-23e4-4b47-bc2b-0cf6d07c6762,Arteri,Yes,ONLINE,"37,47",VMS,HTTP 502,Unhealthy
408,2026-06-21 08:06:55,BAGOPS,KORLANTAS - TMC,TMC 3 POLRES TA 2023,Polda DIY,SP 4 Boplaz,vms.k3i-korlantas.id,"-7,778195","110,361086",https://vms.k3i-korlantas.id/K3i/2022/YOGYA-001_SP_3_Boplaz.stream/playlist.m3u8,cctv_4ef80c74-0086-4208-96ab-7ce3759b37fe,Arteri,Yes,ONLINE,"29,94",VMS,HTTP 502,Unhealthy
409,2026-06-21 08:06:55,BAGOPS,KORLANTAS - TMC,TMC 8 POLRES,Polda Lampung,Simpang Kantor Gubernur,vms.k3i-korlantas.id,"-5,439571","105,258347",https://vms.k3i-korlantas.id/K3i/2020/BLPG-019_Gubernur.stream/playlist.m3u8,cctv_505fc315-3050-41ba-8dfe-128ac73375b4,Arteri,No,ONLINE,"36,68",VMS,HTTP 502,Unhealthy
410,2026-06-21 08:06:55,BAGOPS,KORLANTAS - RTMC,RTMC 7 POLDA,Polda Jawa Tengah,Simpang 3 Prambanan Klaten,vms.k3i-korlantas.id,"-7,75589","110,48835",https://vms.k3i-korlantas.id/K3i/JATENG/159_Simpang_3_Prambanan_Klaten.stream/playlist.m3u8,cctv_508a4497-9944-4f9a-95b4-6e21d4d55be2,Arteri,Yes,ONLINE,"17,66",VMS,HTTP 502,Unhealthy
411,2026-06-21 08:06:58,BAGOPS,KORLANTAS - TMC,TMC 8 POLRES,Polda Sulawesi Tenggara,SP 4 Sinarmas,10.45.42.19,"-7,6083821","109,5095083",rtsp://onvif:lantas123!!@10.45.42.19:554/live/CA2433CE-FB11-4C66-BE27-411C9DEB6E49,cctv_50b99277-866d-4920-8fda-0f2a9929e30e,Arteri,Yes,OFFLINE,N/A,RTSP,BE 400 (stream tidak tersedia),Unhealthy
412,2026-06-21 08:06:55,BAGOPS,KORLANTAS - TMC,TMC 8 POLRES,Polda Sumatera Barat,Simpang Ujung gurun 1,vms.k3i-korlantas.id,"-0,9340054","100,3612286",https://vms.k3i-korlantas.id/K3i/2020/PDG-019_ujung_gurun1.stream/playlist.m3u8,cctv_516e21bb-2d63-4423-b838-065ec07e4c6f,Arteri,No,ONLINE,"32,21",VMS,HTTP 502,Unhealthy
413,2026-06-21 08:06:57,BAGOPS,KORLANTAS - TMC,TMC 3 POLRES TA 2022,Polda Sumatera Utara,Jl. Umum KM 29-30 Medan Tebing Tinggi tepatnya Desa Pagar Jati Kec. Lubuk Pakam Kab Deli Serdang,172.16.60.3,"3,5651611","98,9141438",rtsp://onvif:lantas123!!@172.16.60.3:554/live/608E4CCB-7F72-40F6-87CF-0BC9328DAB17,cctv_51a68b16-0f8c-4377-9878-5d7afa009db1,Arteri,No,OFFLINE,N/A,RTSP,BE 400 (stream tidak tersedia),Unhealthy
414,2026-06-21 08:06:55,BAGOPS,KORLANTAS - RTMC,RTMC 6 POLDA,Polda Maluku Utara,DUA SEKAWAN FIX 1 ETLE,vms.k3i-korlantas.id,"0,777299","127,37649",https://vms.k3i-korlantas.id/K3i/6POLDA/MLT-018_Dua_Sekawan_Fix_1_Etle.stream/playlist.m3u8,cctv_51c1cc02-42eb-401a-8d29-89a04e0aa52c,Arteri,No,ONLINE,"13,29",VMS,HTTP 502,Unhealthy
415,2026-06-21 08:06:55,BAGOPS,KORLANTAS - RTMC,RTMC 6 POLDA,Polda Sulawesi Utara,Septim musik,vms.k3i-korlantas.id,"1,46293","124,82672",https://vms.k3i-korlantas.id/K3i/6POLDA/SLT-024_Septim_musik.stream/playlist.m3u8,cctv_51e76e34-1225-4cd8-8403-204ea44ea720,Arteri,No,ONLINE,"22,17",VMS,HTTP 502,Unhealthy
416,2026-06-21 08:06:55,BAGOPS,KORLANTAS - RTMC,RTMC 7 POLDA,Polda Jawa Barat,Pospol Ledeng,vms.k3i-korlantas.id,"-6,85849","107,5949",https://vms.k3i-korlantas.id/K3i/JABAR/107_Pos_Pol_Ledeng.stream/playlist.m3u8,cctv_5212ba07-2dbc-4059-ab1e-d8d2000a86dc,Arteri,No,ONLINE,"13,29",VMS,HTTP 502,Unhealthy
417,2026-06-21 08:06:55,BAGOPS,KORLANTAS - TMC,TMC 3 POLRES TA 2022,Polda Jawa Tengah,Simpang 4 Masjid Kota Barat,vms.k3i-korlantas.id,"-7,56234","110,80693",https://vms.k3i-korlantas.id/K3i/2RTMC-2TMC/SULSEL-020_Jl_Sunu_Jl.Tinumbu.stream/playlist.m3u8,cctv_5213a611-abe8-4b69-844b-f466637e0421,Arteri,Yes,ONLINE,"22,15",VMS,HTTP 502,Unhealthy
418,2026-06-21 08:06:55,BAGOPS,KORLANTAS - TMC,TMC 3 POLRES TA 2022,Polda Jawa Tengah,Simpang 4 Matahari singosaren,vms.k3i-korlantas.id,"-7,57381045","110,8209367",https://vms.k3i-korlantas.id/K3i/2RTMC-2TMC/SULSEL-021_Jl_Urip_Sumohardjo_PLTU.stream/playlist.m3u8,cctv_52209f95-3fee-40a3-994b-583131c0f063,Arteri,No,ONLINE,"24,92",VMS,HTTP 502,Unhealthy
419,2026-06-21 08:04:05,BAGOPS,KORLANTAS - RTMC,RTMC 7 POLDA,Polda Bali,Simpang 4 Cokroaminoto,vms.k3i-korlantas.id,"-8,63945","115,25397",https://vms.k3i-korlantas.id/K3i/BALI/207_Simpang_4_Cokroaminoto.stream/playlist.m3u8,cctv_523841c5-97d8-402a-9642-d87eacb34bf6,Arteri,Yes,ONLINE,"270,2",VMS,Playlist timeout,TIMEOUT
420,2026-06-21 08:04:05,BAGOPS,KORLANTAS - RTMC,RTMC 6 POLDA,Polda Kalimantan Timur,Ujung Lap Merdeka FIX,vms.k3i-korlantas.id,"-1,28076","116,81153",https://vms.k3i-korlantas.id/K3i/6POLDA/KTM-002_Ujung_Lap_Merdeka_FIX.stream/playlist.m3u8,cctv_523b3dec-e136-454e-a11e-8cb2c584ad69,Arteri,Yes,ONLINE,"224,34",VMS,Playlist timeout,TIMEOUT
421,2026-06-21 08:04:05,BAGOPS,KORLANTAS - RTMC,RTMC 3 POLDA,Polda Nusa Tenggara Barat,Perbatasan Desa Jengik,vms.k3i-korlantas.id,"-8,6345223","116,3766836",https://vms.k3i-korlantas.id/K3i/2021/NTB-006_Perbatasan_Ds_Jenggik.stream/playlist.m3u8,cctv_525a105e-f272-4ad1-b0d2-d371b0e0c7b8,Arteri,No,ONLINE,"208,97",VMS,Playlist timeout,TIMEOUT
422,2026-06-21 08:04:05,BAGOPS,KORLANTAS - RTMC,RTMC 3 POLDA,Polda Nusa Tenggara Timur,Pos Pol Eltari Kefa-NTT,vms.k3i-korlantas.id,"-9,45927206","124,4794264",https://vms.k3i-korlantas.id/K3i/2021/NTT-018_SP_Pos_Pol_Eltari-Terminal.stream/playlist.m3u8,cctv_527867a7-de86-45d7-be8d-28a0c3dc3aeb,Arteri,Yes,ONLINE,"192,08",VMS,Playlist timeout,TIMEOUT
423,2026-06-21 08:01:33,BAGOPS,KORLANTAS - TMC,TMC 3 POLRES TA 2022,Polda Sumatera Utara,Sebelum Gapura Selamat Datang Pakam,172.16.60.3,"3,5526951","98,8497358",rtsp://onvif:lantas123!!@172.16.60.3:554/live/B58AB8BE-E261-44FF-8264-91A17C7CD4D1,cctv_52ab753e-4512-4223-9ef9-5674cbd3fc5c,Arteri,No,OFFLINE,N/A,RTSP,BE 400 (stream tidak tersedia),Unhealthy
424,2026-06-21 08:04:06,BAGOPS,KORLANTAS - TMC,TMC 8 POLRES,Polda Jawa Barat,Depan Pos Pol/Pasar Mundu,10.45.42.19,"-6,75748559","108,5942849",rtsp://onvif:lantas123!!@10.45.42.19:554/live/865E1E7C-3D87-4DD7-B95F-4B1B8A0E4A39,cctv_52b5fa49-ce75-4a82-b335-697e3d45af1e,Arteri,No,OFFLINE,N/A,RTSP,Playlist timeout,TIMEOUT
425,2026-06-21 08:04:05,BAGOPS,KORLANTAS - RTMC,RTMC 6 POLDA,Polda Riau,Gurindam 2 B,vms.k3i-korlantas.id,"0,5102699","101,4493851",https://vms.k3i-korlantas.id/K3i/6POLDA/RIAU-022_Gurindam_2_B.stream/playlist.m3u8,cctv_52bcbfc5-f24c-446e-b496-aaaba25faa2f,Arteri,No,ONLINE,"168,22",VMS,Playlist timeout,TIMEOUT
426,2026-06-21 08:01:34,BAGOPS,KORLANTAS - RTMC,RTMC 7 POLDA,Polda Metro Jaya,Fatmawati,vms.k3i-korlantas.id,"-6,16346019","106,8383137","https://vms.k3i-korlantas.id/K3i/METRO/007_Gunung+Sahari.stream/playlist.m3u8
",cctv_52bcc677-fd74-4f7a-966b-ea1f9a4075da,Arteri,Yes,ONLINE,"57,57",VMS,BE 400 (stream tidak tersedia),Unhealthy
427,2026-06-21 08:04:07,BAGOPS,KORLANTAS - TMC,TMC 3 POLRES TA 2022,Polda Sumatera Utara,Simpang Gagak Simalungun,172.16.60.3,"3,0174266","99,0851821",rtsp://onvif:lantas123!!@172.16.60.3:554/live/C20743E2-E1B7-463E-ACF0-C828B7D35ED1,cctv_530aa5ec-c183-4c99-b16b-315486ef5d77,Arteri,No,OFFLINE,N/A,RTSP,BE 400 (stream tidak tersedia),Unhealthy
428,2026-06-21 08:06:16,BAGOPS,KORLANTAS - RTMC,HARWAT RTMC 4 POLDA,Polda Kalimantan Tengah,Lingkar luar polsek jekan raya,vms.k3i-korlantas.id,"-2,17662","113,83299",https://vms.k3i-korlantas.id/K3i/2024/KLTG-002_Lingkar_Luar_Polsek_Jekan_Raya.stream/playlist.m3u8,cctv_531b2980-af32-47f4-8151-c8a3fe381569,Arteri,No,ONLINE,"61,69",VMS,Playlist timeout,TIMEOUT
429,2026-06-21 08:06:16,BAGOPS,KORLANTAS - RTMC,RTMC 7 POLDA,Polda Jawa Barat,Tol Gate Bogor,vms.k3i-korlantas.id,"-6,59743486","106,8175363",https://vms.k3i-korlantas.id/K3i/JABAR/124_Tol_Gate_Bogor.stream/playlist.m3u8,cctv_535bd8bb-973d-4ed7-b582-1e460a4390d3,Arteri,Yes,ONLINE,"35,58",VMS,Playlist timeout,TIMEOUT
430,2026-06-21 08:06:16,BAGOPS,KORLANTAS - RTMC,RTMC 3 POLDA,Polda Nusa Tenggara Timur,Strait A Patung Komodo-NTT,vms.k3i-korlantas.id,"-10,15666159","123,5940703",https://vms.k3i-korlantas.id/K3i/2021/NTT-019_Strait_A-Patung_Komodo.stream/playlist.m3u8,cctv_536cd94c-8015-4c5e-adf9-4709dcf2d181,Arteri,No,ONLINE,"34,63",VMS,Playlist timeout,TIMEOUT
431,2026-06-21 08:06:17,BAGOPS,KORLANTAS - RTMC,RTMC 7 POLDA,Polda Jawa Barat,Pospol Eretan,vms.k3i-korlantas.id,"-6,31500174","108,0575983",https://vms.k3i-korlantas.id/K3i/JABAR/129_Pos_Pol_Gamon_2.stream/playlist.m3u8,cctv_53720194-0629-4c34-9c17-0585c274a1fc,Arteri,No,ONLINE,"30,26",VMS,Playlist timeout,TIMEOUT
432,2026-06-21 08:06:17,BAGOPS,KORLANTAS - RTMC,RTMC 7 POLDA,Polda Sumatera Selatan,S. Veteran,vms.k3i-korlantas.id,"-2,96065158","104,7382607",https://vms.k3i-korlantas.id/K3i/SUMSEL/223_Simpang_Rajawali_Veteran.stream/playlist.m3u8,cctv_53b6e9be-8231-4ea8-b25c-ae0bbd3bece9,Arteri,Yes,ONLINE,"53,15",VMS,Playlist timeout,TIMEOUT
433,2026-06-21 08:06:20,BAGOPS,KORLANTAS - RTMC,HARWAT RTMC 4 POLDA,Polda Sulawesi Barat,Tugu Topoyo Mateng,vms.k3i-korlantas.id,"-2,07845984","119,2916731",https://vms.k3i-korlantas.id/K3i/2024/SLBR-013_Tugu_Topoyo_Mateng.stream/playlist.m3u8,cctv_5405783b-3480-4925-80b3-0da924daba0c,Arteri,Yes,ONLINE,"624,97",VMS,BE timeout,Unhealthy
434,2026-06-21 08:06:25,BAGOPS,KORLANTAS - RTMC,RTMC 6 POLDA,Polda Bangka Belitung,SP. Adox 1 PTZ,vms.k3i-korlantas.id,"-2,140194","106,144972",https://vms.k3i-korlantas.id/K3i/6POLDA/BBL-013_SP_Adox_1_PTZ.stream/playlist.m3u8,cctv_541d78a5-2105-4605-a6c1-5a85c79f4146,Arteri,No,ONLINE,"50,7",VMS,Playlist timeout,TIMEOUT
435,2026-06-21 08:06:19,BAGOPS,KORLANTAS - TMC,TMC 3 POLRES TA 2022,Polda Sumatera Utara,Simp. Sumarsono Gaperta,172.16.60.3,"3,605232","98,628093",rtsp://onvif:lantas123!!@172.16.60.3:554/live/E658CF15-54E2-4281-B1A9-9BAB0DAE0A99,cctv_541e7515-ea7e-4bb9-aebe-48bb6c55ba7f,Arteri,No,OFFLINE,N/A,RTSP,BE 400 (stream tidak tersedia),Unhealthy
436,2026-06-21 08:06:25,BAGOPS,KORLANTAS - TMC,TMC 4 POLRES TA 2024,Polda Sumatera Selatan,PS Lemabang,vms.k3i-korlantas.id,"-2,96972","104,7852",https://vms.k3i-korlantas.id/K3i/2024/PLG-007_Lemabang.stream/playlist.m3u8,cctv_5492f11a-19d6-4843-b463-a9cf5f6e2fea,Arteri,No,ONLINE,"59,24",VMS,Playlist timeout,TIMEOUT
437,2026-06-21 08:06:25,BAGOPS,KORLANTAS - RTMC,HARWAT RTMC 4 POLDA,Polda Kalimantan Tengah,Bundaran Kecil,vms.k3i-korlantas.id,"-2,214145","113,920502",https://vms.k3i-korlantas.id/K3i/2024/KLTG-010_Bundaran_Kecil.stream/playlist.m3u8,cctv_54ad68ab-6a6d-4308-acdf-82b04e544ddd,Arteri,No,ONLINE,"37,07",VMS,Playlist timeout,TIMEOUT
438,2026-06-21 08:06:25,BAGOPS,KORLANTAS - RTMC,HARWAT RTMC 4 POLDA,Polda Sulawesi Tenggara,Pel Kolaka,vms.k3i-korlantas.id,"-4,049551","121,582839",https://vms.k3i-korlantas.id/K3i/2024/SLTR-002_Pelabuhan_Kolaka.stream/playlist.m3u8,cctv_54b78e59-7ea0-4cab-9bb0-c81c2b97c34b,Arteri,No,ONLINE,"15,81",VMS,Playlist timeout,TIMEOUT
439,2026-06-21 08:06:27,BAGOPS,KORLANTAS - RTMC,RTMC 7 POLDA,Polda Jawa Barat,Tol Gate Ciawi,vms.k3i-korlantas.id,"-6,63110219","106,8390086",https://vms.k3i-korlantas.id/K3i/JABAR/125_Tol_Gate_Ciawi.stream/playlist.m3u8,cctv_550c20a7-5f16-4436-8f22-e7dd940d9340,Arteri,No,ONLINE,"25,57",VMS,Playlist timeout,TIMEOUT
440,2026-06-21 08:06:27,BAGOPS,KORLANTAS - RTMC,RTMC 6 POLDA,Polda Sulawesi Utara,Citraland,vms.k3i-korlantas.id,"1,43761","124,84374",https://vms.k3i-korlantas.id/K3i/6POLDA/SLT-001_Citraland.stream/playlist.m3u8,cctv_5537ff48-ac8c-49bf-b557-082b468383a1,Arteri,No,ONLINE,"32,03",VMS,Playlist timeout,TIMEOUT
441,2026-06-21 08:06:33,BAGOPS,KORLANTAS - RTMC,RTMC 7 POLDA,Polda Sumatera Selatan,S. cinde,vms.k3i-korlantas.id,"-2,97997513","104,7559864",https://vms.k3i-korlantas.id/K3i/SUMSEL/218_Depan_Pasar_Cinde.stream/playlist.m3u8,cctv_557d9bf6-7b75-43bd-884b-7fe697dd0da6,Arteri,Yes,ONLINE,"31,47",VMS,Playlist timeout,TIMEOUT
442,2026-06-21 08:06:33,BAGOPS,KORLANTAS - RTMC,RTMC 6 POLDA,Polda Sulawesi Utara,Bernadette,vms.k3i-korlantas.id,"1,45126","124,83798",https://vms.k3i-korlantas.id/K3i/6POLDA/SLT-005_Bernadette.stream/playlist.m3u8,cctv_559c775c-cc5c-4660-9982-6e4df42cf1d2,Arteri,No,ONLINE,"45,85",VMS,Playlist timeout,TIMEOUT
443,2026-06-21 08:06:33,BAGOPS,KORLANTAS - RTMC,RTMC 3 POLDA,Polda Bengkulu,Simpang Betungan,vms.k3i-korlantas.id,"-3,8822","102,353382",https://vms.k3i-korlantas.id/K3i/SURAKARTA/SKT-036_Simpang-Empat-Colomadu.stream/playlist.m3u8,cctv_55fb5acc-86d0-488c-8766-840ff0643c34,Arteri,Yes,ONLINE,"28,84",VMS,Playlist timeout,TIMEOUT
444,2026-06-21 08:06:27,BAGOPS,KORLANTAS - RTMC,RTMC 7 POLDA,Polda Kalimantan Barat,CCTV ENTIKONG CC (FIX),10.45.67.8,"0,98588","110,35163",rtsp://operator:qwerty654321@10.45.67.8/media/video1,cctv_56690b65-4fa1-4ca2-8345-16ccf4cf4b0d,Arteri,No,OFFLINE,N/A,RTSP,BE 400 (stream tidak tersedia),Unhealthy
445,2026-06-21 08:06:35,BAGOPS,KORLANTAS - RTMC,RTMC 7 POLDA,Polda Jawa Timur,Simpang 3 Mengkreng Kediri,vms.k3i-korlantas.id,"-7,60073","112,11267",https://vms.k3i-korlantas.id/K3i/JATIM/182_Simpang_3_Mengkreng_Kediri.stream/playlist.m3u8,cctv_5677b953-ebf4-4fd9-8f4e-5c3201485312,Arteri,Yes,ONLINE,"18,43",VMS,Playlist timeout,TIMEOUT
446,2026-06-21 08:06:35,BAGOPS,KORLANTAS - TMC,TMC 8 POLRES,Polda Sumatera Barat,Simpang Bypass Lubeg,vms.k3i-korlantas.id,"-0,957171","100,403014",https://vms.k3i-korlantas.id/K3i/2020/PDG-005_Simpang_Bypass_Lubeg.stream/playlist.m3u8,cctv_56780965-6148-4bda-8f02-9f6bf1d3c31e,Arteri,No,ONLINE,"25,79",VMS,Playlist timeout,TIMEOUT
447,2026-06-21 08:06:38,BAGOPS,KORLANTAS - TMC,TMC 3 POLRES TA 2023,Polda Kalimantan Selatan,Pos Patwal merdeka ( simpang Empat Merdeka ),vms.k3i-korlantas.id,"-3,319889","114,592806",https://vms.k3i-korlantas.id/K3i/2022/BJM-010_Pos_Patwal_Merdeka_(Sp_4_Merdeka).stream/playlist.m3u8,cctv_56c15853-62c5-4ee2-b22b-59277b96b539,Arteri,Yes,ONLINE,"28,55",VMS,Playlist timeout,TIMEOUT
448,2026-06-21 08:06:42,BAGOPS,KORLANTAS - RTMC,RTMC 6 POLDA,Polda Banten,Sumur Pecung FIX 1,vms.k3i-korlantas.id,"-6,119556","106,164861",https://vms.k3i-korlantas.id/K3i/6POLDA/BNT-009_Sumur_Pecung_FIX_1.stream/playlist.m3u8,cctv_56eb78be-7a05-4f0c-8182-a7beb2ec136c,Arteri,No,ONLINE,"122,97",VMS,Playlist timeout,TIMEOUT
449,2026-06-21 08:06:42,BAGOPS,KORLANTAS - RTMC,RTMC 6 POLDA,Polda Maluku Utara,MUARA MALL PTZ,vms.k3i-korlantas.id,"0,790955","127,386135",https://vms.k3i-korlantas.id/K3i/6POLDA/MLT-011_Muara_Mall_Ptz.stream/playlist.m3u8,cctv_5707b12b-1144-40aa-ae3b-10a41accd203,Arteri,No,ONLINE,"39,97",VMS,Playlist timeout,TIMEOUT
450,2026-06-21 08:06:52,BAGOPS,KORLANTAS - TMC,TMC 3 POLRES TA 2022,Polda Sumatera Utara,Simpang Ampera Sibolga,172.16.60.3,"1,7433472","98,77955421",rtsp://onvif:lantas123!!@172.16.60.3:554/live/66D08857-A8FB-4C37-B3E3-835BD88987DC,cctv_571ab38b-b185-4fea-b601-b4abef5d9b33,Arteri,No,OFFLINE,N/A,RTSP,BE 400 (stream tidak tersedia),Unhealthy
451,2026-06-21 08:06:53,BAGOPS,KORLANTAS - RTMC,HARWAT RTMC 4 POLDA,Polda Kalimantan Tengah,Tjilik Riwut KM 1,vms.k3i-korlantas.id,"-2,2035","113,91422",https://vms.k3i-korlantas.id/K3i/2024/KLTG-006_Tjilik_Riwut_KM_1.stream/playlist.m3u8,cctv_571bee57-8ce6-4a2f-bc2b-360feb0a777b,Arteri,No,ONLINE,"29,51",VMS,HTTP 502,Unhealthy
452,2026-06-21 08:06:50,BAGOPS,KORLANTAS - RTMC,RTMC 7 POLDA,Polda Jawa Barat,Pasar Kalijati 1,vms.k3i-korlantas.id,"-6,52550072","107,6739966",https://vms.k3i-korlantas.id/K3i/JABAR/126_Pasar_kali_Jati_2.stream/playlist.m3u8,cctv_579748ca-2547-4fb5-968c-c02bbc7cf07a,Arteri,No,ONLINE,"93,34",VMS,HTTP 502,Unhealthy
453,2026-06-21 08:06:50,BAGOPS,KORLANTAS - TMC,TMC 3 POLRES TA 2023,Polda DIY,Jatikencana,vms.k3i-korlantas.id,"-7,8021653","110,3943576",https://vms.k3i-korlantas.id/K3i/2022/YOGYA-010_SP_Jatikencana.stream/playlist.m3u8,cctv_57d6b5f1-5a28-46c2-9ab4-3fe9a7c6bd6b,Arteri,Yes,ONLINE,"43,29",VMS,HTTP 502,Unhealthy
454,2026-06-21 08:06:51,BAGOPS,KORLANTAS - RTMC,RTMC 7 POLDA,Polda Bali,Simpang 4 Adhypura By Pass Tabanan,vms.k3i-korlantas.id,"-8,53719","115,11067",https://vms.k3i-korlantas.id/K3i/BALI/215_Simpang_4_Adhypura_By_Pass_Tabanan.stream/playlist.m3u8,cctv_5803c68c-e982-4734-9e95-7e1cafb0ea6b,Arteri,No,ONLINE,23,VMS,HTTP 502,Unhealthy
455,2026-06-21 08:06:51,BAGOPS,KORLANTAS - TMC,TMC 3 POLRES TA 2022,Polda Kalimantan Tengah,Simpang Galaxy Etle,vms.k3i-korlantas.id,"-2,21739","113,89889",https://vms.k3i-korlantas.id/K3i/SURAKARTA/SKT-001_Simpang-Banyuanyar.stream/playlist.m3u8,cctv_5807bb48-c10f-40f3-88cc-04077f3c6a12,Arteri,Yes,ONLINE,"17,36",VMS,HTTP 502,Unhealthy
456,2026-06-21 08:06:51,BAGOPS,KORLANTAS - RTMC,RTMC 6 POLDA,Polda Sulawesi Utara,Dpn. Goodyear,vms.k3i-korlantas.id,"1,46243","124,83965",https://vms.k3i-korlantas.id/K3i/6POLDA/SLT-010_Dpn_Goodyear.stream/playlist.m3u8,cctv_58648ccc-6d67-4461-9024-671e00100dc5,Arteri,No,ONLINE,"25,16",VMS,HTTP 502,Unhealthy
457,2026-06-21 08:06:55,BAGOPS,KORLANTAS - TMC,TMC 3 POLRES TA 2022,Polda Jawa Tengah,Depan RM Tamansari,36.95.224.117,"-7,54015","110,76347",rtsp://rtsp:korlantas123@36.95.224.117:554/cam/realmonitor?channel=49&subtype=1,cctv_58aae824-10ce-4e54-97e2-a28bbc4ec6e5,Arteri,No,ONLINE,"128,07",RTSP,BE 400 (stream tidak tersedia),Unhealthy
458,2026-06-21 08:06:52,BAGOPS,KORLANTAS - RTMC,HARWAT RTMC 4 POLDA,Polda Sulawesi Barat,Polewali Mandar (PolMan),vms.k3i-korlantas.id,"-3,486395","119,47789",https://vms.k3i-korlantas.id/K3i/2024/SLBR-003_Polewali_Mandar.stream/playlist.m3u8,cctv_58bbbc30-2876-493c-8dd9-c2e39a218ffa,Arteri,Yes,ONLINE,"201,18",VMS,HTTP 502,Unhealthy
459,2026-06-21 08:06:52,BAGOPS,KORLANTAS - TMC,TMC 3 POLRES TA 2023,Polda DIY,SP 4 Jaglran,vms.k3i-korlantas.id,"-7,7901139","110,357435",https://vms.k3i-korlantas.id/K3i/2022/YOGYA-007_SP_4_Jlagran.stream/playlist.m3u8,cctv_58c20b3c-b420-4df9-805a-024b1dccb928,Arteri,Yes,ONLINE,"23,46",VMS,HTTP 502,Unhealthy
460,2026-06-21 08:06:52,BAGOPS,KORLANTAS - RTMC,RTMC 3 POLDA,Polda Maluku,Kantor Presisi,vms.k3i-korlantas.id,"-3,6948204","128,1847868",https://vms.k3i-korlantas.id/K3i/2022/MALUKU-003_Kantor_Presis.stream/playlist.m3u8,cctv_58eeccf1-f109-407b-81c4-4c932ba4c5b9,Arteri,Yes,ONLINE,"18,59",VMS,HTTP 502,Unhealthy
461,2026-06-21 08:06:52,BAGOPS,KORLANTAS - RTMC,HARWAT RTMC 4 POLDA,Polda Sulawesi Tenggara,Simpang Brimob,vms.k3i-korlantas.id,"-4,05452","122,48175",https://vms.k3i-korlantas.id/K3i/2024/SLTR-001_Dpn_Asrama_Brimob.stream/playlist.m3u8,cctv_5969766a-cba3-4b5a-8450-95b0c744b995,Arteri,No,ONLINE,"21,44",VMS,HTTP 502,Unhealthy
462,2026-06-21 08:06:52,BAGOPS,KORLANTAS - RTMC,RTMC 7 POLDA,Polda Jawa Tengah,Gereja Santo petrus Solo,vms.k3i-korlantas.id,"-7,56539","110,80596",https://vms.k3i-korlantas.id/K3i/JATENG/143_Gereja_Santo_Petrus_Solo.stream/playlist.m3u8,cctv_5a2dde9a-3fdd-4bdf-9cf6-2e5944f99ba9,Arteri,Yes,ONLINE,"18,12",VMS,HTTP 502,Unhealthy
463,2026-06-21 08:06:52,BAGOPS,KORLANTAS - RTMC,RTMC 7 POLDA,Polda Jawa Timur,Tanjakan Lawang,vms.k3i-korlantas.id,"-7,82493","112,70109",https://vms.k3i-korlantas.id/K3i/JATIM/186_Tanjakan_Pasar_Lawang_Malang.stream/playlist.m3u8,cctv_5a41e0e3-8a08-4b3c-8dc7-1b761ad30984,Arteri,Yes,ONLINE,"43,84",VMS,HTTP 502,Unhealthy
464,2026-06-21 08:06:52,BAGOPS,KORLANTAS - TMC,TMC 3 POLRES TA 2022,Polda Sulawesi Selatan,JL. SULTAN ALAUDDIN / VETERAN (Perlimaan Pa'Baeng - baeng),vms.k3i-korlantas.id,"-5,167355","119,420058",https://vms.k3i-korlantas.id/K3i/SURAKARTA/SKT-038_Depan-Polsek-Jebres.stream/playlist.m3u8,cctv_5a7e1a37-fe8a-469c-84ab-071142a358c6,Arteri,No,ONLINE,"31,34",VMS,HTTP 502,Unhealthy
465,2026-06-21 08:06:52,BAGOPS,KORLANTAS - TMC,TMC 3 POLRES TA 2022,Polda Sulawesi Selatan,Jl. Lahalede - Jl. Abubakar Lambogo,vms.k3i-korlantas.id,"-4,00735","119,629707",https://vms.k3i-korlantas.id/K3i/2RTMC-2TMC/PRP-006_Jl_Lahalede_Jl_Abubakar_Lambogo.stream/playlist.m3u8,cctv_5a8208a9-6233-4570-9ee6-f492d44d1914,Arteri,Yes,ONLINE,"55,42",VMS,HTTP 502,Unhealthy
466,2026-06-21 08:06:52,BAGOPS,KORLANTAS - RTMC,RTMC 6 POLDA,Polda Riau,Simpang bandara 2,vms.k3i-korlantas.id,"0,4707134","101,4538222",https://vms.k3i-korlantas.id/K3i/6POLDA/RIAU-012_Simpang_bandara_2.stream/playlist.m3u8,cctv_5b10bfdd-8073-428e-8351-94b10adee29e,Arteri,No,ONLINE,"46,75",VMS,HTTP 502,Unhealthy
467,2026-06-21 08:06:54,BAGOPS,KORLANTAS - TMC,TMC 3 POLRES TA 2022,Polda Sumatera Utara,Depan Hotel Green Garden,172.16.60.3,"3,1967145","98,515161",rtsp://onvif:lantas123!!@172.16.60.3:554/live/D96F67C4-5859-48F1-B889-96D784AB6176,cctv_5b32b685-f11c-43b5-b8f7-2be0487062e8,Arteri,No,OFFLINE,N/A,RTSP,BE 400 (stream tidak tersedia),Unhealthy
468,2026-06-21 08:06:54,BAGOPS,KORLANTAS - RTMC,RTMC 7 POLDA,Polda Kalimantan Barat,CCTV ENTIKONG 2 (DOM),10.45.67.7,"0,98559","110,35125",rtsp://operator:Qwerty654321@@10.45.67.7:554/Streaming/Channels/102/,cctv_5b75b074-a5ec-4635-97f1-35a8ed730648,Arteri,No,OFFLINE,N/A,RTSP,Video mengalir (7 segmen),Healthy
469,2026-06-21 08:06:53,BAGOPS,KORLANTAS - RTMC,RTMC 7 POLDA,Polda Jawa Barat,Pospol Rindu Alam,vms.k3i-korlantas.id,"-6,7006108","106,9936244",https://vms.k3i-korlantas.id/K3i/JABAR/114_Pos_Pol_Rindu_Alam.stream/playlist.m3u8,cctv_5b98774e-8ece-470b-91a7-f8aa0ad06cc6,Arteri,No,ONLINE,"38,59",VMS,HTTP 502,Unhealthy
470,2026-06-21 08:06:53,BAGOPS,KORLANTAS - RTMC,RTMC 6 POLDA,Polda Sulawesi Utara,Citraland,vms.k3i-korlantas.id,"1,43761","124,84374",https://vms.k3i-korlantas.id/K3i/6POLDA/SLT-003_Citraland.stream/playlist.m3u8,cctv_5b9c19a4-584f-4bc9-952f-61223a1e867d,Arteri,No,ONLINE,"36,6",VMS,HTTP 502,Unhealthy
471,2026-06-21 08:06:53,BAGOPS,KORLANTAS - TMC,TMC 3 POLRES TA 2022,Polda Kalimantan Timur,Analytic SP 1 Masjid Ar Rahman,vms.k3i-korlantas.id,"-1,24726927","116,7753404",https://vms.k3i-korlantas.id/K3i/SURAKARTA/SKT-046_Simpang-Empat-Kawatan.stream/playlist.m3u8,cctv_5be1114d-d7de-4ebe-9752-1d72be326ece,Arteri,No,ONLINE,"14,99",VMS,HTTP 502,Unhealthy
472,2026-06-21 08:06:53,BAGOPS,KORLANTAS - RTMC,RTMC 3 POLDA,Polda Nusa Tenggara Barat,Simpang Seruni 1,vms.k3i-korlantas.id,"-8,5836187","116,086751",https://vms.k3i-korlantas.id/K3i/2021/NTB-018_Simpang_Seruni_1.stream/playlist.m3u8,cctv_5c06904c-df88-4974-8a6b-5d04e0e825f5,Arteri,No,ONLINE,"28,31",VMS,HTTP 502,Unhealthy
473,2026-06-21 08:06:53,BAGOPS,KORLANTAS - RTMC,RTMC 7 POLDA,Polda Jawa Tengah,Gereja Katedral Semarang,vms.k3i-korlantas.id,"-6,98486","110,40961",https://vms.k3i-korlantas.id/K3i/JATENG/134_Gereja_Katedral.stream/playlist.m3u8,cctv_5c168a00-2aba-4177-b0c2-c89f2698ff40,Arteri,Yes,ONLINE,"17,06",VMS,HTTP 502,Unhealthy
474,2026-06-21 08:06:53,BAGOPS,KORLANTAS - RTMC,RTMC 7 POLDA,Polda Metro Jaya,Gas Alam Cimanggis,vms.k3i-korlantas.id,"-6,38196","106,86689",https://vms.k3i-korlantas.id/K3i/METRO/015_Simpang+Jalan+Cimanggis+-+Depok.stream/playlist.m3u8,cctv_5c4b8e46-cd24-4ad6-ae66-831249a12848,Arteri,Yes,ONLINE,"22,05",VMS,HTTP 502,Unhealthy
475,2026-06-21 08:06:53,BAGOPS,KORLANTAS - RTMC,RTMC 7 POLDA,Polda Jawa Barat,In Gate Nagreg,vms.k3i-korlantas.id,"-7,03135265","107,9022599",https://vms.k3i-korlantas.id/K3i/JABAR/084_In_Gate_Nagreg.stream/playlist.m3u8,cctv_5cbcca97-c1ec-47db-944b-76416ed27a07,Arteri,Yes,ONLINE,"41,69",VMS,HTTP 502,Unhealthy
476,2026-06-21 08:06:53,BAGOPS,KORLANTAS - TMC,TMC 3 POLRES TA 2022,Polda Jawa Tengah,Simpang 4 Panggung Jebres,vms.k3i-korlantas.id,"-7,56007","110,83747",https://vms.k3i-korlantas.id/K3i/2RTMC-2TMC/SUMUT-021_Depan_Hotel_Green_Garden.stream/playlist.m3u8,cctv_5ce978ce-ed9f-4298-8e24-b40ee1f5036b,Arteri,Yes,ONLINE,"32,54",VMS,HTTP 502,Unhealthy
477,2026-06-21 08:06:53,BAGOPS,KORLANTAS - TMC,TMC 4 POLRES TA 2024,Polda Sumatera Selatan,(Sp TPA),vms.k3i-korlantas.id,"-2,91645","104,74851",https://vms.k3i-korlantas.id/K3i/2024/PLG-011_Sp_TPA.stream/playlist.m3u8,cctv_5cf55360-fde5-419d-a49e-7d296b05020f,Arteri,Yes,ONLINE,"21,74",VMS,HTTP 502,Unhealthy
478,2026-06-21 08:06:53,BAGOPS,KORLANTAS - RTMC,RTMC 3 POLDA,Polda Sumatera Barat,Pasar 10 Koto,vms.k3i-korlantas.id,"-0,39364116","100,4033978",https://vms.k3i-korlantas.id/K3i/2023/SMB-001_Pasar_10_Koto.stream/playlist.m3u8,cctv_5d2d65e7-3136-414e-a21c-bd45644cbcc3,Arteri,No,ONLINE,"66,74",VMS,HTTP 502,Unhealthy
479,2026-06-21 08:06:53,BAGOPS,KORLANTAS - RTMC,RTMC 3 POLDA,Polda Nusa Tenggara Barat,Bundaran Mandalika,vms.k3i-korlantas.id,"-8,893814","116,321946",https://vms.k3i-korlantas.id/K3i/2021/NTB-002_Bundaran_Mandalika.stream/playlist.m3u8,cctv_5df1305f-1fe3-446e-9417-618dfaf5a840,Arteri,Yes,ONLINE,"46,7",VMS,HTTP 502,Unhealthy
480,2026-06-21 08:06:53,BAGOPS,KORLANTAS - TMC,TMC 3 POLRES TA 2022,Polda Kalimantan Timur,Simpang Kobe,vms.k3i-korlantas.id,"-1,35607","116,66414",https://vms.k3i-korlantas.id/K3i/SURAKARTA/SKT-058_Simpang-Nglebak.stream/playlist.m3u8,cctv_5e10dd96-64d4-4b7a-88ed-0ef8fe254a86,Arteri,No,ONLINE,"46,25",VMS,HTTP 502,Unhealthy
481,2026-06-21 08:06:42,BAGOPS,KORLANTAS - TMC,TMC 3 POLRES TA 2022,Polda Jawa Tengah,Banyuanyar,vms.k3i-korlantas.id,"-7,5362","110,7997",https://vms.k3i-korlantas.id/K3i/2RTMC-2TMC/SULSEL-006_Jl_Arief_Rate.stream/playlist.m3u8,cctv_5e34f025-b5c6-4ffe-b0ff-97e3941c0e55,Arteri,No,ONLINE,"14,34",VMS,Playlist timeout,TIMEOUT
482,2026-06-21 08:06:44,BAGOPS,KORLANTAS - RTMC,RTMC 3 POLDA,Polda Gorontalo,Simpang 3 Malingkapoto,vms.k3i-korlantas.id,"0,780484","122,862793",https://vms.k3i-korlantas.id/K3i/SURAKARTA/SKT-027_Simpang-Tiga-Ks-Tubun.stream/playlist.m3u8,cctv_5e6c997c-42b2-4453-98ae-f0a874c17e94,Arteri,No,ONLINE,"21,22",VMS,Playlist timeout,TIMEOUT
483,2026-06-21 08:06:38,BAGOPS,KORLANTAS - TMC,TMC 8 POLRES,Polda Sulawesi Tenggara,Jembatan Triping,10.45.42.19,"-7,7000081","109,6625122",rtsp://onvif:lantas123!!@10.45.42.19:554/live/3C5CFF96-91D9-4897-923A-BFB71F801429,cctv_5ed284a7-1bac-4fd8-bc70-46fcc2ad05b1,Arteri,No,OFFLINE,N/A,RTSP,BE 400 (stream tidak tersedia),Unhealthy
484,2026-06-21 08:06:44,BAGOPS,KORLANTAS - TMC,TMC 3 POLRES TA 2022,Polda Sulawesi Selatan,Jl. Jend Sudirman - Jl Reformasi,vms.k3i-korlantas.id,"-4,021782","119,631891",https://vms.k3i-korlantas.id/K3i/2RTMC-2TMC/DLS-016_Simpang_4_Pantai_Labu.stream/playlist.m3u8,cctv_5eecc3c0-8150-4a6a-816d-ca5f942b602c,Arteri,Yes,ONLINE,"52,58",VMS,Playlist timeout,TIMEOUT
485,2026-06-21 08:06:39,BAGOPS,KORLANTAS - TMC,TMC 3 POLRES TA 2022,Polda Sulawesi Selatan,Simpang 5 Jl A. Yani - Jl Sultan Hasanudin,172.16.60.3,"-3,787078","119,65261",rtsp://onvif:lantas123!!@172.16.60.3:554/live/98F25438-BDFD-477B-B860-03FA297616EE,cctv_5f9381fd-f5cf-4a81-a501-2c766a86dced,Arteri,No,OFFLINE,N/A,RTSP,BE 400 (stream tidak tersedia),Unhealthy
486,2026-06-21 08:06:48,BAGOPS,KORLANTAS - TMC,TMC 8 POLRES,Polda Lampung,Simpang Pos Baruna,vms.k3i-korlantas.id,"-5,462332","105,321028",https://vms.k3i-korlantas.id/K3i/2020/BLPG-017_Baruna.stream/playlist.m3u8,cctv_5fb88cb7-0e97-4542-867f-1a537d0b3258,Arteri,No,ONLINE,"28,19",VMS,Playlist timeout,TIMEOUT
487,2026-06-21 08:06:50,BAGOPS,KORLANTAS - TMC,TMC 3 POLRES TA 2022,Polda Jawa Tengah,Simpang 4 Warung Pelem,vms.k3i-korlantas.id,"-7,56648","110,83351",https://vms.k3i-korlantas.id/K3i/2RTMC-2TMC/SUMUT-022_Greenhill.stream/playlist.m3u8,cctv_5fbebdb0-0fb3-48cd-8298-c655827cb18d,Arteri,No,ONLINE,"24,31",VMS,Playlist timeout,TIMEOUT
488,2026-06-21 08:06:51,BAGOPS,KORLANTAS - TMC,TMC 8 POLRES,Polda Jambi,Simpang Sukorejo 1,vms.k3i-korlantas.id,"-1,620557","103,630068",https://vms.k3i-korlantas.id/K3i/2020/JMB-022_SP_Sukorejo_1.stream/playlist.m3u8,cctv_5fcfe949-dbcb-44bd-aaac-afe3c5cf1073,Arteri,No,ONLINE,"140,97",VMS,Playlist timeout,TIMEOUT
489,2026-06-21 08:06:46,BAGOPS,KORLANTAS - TMC,TMC 8 POLRES,Polda Sulawesi Tenggara,Simpang Kopi Radja,10.45.42.19,"-3,97522641","122,5216137",rtsp://onvif:lantas123!!@10.45.42.19:554/live/0FF00622-94C4-40D5-B1B9-4435BFC2D90B,cctv_5feeb1ec-b897-429d-8cb9-2422111088f4,Arteri,Yes,OFFLINE,N/A,RTSP,BE 400 (stream tidak tersedia),Unhealthy
490,2026-06-21 08:06:51,BAGOPS,KORLANTAS - RTMC,RTMC 3 POLDA,Polda Aceh,Kota Sabang Aceh,vms.k3i-korlantas.id,"5,892529","95,3241327",https://vms.k3i-korlantas.id/K3i/2021/ACEH_003_Kota_Sabang_Aceh.stream/playlist.m3u8,cctv_619ad75d-5e5d-43ff-bb95-f25a23be2652,Arteri,No,ONLINE,"71,32",VMS,Playlist timeout,TIMEOUT
491,2026-06-21 08:06:52,BAGOPS,KORLANTAS - TMC,TMC 3 POLRES TA 2022,Polda Jawa Tengah,Simpang 4 Coyudan,vms.k3i-korlantas.id,"-7,57435119","110,8232276",https://vms.k3i-korlantas.id/K3i/2RTMC-2TMC/SULSEL-010_Jl_Metro_Tj_Bunga_Penghibur.stream/playlist.m3u8,cctv_61aac2c9-25b9-4f67-b802-4145d36d48ec,Arteri,Yes,ONLINE,"40,07",VMS,Playlist timeout,TIMEOUT
492,2026-06-21 08:06:44,BAGOPS,KORLANTAS - RTMC,RTMC 7 POLDA,Polda Jawa Barat,Telkom Cipanas,vms.k3i-korlantas.id,"-6,71480213","107,0237099",https://vms.k3i-korlantas.id/K3i/JABAR/123_Telkom_Cipanas.stream/playlist.m3u8,cctv_61afbaf8-a85c-4e4b-9f08-0db2c779aea2,Arteri,No,ONLINE,"84,01",VMS,HTTP 502,Unhealthy
493,2026-06-21 08:06:45,BAGOPS,KORLANTAS - TMC,TMC 3 POLRES TA 2022,Polda Jawa Tengah,Simpang 4 Pasar Kliwon,vms.k3i-korlantas.id,"-7,577229","110,832122",https://vms.k3i-korlantas.id/K3i/2RTMC-2TMC/PRP-011_Simpang_5_Jl_A_Yani_Jl_Sultan_Hasanudin.stream/playlist.m3u8,cctv_6216806d-412b-423f-94b5-f7f8f700b73e,Arteri,Yes,ONLINE,"20,69",VMS,HTTP 502,Unhealthy
494,2026-06-21 08:06:45,BAGOPS,KORLANTAS - RTMC,RTMC 7 POLDA,Polda Jawa Barat,Pospol Adipura Tasikmalaya,vms.k3i-korlantas.id,"-7,32638673","108,2205303",https://vms.k3i-korlantas.id/K3i/JABAR/095_Pos_Pol_Adipura_Tasikmalaya.stream/playlist.m3u8,cctv_621cfe63-2c0d-49ec-aba7-653733493352,Arteri,No,ONLINE,"16,54",VMS,HTTP 502,Unhealthy
495,2026-06-21 08:06:46,BAGOPS,KORLANTAS - TMC,TMC 8 POLRES,Polda Jawa Timur,Jl. Raya R.A Kartini 2,vms.k3i-korlantas.id,"-7,16809","112,6454",https://vms.k3i-korlantas.id/K3i/2020/GRSK-001_Jl._Raya_R.A_Kartini_2.stream/playlist.m3u8,cctv_625b56d4-ad8d-4d5b-bff4-30f8466e13ff,Arteri,Yes,ONLINE,"55,18",VMS,HTTP 502,Unhealthy
496,2026-06-21 08:06:46,BAGOPS,KORLANTAS - RTMC,RTMC 7 POLDA,Polda Jawa Barat,Gd. Sate,vms.k3i-korlantas.id,"-6,9014","107,6183",https://vms.k3i-korlantas.id/K3i/JABAR/073_Gedung_Sate_Bandung.stream/playlist.m3u8,cctv_6271fdb5-4427-489a-b997-c7ef8dabfd5d,Arteri,No,ONLINE,"145,7",VMS,HTTP 502,Unhealthy
497,2026-06-21 08:06:46,BAGOPS,KORLANTAS - TMC,RTMC 2 POLDA,Polda Sulawesi Selatan,CTV361 KORLAN SULSEL BATAS KOTA-KAB MAROS-MAKASSAR,vms.k3i-korlantas.id,"-5,06404895","119,526243",https://vms.k3i-korlantas.id/K3i/SMARTCITY/SMCT-062_Ditlan_Ptz_Prambanan.stream/playlist.m3u8,cctv_628af221-5e88-46e9-8b64-d9eb9ffa9a03,Arteri,Yes,ONLINE,"139,78",VMS,HTTP 502,Unhealthy
498,2026-06-21 08:06:46,BAGOPS,KORLANTAS - TMC,TMC 3 POLRES TA 2023,Polda DIY,SP 4 Tungkak,vms.k3i-korlantas.id,"-7,815612","110,37603",https://vms.k3i-korlantas.id/K3i/2022/YOGYA-004_SP_4_Tungkak.stream/playlist.m3u8,cctv_631e8a97-df81-4c31-adee-5d7380038531,Arteri,Yes,ONLINE,"18,61",VMS,HTTP 502,Unhealthy
499,2026-06-21 08:06:46,BAGOPS,KORLANTAS - RTMC,RTMC 3 POLDA,Polda Bengkulu,Simpang Bumi Ayu,vms.k3i-korlantas.id,"-3,856281","102,312125",https://vms.k3i-korlantas.id/K3i/2RTMC-2TMC/PRP-007_Jl_Poros_palopo__masuk_terminal.stream/playlist.m3u8,cctv_636d7cd9-080c-43f8-846a-707ad9418c4c,Arteri,Yes,ONLINE,"15,56",VMS,HTTP 502,Unhealthy
500,2026-06-21 08:06:47,BAGOPS,KORLANTAS - RTMC,HARWAT RTMC 4 POLDA,Polda Sulawesi Tenggara,Pintu Gerbang Puuwatu,vms.k3i-korlantas.id,"-3,96559","122,45102",https://vms.k3i-korlantas.id/K3i/2024/SLTR-003_Pintu_Gerbang_Puuwatu.stream/playlist.m3u8,cctv_638e6354-4b1a-4362-aa50-ea68df06047b,Arteri,No,ONLINE,"13,16",VMS,HTTP 502,Unhealthy
501,2026-06-21 08:06:47,BAGOPS,KORLANTAS - RTMC,RTMC 7 POLDA,Polda Jawa Barat,Out Gate Nagreg,vms.k3i-korlantas.id,"-7,00986093","107,870234",https://vms.k3i-korlantas.id/K3i/JABAR/089_Out_Gate_Nagreg.stream/playlist.m3u8,cctv_63b25ecd-a78c-4a24-8edb-0b3bf0601228,Arteri,No,ONLINE,"19,06",VMS,HTTP 502,Unhealthy
502,2026-06-21 08:06:49,BAGOPS,KORLANTAS - TMC,TMC 3 POLRES TA 2022,Polda Sumatera Utara,JL. KABANJAHE - MEDAN DIDEPAN SPBU KABANJAHE,172.16.60.3,"3,1051954","98,4985511",rtsp://onvif:lantas123!!@172.16.60.3:554/live/FAF651B9-C49F-459A-AD37-38569CDFE4B8,cctv_63b60cd7-afc7-4308-9b8b-7406993c5b93,Arteri,No,OFFLINE,N/A,RTSP,BE 400 (stream tidak tersedia),Unhealthy
503,2026-06-21 08:06:48,BAGOPS,KORLANTAS - TMC,TMC 3 POLRES TA 2022,Polda Jawa Tengah,Depan Polsek Jebres,vms.k3i-korlantas.id,"-7,55959","110,84122",https://vms.k3i-korlantas.id/K3i/2RTMC-2TMC/SUMUT-001_Simp_Jamin_Ginting_Jl_Tuntungan.stream/playlist.m3u8,cctv_63df92a4-be25-431c-8263-2c1811efccd5,Arteri,No,ONLINE,"18,62",VMS,HTTP 502,Unhealthy
504,2026-06-21 08:06:50,BAGOPS,KORLANTAS - TMC,TMC 8 POLRES,Polda Kalimantan Timur,SP Beruang Madu 1,10.45.42.19,"-1,2693107","116,8563104",rtsp://onvif:lantas123!!@10.45.42.19:554/live/A5705551-5985-4FF4-A85F-89E17A82A82D,cctv_64c9727f-c71d-4fc5-bc7b-992860a9a738,Arteri,No,OFFLINE,N/A,RTSP,BE 400 (stream tidak tersedia),Unhealthy
505,2026-06-21 08:06:48,BAGOPS,KORLANTAS - RTMC,RTMC 6 POLDA,Polda Sulawesi Utara,Dpn BPPAUD,vms.k3i-korlantas.id,"1,45883","124,82126",https://vms.k3i-korlantas.id/K3i/6POLDA/SLT-021_Dpn_BPPAUD.stream/playlist.m3u8,cctv_651ba9f7-b5eb-4ee5-9951-4cd3f8a4b872,Arteri,No,ONLINE,"39,51",VMS,HTTP 502,Unhealthy
506,2026-06-21 08:06:50,BAGOPS,KORLANTAS - TMC,TMC 8 POLRES,Polda Jawa Tengah,Alang Ombo Gombong,10.45.42.19,"-7,618446","109,552383",rtsp://onvif:lantas123!!@10.45.42.19:554/live/482DA0E2-474E-4BEF-A48E-D28A4D91CF10,cctv_654314c8-a0e9-4050-851a-8ae92971a612,Arteri,Yes,OFFLINE,N/A,RTSP,Video mengalir (7 segmen),Healthy
507,2026-06-21 08:06:50,BAGOPS,KORLANTAS - TMC,TMC 3 POLRES TA 2022,Polda Sulawesi Selatan,Jalan Poros Marumpu - Maros (Dpn Mall Maros),172.16.60.3,"-5,050133","119,549301",rtsp://onvif:lantas123!!@172.16.60.3:554/live/08163067-6F35-4D3F-A126-DBA77FB09875,cctv_656a1947-7c40-4c2b-b235-c5b8d2206428,Arteri,No,OFFLINE,N/A,RTSP,BE 400 (stream tidak tersedia),Unhealthy
508,2026-06-21 08:06:52,BAGOPS,KORLANTAS - TMC,TMC 8 POLRES,Polda Sulawesi Tenggara,SP 4 Kantor Pajak,10.45.42.19,"-7,6183915","109,552351",rtsp://onvif:lantas123!!@10.45.42.19:554/live/2D81C909-6E21-4630-B4AF-96DCF138AAD2,cctv_65b4e79b-70bb-4b38-8828-065480a2ea75,Arteri,No,OFFLINE,N/A,RTSP,BE 400 (stream tidak tersedia),Unhealthy
509,2026-06-21 08:06:49,BAGOPS,KORLANTAS - RTMC,RTMC 7 POLDA,Polda Metro Jaya,TL Republika,vms.k3i-korlantas.id,"-6,27927817","106,8288817",https://vms.k3i-korlantas.id/K3i/METRO/061_TL+Republika.stream/playlist.m3u8,cctv_65fc4d08-6ced-47d3-a61c-e0abef698f50,Arteri,Yes,ONLINE,"56,18",VMS,HTTP 502,Unhealthy
510,2026-06-21 08:06:52,BAGOPS,KORLANTAS - TMC,TMC 8 POLRES,Polda Kalimantan Timur,Lap Merdeka Sudirman,10.45.42.19,"-1,2795743","116,8155059",rtsp://onvif:lantas123!!@10.45.42.19:554/live/8AF1A494-980F-45F7-B2D0-180827A7E4A0,cctv_65fcbdad-35bd-4a72-ad2f-afade6c8ee15,Arteri,No,OFFLINE,N/A,RTSP,BE 400 (stream tidak tersedia),Unhealthy
511,2026-06-21 08:06:50,BAGOPS,KORLANTAS - RTMC,RTMC 6 POLDA,Polda Banten,Pertigaan Sempu FIX,vms.k3i-korlantas.id,"-6,131524","106,161271",https://vms.k3i-korlantas.id/K3i/6POLDA/BNT-014_Pertigaan_Sempu_FIX.stream/playlist.m3u8,cctv_661193eb-2fb8-41d3-905a-567ab43f0711,Arteri,No,ONLINE,"21,18",VMS,HTTP 502,Unhealthy
512,2026-06-21 08:07:05,BAGOPS,KORLANTAS - TMC,TMC 8 POLRES,Polda Jawa Barat,SP Toserba Asia,10.45.42.19,"-6,7146864","108,5627106",rtsp://onvif:lantas123!!@10.45.42.19:554/live/33BFAA24-F3E6-4E68-8A32-91EBC24466FD,cctv_661be517-9860-434c-829b-1908487b5a2b,Arteri,No,OFFLINE,N/A,RTSP,Playlist timeout,TIMEOUT
513,2026-06-21 08:06:56,BAGOPS,KORLANTAS - RTMC,RTMC 7 POLDA,Polda Metro Jaya,TL Ragunan,vms.k3i-korlantas.id,"-6,29373","106,82245",https://vms.k3i-korlantas.id/K3i/METRO/011_Perempatan+Ragunan+Pasar+Minggu.stream/playlist.m3u8,cctv_66cc2f98-3c72-4649-9b4f-721d1302f8e2,Arteri,Yes,ONLINE,"32,47",VMS,HTTP 502,Unhealthy
514,2026-06-21 08:06:59,BAGOPS,KORLANTAS - RTMC,RTMC 7 POLDA,Polda Jawa Barat,Pospol Lingkar Lohbener,10.45.37.162,"-6,40408025","108,2678923",rtsp://operator:Qwerty654321@@10.45.37.162:554/Streaming/Channels/102/,cctv_66d7a0cf-94b1-4668-89bb-fa99917ddc11,Arteri,No,OFFLINE,N/A,RTSP,BE 400 (stream tidak tersedia),Unhealthy
515,2026-06-21 08:06:56,BAGOPS,KORLANTAS - RTMC,RTMC 6 POLDA,Polda Maluku Utara,LAP SALERO FIX,vms.k3i-korlantas.id,"0,799851","127,385172",https://vms.k3i-korlantas.id/K3i/6POLDA/MLT-006_Lap_Salero_Fix.stream/playlist.m3u8,cctv_66fb9054-09d4-47eb-b5a1-c58fe83eb1de,Arteri,No,ONLINE,"20,6",VMS,HTTP 502,Unhealthy
516,2026-06-21 08:06:56,BAGOPS,KORLANTAS - RTMC,RTMC 3 POLDA,Polda Maluku,Sp 4 Masjid Al Fatah,vms.k3i-korlantas.id,"-3,6966368","128,1783311",https://vms.k3i-korlantas.id/K3i/2022/MALUKU-006_SP_4_Masjid_Al_Fattah_2.stream/playlist.m3u8,cctv_67314282-1852-47cf-9794-a4409d608a4c,Arteri,Yes,ONLINE,"15,43",VMS,HTTP 502,Unhealthy
517,2026-06-21 08:07:06,BAGOPS,KORLANTAS - TMC,TMC 8 POLRES,Polda Jawa Barat,Polsek Cirebon Utara,10.45.42.19,"-6,757367","108,59419",rtsp://onvif:lantas123!!@10.45.42.19:554/live/445648BC-B5C2-424C-8567-102C697945FC,cctv_677855c8-10dd-4fd6-a747-c25269e04111,Arteri,No,OFFLINE,N/A,RTSP,Playlist timeout,TIMEOUT
518,2026-06-21 08:06:56,BAGOPS,KORLANTAS - RTMC,RTMC 6 POLDA,Polda Maluku Utara,PSR HIGIENIS FIX 2,vms.k3i-korlantas.id,"0,792929","127,389771",https://vms.k3i-korlantas.id/K3i/6POLDA/MLT-009_Psr_Higienis_Fix_2.stream/playlist.m3u8,cctv_679a5310-5387-4cc4-accc-f40f244e023b,Arteri,No,ONLINE,"15,28",VMS,HTTP 502,Unhealthy
519,2026-06-21 08:06:59,BAGOPS,KORLANTAS - TMC,TMC 8 POLRES,Polda Jawa Barat,Terminal HarjaMukti,10.45.42.19,"-6,7404375","108,5530238",rtsp://onvif:lantas123!!@10.45.42.19:554/live/1C5D6B17-8F21-4679-8B90-4F834D293197,cctv_67a43fc6-7b3d-4884-b45e-e51a14856a63,Arteri,Yes,OFFLINE,N/A,RTSP,Video mengalir (7 segmen),Healthy
520,2026-06-21 08:06:57,BAGOPS,KORLANTAS - TMC,TMC 3 POLRES TA 2022,Polda Kalimantan Timur,Monitoring SP Riko,vms.k3i-korlantas.id,"-1,122322","116,636857",https://vms.k3i-korlantas.id/K3i/SURAKARTA/SKT-037_Depan-Polsek-Banjarsari.stream/playlist.m3u8,cctv_67c6488d-fe99-49d2-b531-4b5e250a10b9,Arteri,No,ONLINE,"20,23",VMS,HTTP 502,Unhealthy
521,2026-06-21 08:06:59,BAGOPS,KORLANTAS - TMC,TMC 3 POLRES TA 2022,Polda Sumatera Utara,Medan – Tebing tinggi (Kim Star),172.16.60.3,"3,5400894","98,8081889",rtsp://onvif:lantas123!!@172.16.60.3:554/live/492C2009-464A-406E-9F6D-FC8E4716F3EF,cctv_67d94e0d-8c38-4c5f-801b-410b36ac0665,Arteri,No,OFFLINE,N/A,RTSP,BE 400 (stream tidak tersedia),Unhealthy
522,2026-06-21 08:06:57,BAGOPS,KORLANTAS - RTMC,RTMC 3 POLDA,Polda Kepulauan Riau,TL SP Punggur,vms.k3i-korlantas.id,"1,0868621","104,1153137",https://vms.k3i-korlantas.id/K3i/2022/KEPRI-013_SP_3_Punggur.stream/playlist.m3u8,cctv_682431d3-ff92-475e-8c4a-145dd9b1d94e,Arteri,No,ONLINE,"21,82",VMS,HTTP 502,Unhealthy
523,2026-06-21 08:06:57,BAGOPS,KORLANTAS - RTMC,RTMC 7 POLDA,Polda Metro Jaya,Gereja Kathedral Jakarta,vms.k3i-korlantas.id,"-6,16988","106,83295",https://vms.k3i-korlantas.id/K3i/METRO/005_Gereja+Katedral.stream/playlist.m3u8,cctv_68892a43-06e2-44b0-9112-8d2fad4e90b4,Arteri,Yes,ONLINE,"21,11",VMS,HTTP 502,Unhealthy
524,2026-06-21 08:06:57,BAGOPS,KORLANTAS - TMC,TMC 3 POLRES TA 2022,Polda Kalimantan Tengah,Pahandut,vms.k3i-korlantas.id,"-2,19732","113,93716",https://vms.k3i-korlantas.id/K3i/SURAKARTA/SKT-005_Simpang-Ring-Road-Mojosongo.stream/playlist.m3u8,cctv_6902615b-b85e-45e7-9fd1-b6a9e5244fe7,Arteri,No,ONLINE,"18,19",VMS,HTTP 502,Unhealthy
525,2026-06-21 08:06:57,BAGOPS,KORLANTAS - TMC,TMC 8 POLRES,Polda Lampung,JPO UBL 2,vms.k3i-korlantas.id,"-5,379215","105,25281",https://vms.k3i-korlantas.id/K3i/2020/BLPG-010_JPO_UBL_2.stream/playlist.m3u8,cctv_6986e05b-7f35-42ad-b5c7-653b18d63563,Arteri,No,ONLINE,"22,52",VMS,HTTP 502,Unhealthy
526,2026-06-21 08:06:59,BAGOPS,KORLANTAS - TMC,TMC 8 POLRES,Polda Jawa Tengah,SP Fajar Indah Solo,10.45.42.19,"-7,550036","110,788158",rtsp://onvif:lantas123!!@10.45.42.19:554/live/3642046A-DE9B-46FC-A212-5ACB1B5728C8,cctv_69f5b5a6-30e5-4596-b427-39c383ef6cb5,Arteri,Yes,OFFLINE,N/A,RTSP,Video mengalir (7 segmen),Healthy
527,2026-06-21 08:06:58,BAGOPS,KORLANTAS - RTMC,RTMC 7 POLDA,Polda Metro Jaya,TL Asemka,vms.k3i-korlantas.id,"-6,13868","106,81388",https://vms.k3i-korlantas.id/K3i/METRO/038_TL+Asemka.stream/playlist.m3u8,cctv_6a04d42d-b612-4379-b5bf-87f8969f40d0,Arteri,Yes,ONLINE,"14,58",VMS,HTTP 502,Unhealthy
528,2026-06-21 08:06:58,BAGOPS,KORLANTAS - RTMC,RTMC 7 POLDA,Polda Metro Jaya,TL Harmony,vms.k3i-korlantas.id,"-6,16727198","106,8209612",https://vms.k3i-korlantas.id/K3i/METRO/046_TL+Harmoni+2.stream/playlist.m3u8,cctv_6a6c8678-8ee4-40bc-bf44-9ab9eb5c3769,Arteri,No,ONLINE,"18,89",VMS,HTTP 502,Unhealthy
529,2026-06-21 08:06:58,BAGOPS,KORLANTAS - TMC,TMC 4 POLRES TA 2024,Polda Jawa Tengah,PERBATASAN SALAM MASUK MAGELANG,vms.k3i-korlantas.id,"-7,6423","110,323",https://vms.k3i-korlantas.id/K3i/2024/MGG-001_Perbatasan_Salam.stream/playlist.m3u8,cctv_6b64d55c-9a76-4ac3-981c-e5677fafc14d,Arteri,Yes,ONLINE,"27,74",VMS,HTTP 502,Unhealthy
530,2026-06-21 08:06:58,BAGOPS,KORLANTAS - RTMC,RTMC 3 POLDA,Polda Nusa Tenggara Barat,Pintu Masuk Bandara,vms.k3i-korlantas.id,"-8,7704","116,267616",https://vms.k3i-korlantas.id/K3i/2021/NTB-007_Pintu_Masuk_Bandara.stream/playlist.m3u8,cctv_6b928e82-33ed-4dba-b2ca-a932a77d6647,Arteri,Yes,ONLINE,"14,93",VMS,HTTP 502,Unhealthy
531,2026-06-21 08:06:58,BAGOPS,KORLANTAS - RTMC,HARWAT RTMC 4 POLDA,Polda Kalimantan Tengah,Antang Cilik Riwut,vms.k3i-korlantas.id,"-2,196713","113,904016",https://vms.k3i-korlantas.id/K3i/2024/KLTG-007_Antang_Tjilik_Riwut.stream/playlist.m3u8,cctv_6bcaf96a-3dc5-4cc3-b7bf-590a7f9dcd71,Arteri,No,ONLINE,"25,86",VMS,HTTP 502,Unhealthy
532,2026-06-21 08:06:58,BAGOPS,KORLANTAS - TMC,TMC 3 POLRES TA 2022,Polda Kalimantan Timur,Analytic Perbatasan Babalu,vms.k3i-korlantas.id,"-1,49873","116,37877",https://vms.k3i-korlantas.id/K3i/SURAKARTA/SKT-044_Simpang-Empat-Lotte-Mart.stream/playlist.m3u8,cctv_6beee249-5bb2-4b91-a405-23d07218beaa,Arteri,Yes,ONLINE,"15,12",VMS,HTTP 502,Unhealthy
533,2026-06-21 08:06:59,BAGOPS,KORLANTAS - TMC,TMC 3 POLRES TA 2022,Polda Jawa Tengah,Simpang 4 Gading,vms.k3i-korlantas.id,"-7,58369","110,82597",https://vms.k3i-korlantas.id/K3i/2RTMC-2TMC/SULSEL-027_Jalan_Poros_Marumpu_Maros_Dpn_Mall_Maros.stream/playlist.m3u8,cctv_6bf79cca-9f60-412e-ace5-7514a36909d2,Arteri,Yes,ONLINE,"29,88",VMS,HTTP 502,Unhealthy
534,2026-06-21 08:07:01,BAGOPS,KORLANTAS - TMC,TMC 3 POLRES TA 2022,Polda Sulawesi Selatan,JL. PERINTIS KEMERDEKAAN /  PERLIMAAN BANDARA,172.16.60.3,"-5,067806","119,52537",rtsp://onvif:lantas123!!@172.16.60.3:554/live/35E93A10-CAE7-4FE5-956A-50EF04F71BD7,cctv_6bfb80b0-e251-41f9-9a18-5d50e7a6b876,Arteri,No,OFFLINE,N/A,RTSP,BE 400 (stream tidak tersedia),Unhealthy
535,2026-06-21 08:06:59,BAGOPS,KORLANTAS - RTMC,RTMC 6 POLDA,Polda Kalimantan Timur,Depan Polsek Bandara PTZ,vms.k3i-korlantas.id,"-1,25773","116,9042",https://vms.k3i-korlantas.id/K3i/6POLDA/KTM-017_Depan_Polsek_Bandara_PTZ.stream/playlist.m3u8,cctv_6c2d49ff-ca18-435c-bdc2-e3e191393514,Arteri,No,ONLINE,"17,8",VMS,HTTP 502,Unhealthy
536,2026-06-21 08:06:59,BAGOPS,KORLANTAS - TMC,TMC 4 POLRES TA 2024,Polda Sumatera Selatan,SP Pasar Induk,vms.k3i-korlantas.id,"-3,0079","104,77435",https://vms.k3i-korlantas.id/K3i/2024/PLG-004_SP_Pasar_Induk.stream/playlist.m3u8,cctv_6c3a96e3-914e-4f1e-a30c-06da808f0786,Arteri,Yes,ONLINE,"18,84",VMS,HTTP 502,Unhealthy
537,2026-06-21 08:06:59,BAGOPS,KORLANTAS - RTMC,RTMC 3 POLDA,Polda Maluku,Kantor Gubernur,vms.k3i-korlantas.id,"-3,6950372","128,1821295",https://vms.k3i-korlantas.id/K3i/2022/MALUKU-010_Kantor_Gubernur.stream/playlist.m3u8,cctv_6cd0beb9-e7c4-4c00-8bf2-5439deac6bed,Arteri,Yes,ONLINE,"29,24",VMS,HTTP 502,Unhealthy
538,2026-06-21 08:06:59,BAGOPS,KORLANTAS - RTMC,RTMC 7 POLDA,Polda Bali,Simpang 4 Kampus Jimbaran,vms.k3i-korlantas.id,"-8,78128","115,17837",https://vms.k3i-korlantas.id/K3i/BALI/212_Simpang__4_Kampus_Jimbaran.stream/playlist.m3u8,cctv_6ce59212-40b0-40c2-a915-9eb36ce11c58,Arteri,Yes,ONLINE,"24,66",VMS,HTTP 502,Unhealthy
539,2026-06-21 08:06:59,BAGOPS,KORLANTAS - RTMC,RTMC 7 POLDA,Polda Sumatera Selatan,Simpang Sungkie,vms.k3i-korlantas.id,"-3,02253026","104,7513461",https://vms.k3i-korlantas.id/K3i/SUMSEL/234_Simpang_Sungkie.stream/playlist.m3u8,cctv_6dbbd41f-a522-4e82-8f6b-0d25448fcef6,Arteri,Yes,ONLINE,"30,66",VMS,HTTP 502,Unhealthy
540,2026-06-21 08:06:59,BAGOPS,KORLANTAS - RTMC,RTMC 3 POLDA,Polda Nusa Tenggara Barat,Simpang 3 Pasar Narmanda,vms.k3i-korlantas.id,"-8,5941477","116,2032105",https://vms.k3i-korlantas.id/K3i/2021/NTB-016_Simpang_Narmada.stream/playlist.m3u8,cctv_6dcc09d6-6bda-4308-9a2c-f5cbd3a89e15,Arteri,No,ONLINE,"43,47",VMS,HTTP 502,Unhealthy
541,2026-06-21 08:07:00,BAGOPS,KORLANTAS - TMC,TMC 8 POLRES,Polda Jawa Timur,Simpang 3 Tenger,vms.k3i-korlantas.id,"-7,134035","112,614469",https://vms.k3i-korlantas.id/K3i/2020/GRSK-014_Simpang_3_Tenger.stream/playlist.m3u8,cctv_6e3aa89c-3973-4c52-9f4c-f3c7888a8fca,Arteri,No,ONLINE,"35,49",VMS,HTTP 502,Unhealthy
542,2026-06-21 08:07:00,BAGOPS,KORLANTAS - RTMC,RTMC 6 POLDA,Polda Riau,Tugu Zapin 1,vms.k3i-korlantas.id,"0,5178492","101,4474638",https://vms.k3i-korlantas.id/K3i/6POLDA/RIAU-028_Tugu_Zapin_1.stream/playlist.m3u8,cctv_6e4cfd56-0f04-4210-a343-48af71791c1d,Arteri,No,ONLINE,"15,55",VMS,HTTP 502,Unhealthy
543,2026-06-21 08:06:53,BAGOPS,KORLANTAS - RTMC,RTMC 7 POLDA,Polda Metro Jaya,TL Halim,vms.k3i-korlantas.id,"-6,24863","106,8793",https://vms.k3i-korlantas.id/K3i/METRO/044_TL+Halim.stream/playlist.m3u8,cctv_6f11e253-1fd8-40e8-b265-60a2e710e16f,Arteri,Yes,ONLINE,"19,45",VMS,HTTP 502,Unhealthy
544,2026-06-21 08:06:53,BAGOPS,KORLANTAS - RTMC,RTMC 6 POLDA,Polda Sulawesi Utara,Septim musik,vms.k3i-korlantas.id,"1,46293","124,82672",https://vms.k3i-korlantas.id/K3i/6POLDA/SLT-023_Septim_musik.stream/playlist.m3u8,cctv_6f16cef5-f0f3-4ef4-ab62-efc0181c3ed9,Arteri,No,ONLINE,"46,49",VMS,HTTP 502,Unhealthy
545,2026-06-21 08:06:53,BAGOPS,KORLANTAS - RTMC,RTMC 7 POLDA,Polda Jawa Barat,Pospol Terminal Cicaheum,vms.k3i-korlantas.id,"-6,90229","107,657",https://vms.k3i-korlantas.id/K3i/JABAR/119_Pos_Pol_Terminal_Cicaheum.stream/playlist.m3u8,cctv_6f2b8394-0ed0-418e-8622-c4e5d4ff4d2c,Arteri,No,ONLINE,"16,97",VMS,HTTP 502,Unhealthy
546,2026-06-21 08:06:53,BAGOPS,KORLANTAS - RTMC,RTMC 7 POLDA,Polda Metro Jaya,Dukuh Atas,vms.k3i-korlantas.id,"-6,20352","106,8227",https://vms.k3i-korlantas.id/K3i/METRO/004_Dukuh+Atas.stream/playlist.m3u8,cctv_6f87b72f-b32e-4d2c-8d80-9d14a4a059d9,Arteri,No,ONLINE,"19,65",VMS,HTTP 502,Unhealthy
547,2026-06-21 08:06:54,BAGOPS,KORLANTAS - RTMC,RTMC 7 POLDA,Polda Metro Jaya,TL Basmar,vms.k3i-korlantas.id,"-6,25432","106,82732",https://vms.k3i-korlantas.id/K3i/METRO/039_TL+Basmar.stream/playlist.m3u8,cctv_6fd54383-9c00-46b6-afe6-127c80e13589,Arteri,Yes,ONLINE,"29,03",VMS,HTTP 502,Unhealthy
548,2026-06-21 08:06:54,BAGOPS,KORLANTAS - TMC,TMC 3 POLRES TA 2023,Polda Kalimantan Selatan,Simpang empat Sultan Adam,vms.k3i-korlantas.id,"-3,298694","114,605444",https://vms.k3i-korlantas.id/K3i/2022/BJM-004_Sp_4_Sultan_Adam.stream/playlist.m3u8,cctv_6fedf78a-f67d-434c-b59b-af845d861b95,Arteri,Yes,ONLINE,"17,4",VMS,HTTP 502,Unhealthy
549,2026-06-21 08:06:54,BAGOPS,KORLANTAS - RTMC,RTMC 7 POLDA,Polda Jawa Barat,Pospol Gill Dago,vms.k3i-korlantas.id,"-6,89845","107,6127",https://vms.k3i-korlantas.id/K3i/JABAR/102_Pos_Pol_Gill_Dago.stream/playlist.m3u8,cctv_6ff521b9-b4cb-4e6e-9253-2850737b49f7,Arteri,Yes,ONLINE,"34,04",VMS,HTTP 502,Unhealthy
550,2026-06-21 08:06:54,BAGOPS,KORLANTAS - RTMC,RTMC 6 POLDA,Polda Banten,Pertigaan CikutuK PTZ,vms.k3i-korlantas.id,"-6,132167","106,165861",https://vms.k3i-korlantas.id/K3i/6POLDA/BNT-011_Pertigaan_CikutuK_PTZ.stream/playlist.m3u8,cctv_6ff71a34-6d21-479f-8bbf-f2968b33c8f7,Arteri,No,ONLINE,"28,37",VMS,HTTP 502,Unhealthy
551,2026-06-21 08:06:54,BAGOPS,KORLANTAS - RTMC,RTMC 3 POLDA,Polda Sulawesi Tengah,Simpang 4 Sigma,vms.k3i-korlantas.id,"-0,887719","119,8855081",https://vms.k3i-korlantas.id/K3i/2022/SULTENG-005_Sp_4_Sigma.stream/playlist.m3u8,cctv_7018d6c1-4332-46b6-98d4-8fc8fb819d1f,Arteri,No,ONLINE,"18,7",VMS,HTTP 502,Unhealthy
552,2026-06-21 08:06:54,BAGOPS,KORLANTAS - TMC,TMC 4 POLRES TA 2024,Polda Banten,Exit Tol Cilegon Barat,vms.k3i-korlantas.id,"-5,990284","106,030972",https://vms.k3i-korlantas.id/K3i/2024/CLG-001_Analityc_Exit_Cilegon_Barat.stream/playlist.m3u8,cctv_70264674-52f0-4474-8264-672ffcc2c5ca,Arteri,Yes,ONLINE,"14,34",VMS,HTTP 502,Unhealthy
553,2026-06-21 08:06:54,BAGOPS,KORLANTAS - RTMC,RTMC 6 POLDA,Polda Maluku Utara,SP MALIARO PTZ,vms.k3i-korlantas.id,"0,78468","127,379651",https://vms.k3i-korlantas.id/K3i/6POLDA/MLT-017_Sp_Maliaro_Ptz.stream/playlist.m3u8,cctv_7036cc1e-6bee-4333-ac26-a230f46085d5,Arteri,No,ONLINE,"28,26",VMS,HTTP 502,Unhealthy
554,2026-06-21 08:06:54,BAGOPS,KORLANTAS - TMC,TMC 4 POLRES TA 2024,Polda Banten,SPIJ 1,vms.k3i-korlantas.id,"-5,993503","106,030375",https://vms.k3i-korlantas.id/K3i/2024/CLG-007_ETLE_SPIJ_1.stream/playlist.m3u8,cctv_70511656-ff37-41f9-aa57-0e2c37fda707,Arteri,Yes,ONLINE,"13,46",VMS,HTTP 502,Unhealthy
555,2026-06-21 08:06:54,BAGOPS,KORLANTAS - RTMC,RTMC 3 POLDA,Polda Nusa Tenggara Timur,SP 4 Polycarpus Belu-NTT,vms.k3i-korlantas.id,"-9,10695019","124,894076",https://vms.k3i-korlantas.id/K3i/2021/NTT-014_SP_4_Polycarpus-Bawaslu.stream/playlist.m3u8,cctv_70ce2013-da1e-4a25-b0ce-a802e0cebefd,Arteri,No,ONLINE,"16,17",VMS,HTTP 502,Unhealthy
556,2026-06-21 08:06:54,BAGOPS,KORLANTAS - TMC,TMC 3 POLRES TA 2022,Polda Sumatera Utara,Sisingamangaraja/ Perdagangan,vms.k3i-korlantas.id,"3,16001","99,33093",https://vms.k3i-korlantas.id/K3i/2023/SML-008_Sisingamangaraja_Perdagangan.stream/playlist.m3u8,cctv_7101ee7b-4b99-418d-9c43-32ad336caa71,Arteri,No,ONLINE,"15,94",VMS,HTTP 502,Unhealthy
557,2026-06-21 08:06:54,BAGOPS,KORLANTAS - RTMC,RTMC 7 POLDA,Polda Sumatera Selatan,Simpang 5 DPRD,vms.k3i-korlantas.id,"-2,9799287","104,7461765",https://vms.k3i-korlantas.id/K3i/SUMSEL/233_Simpang_Sekip_Ujung.stream/playlist.m3u8,cctv_71471dcb-68fe-488d-97d2-1848ebadabcb,Arteri,No,ONLINE,"20,76",VMS,HTTP 502,Unhealthy
558,2026-06-21 08:06:55,BAGOPS,KORLANTAS - TMC,TMC 3 POLRES TA 2022,Polda Jawa Tengah,Simpang 5 Balapan (Depan Stasiun Balapan),36.95.224.117,"-7,5573516","110,8221239",rtsp://rtsp:korlantas123@36.95.224.117:554/cam/realmonitor?channel=48&subtype=1,cctv_71aca2a6-b062-4ced-a6b4-74638411ec43,Arteri,No,ONLINE,"38,5",RTSP,BE 400 (stream tidak tersedia),Unhealthy
559,2026-06-21 08:06:54,BAGOPS,KORLANTAS - RTMC,RTMC 7 POLDA,Polda Bali,Simpang 4 Pasar Seni Sukawati Gianyar,vms.k3i-korlantas.id,"-8,59647","115,28264",https://vms.k3i-korlantas.id/K3i/BALI/240_Simpang_4_Pasar_Seni_Sukawati_Gianyar.stream/playlist.m3u8,cctv_71b8f56c-4ace-4501-a3f9-eb4410dfc059,Arteri,Yes,ONLINE,"15,98",VMS,HTTP 502,Unhealthy
560,2026-06-21 08:06:57,BAGOPS,KORLANTAS - TMC,TMC 8 POLRES,Polda Sulawesi Tenggara,SP Bypass Honda,10.45.42.19,"-4,00806198","122,5091813",rtsp://onvif:lantas123!!@10.45.42.19:554/live/3B2E5BD8-8E41-4062-BCFD-835E5A51E761,cctv_71e5b324-7ef4-49c8-9050-5f05cc9fa2ff,Arteri,No,OFFLINE,N/A,RTSP,BE 400 (stream tidak tersedia),Unhealthy
561,2026-06-21 08:06:57,BAGOPS,KORLANTAS - TMC,TMC 8 POLRES,Polda Sulawesi Tenggara,Bundaran Tank,10.45.42.19,"-7,6697657","109,6511077",rtsp://onvif:lantas123!!@10.45.42.19:554/live/63C51403-260E-483E-994F-E2253F178F0C,cctv_722139bd-1938-4988-b7dd-b3805a31b502,Arteri,Yes,OFFLINE,N/A,RTSP,BE 400 (stream tidak tersedia),Unhealthy
562,2026-06-21 08:06:55,BAGOPS,KORLANTAS - RTMC,RTMC 7 POLDA,Polda DIY,KM 0 Malioboro,vms.k3i-korlantas.id,"-7,80154","110,36491",https://vms.k3i-korlantas.id/K3i/DIY/191_Malioboro_KM_0.stream/playlist.m3u8,cctv_723a770d-cfc2-4f53-be5e-03c4587092a3,Arteri,No,ONLINE,"33,42",VMS,HTTP 502,Unhealthy
563,2026-06-21 08:06:55,BAGOPS,KORLANTAS - RTMC,RTMC 3 POLDA,Polda Maluku,SP 4 Masjid Al fattah,vms.k3i-korlantas.id,"-3,69657992","128,178264",https://vms.k3i-korlantas.id/K3i/2022/MALUKU-013_SP_4_Masjid_Al_Fattah_1.stream/playlist.m3u8,cctv_7271b9da-cf3f-4726-a499-d9d370591adb,Arteri,Yes,ONLINE,"38,49",VMS,HTTP 502,Unhealthy
564,2026-06-21 08:06:55,BAGOPS,KORLANTAS - RTMC,RTMC 3 POLDA,Polda Kepulauan Riau,SP KDA Luar,vms.k3i-korlantas.id,"1,0999208","104,0749686",https://vms.k3i-korlantas.id/K3i/2022/KEPRI-003_SP_3_KDA_Luar.stream/playlist.m3u8,cctv_72919058-4e4e-48a0-aaef-7d7787e153a5,Arteri,No,ONLINE,"33,01",VMS,HTTP 502,Unhealthy
565,2026-06-21 08:06:55,BAGOPS,KORLANTAS - TMC,TMC 4 POLRES TA 2024,Polda Jawa Tengah,PERBATASAN SALAMAN,vms.k3i-korlantas.id,"-7,58047","110,12921",https://vms.k3i-korlantas.id/K3i/2024/MGG-002_Perbatasan_Salaman.stream/playlist.m3u8,cctv_72932719-f415-4a4b-a764-fcb9ba25a5ca,Arteri,Yes,ONLINE,"28,48",VMS,HTTP 502,Unhealthy
566,2026-06-21 08:06:55,BAGOPS,KORLANTAS - RTMC,HARWAT RTMC 4 POLDA,Polda Sulawesi Barat,Sp. 5 Kali Mamuju,vms.k3i-korlantas.id,"-2,676179","118,899813",https://vms.k3i-korlantas.id/K3i/2024/SLBR-011_Sp_5_Kali_Mamuju.stream/playlist.m3u8,cctv_736d65eb-cf09-42ea-af07-6137b2d496fe,Arteri,Yes,ONLINE,"13,16",VMS,HTTP 502,Unhealthy
567,2026-06-21 08:06:55,BAGOPS,KORLANTAS - TMC,TMC 3 POLRES TA 2022,Polda Sulawesi Selatan,JL. P.KEMERDEKAAN / TELKOMAS,vms.k3i-korlantas.id,"-5,123554","119,506831",https://vms.k3i-korlantas.id/K3i/SURAKARTA/SKT-009_Simpang-7-Palang-Joglo.stream/playlist.m3u8,cctv_73787e14-ea46-487b-8ec1-d21233b0b733,Arteri,Yes,ONLINE,"28,15",VMS,HTTP 502,Unhealthy
568,2026-06-21 08:06:57,BAGOPS,KORLANTAS - TMC,TMC 8 POLRES,Polda Jawa Barat,Simpang Lapri,10.45.42.19,"-6,7124418","108,5509035",rtsp://onvif:lantas123!!@10.45.42.19:554/live/FDBADBBB-A7A1-443D-8338-837A2D96719F,cctv_73b88f70-cfbd-41bd-a4f8-058c6ab1248f,Arteri,Yes,OFFLINE,N/A,RTSP,Video mengalir (7 segmen),Healthy
569,2026-06-21 08:06:55,BAGOPS,KORLANTAS - TMC,TMC 3 POLRES TA 2022,Polda Kalimantan Tengah,Dpn Univ. Muhammadiyah,vms.k3i-korlantas.id,"-2,2195","113,92028",https://vms.k3i-korlantas.id/K3i/SURAKARTA/SKT-054_Batas-Kota-Tanjung-Anom.stream/playlist.m3u8,cctv_73ec7024-e03a-44e5-8d2e-1d6a6a62936d,Arteri,No,ONLINE,"13,14",VMS,HTTP 502,Unhealthy
570,2026-06-21 08:06:55,BAGOPS,KORLANTAS - RTMC,HARWAT RTMC 4 POLDA,Polda Kalimantan Tengah,APILL DIPONOGORO (CHECKPOINT),vms.k3i-korlantas.id,"-2,215","113,92739",https://vms.k3i-korlantas.id/K3i/2024/KLTG-010_Bundaran_Kecil.stream/playlist.m3u8,cctv_73ed7a08-0366-491e-bdbd-194606513165,Arteri,No,ONLINE,"18,66",VMS,HTTP 502,Unhealthy
571,2026-06-21 08:06:55,BAGOPS,KORLANTAS - RTMC,RTMC 7 POLDA,Polda DIY,"Gereja Kathedral, Yogyakarta",vms.k3i-korlantas.id,"-7,78793","110,37209",https://vms.k3i-korlantas.id/K3i/DIY/194_Simpang_Gereja_Katedral.stream/playlist.m3u8,cctv_74ad41ee-d5c0-40d1-8c99-0cc95c6cd4d6,Arteri,Yes,ONLINE,"21,15",VMS,HTTP 502,Unhealthy
572,2026-06-21 08:06:55,BAGOPS,KORLANTAS - RTMC,RTMC 7 POLDA,Polda Jawa Timur,Pelabuhan Ketapang,vms.k3i-korlantas.id,"-8,14223","114,39954",https://vms.k3i-korlantas.id/K3i/JATIM/176_Pelabuhan_Ketapang.stream/playlist.m3u8,cctv_74e574c6-6956-4e75-912e-af375d073a6b,Arteri,Yes,ONLINE,"20,32",VMS,HTTP 502,Unhealthy
573,2026-06-21 08:06:55,BAGOPS,KORLANTAS - TMC,TMC 3 POLRES TA 2022,Polda Kalimantan Timur,Analytic Pospol Semoi,vms.k3i-korlantas.id,"-0,92148","116,89536",https://vms.k3i-korlantas.id/K3i/SURAKARTA/SKT-045_Simpang-Empat-Patung-Tipes.stream/playlist.m3u8,cctv_750119de-6eea-45ba-85fc-f02314068b01,Arteri,No,ONLINE,"21,31",VMS,HTTP 502,Unhealthy
574,2026-06-21 08:07:00,BAGOPS,KORLANTAS - RTMC,RTMC 7 POLDA,Polda Bali,Simpang 4 Gragak By Pass Tabanan,vms.k3i-korlantas.id,"-8,54988","115,12366",https://vms.k3i-korlantas.id/K3i/BALI/216_Simpang_4_Gragak_By_Pass_Tabanan.stream/playlist.m3u8,cctv_750fb6e1-5382-42d3-8ed4-c8fd63f90d4d,Arteri,No,ONLINE,"13,68",VMS,HTTP 502,Unhealthy
575,2026-06-21 08:07:00,BAGOPS,KORLANTAS - RTMC,RTMC 6 POLDA,Polda Bangka Belitung,Selan PTX,vms.k3i-korlantas.id,"-2,14825","106,094889",https://vms.k3i-korlantas.id/K3i/6POLDA/BBL-008_Selan_PTX.stream/playlist.m3u8,cctv_751166d5-c471-4b89-aaf0-04ae57ef42c0,Arteri,No,ONLINE,"29,98",VMS,HTTP 502,Unhealthy
576,2026-06-21 08:07:00,BAGOPS,KORLANTAS - RTMC,HARWAT RTMC 4 POLDA,Polda Kalimantan Tengah,Bundaran Burung,vms.k3i-korlantas.id,"-2,248737","113,919965",https://vms.k3i-korlantas.id/K3i/2024/KLTG-009_Bundaran_Burung.stream/playlist.m3u8,cctv_75accddc-b3c4-4543-93b2-9cb107ba9571,Arteri,No,ONLINE,"23,2",VMS,HTTP 502,Unhealthy
577,2026-06-21 08:07:00,BAGOPS,KORLANTAS - RTMC,HARWAT RTMC 4 POLDA,Polda Sulawesi Barat,Pasangkayu,vms.k3i-korlantas.id,"-1,181656","119,434398",https://vms.k3i-korlantas.id/K3i/2024/SLBR-008_Pasang_Kayu.stream/playlist.m3u8,cctv_75de9135-fb08-48df-a4ad-ba406e015e72,Arteri,Yes,ONLINE,"21,38",VMS,HTTP 502,Unhealthy
578,2026-06-21 08:07:00,BAGOPS,KORLANTAS - RTMC,RTMC 6 POLDA,Polda Maluku Utara,TL SUZUKI PTZ,vms.k3i-korlantas.id,"0,767558","127,374464",https://vms.k3i-korlantas.id/K3i/6POLDA/MLT-024_Tl_Suzuki_Ptz.stream/playlist.m3u8,cctv_75e475b4-ade3-4b0b-8331-86e847d39dc6,Arteri,No,ONLINE,"21,19",VMS,HTTP 502,Unhealthy
579,2026-06-21 08:07:00,BAGOPS,KORLANTAS - RTMC,RTMC 6 POLDA,Polda Kalimantan Timur,Ujung Lap Merdeka PTZ,vms.k3i-korlantas.id,"-1,28076","116,81153",https://vms.k3i-korlantas.id/K3i/6POLDA/KTM-001_Ujung_Lap_Merdeka_PTZ.stream/playlist.m3u8,cctv_75ef2119-944c-45de-907e-55f4396088db,Arteri,No,ONLINE,"14,67",VMS,HTTP 502,Unhealthy
580,2026-06-21 08:07:02,BAGOPS,KORLANTAS - RTMC,RTMC 7 POLDA,Polda Jawa Barat,Pospol Tanjakan Gentong,vms.k3i-korlantas.id,"-7,11631418","108,1220586",https://vms.k3i-korlantas.id/K3i/JABAR/117_Pos_Pol_Tanjakan_Gentong.stream/playlist.m3u8,cctv_76502e6f-f6c8-43e1-8d94-23187f8970fa,Arteri,Yes,OFFLINE,N/A,VMS,HTTP 502,Unhealthy
581,2026-06-21 08:07:02,BAGOPS,KORLANTAS - TMC,TMC 8 POLRES,Polda Jawa Tengah,SP Tugu Walet,10.45.42.19,"-7,671243","109,661081",rtsp://onvif:lantas123!!@10.45.42.19:554/live/70D93F75-4E43-482C-A4AB-FD9033A1EA77,cctv_77190f0c-fb5a-43b3-93e8-fe56da465ad0,Arteri,Yes,OFFLINE,N/A,RTSP,Video mengalir (7 segmen),Healthy
582,2026-06-21 08:07:00,BAGOPS,KORLANTAS - TMC,TMC 3 POLRES TA 2022,Polda Jawa Tengah,Simpang 7 Palang Joglo (2),vms.k3i-korlantas.id,"-7,54022","110,82073",https://vms.k3i-korlantas.id/K3i/2RTMC-2TMC/SUMUT-011_APIL_RAMBUNG_MERAH.stream/playlist.m3u8,cctv_77a1362c-5f15-40c3-89a3-1f8cd09a4419,Arteri,Yes,ONLINE,"146,06",VMS,HTTP 502,Unhealthy
583,2026-06-21 08:07:00,BAGOPS,KORLANTAS - TMC,TMC 8 POLRES,Polda Lampung,Simpang BCA,vms.k3i-korlantas.id,"-5,445919","105,272804",https://vms.k3i-korlantas.id/K3i/2020/BLPG-012_BCA.stream/playlist.m3u8,cctv_77b08bae-2884-446e-aa0b-a5e136919064,Arteri,No,ONLINE,"127,73",VMS,HTTP 502,Unhealthy
584,2026-06-21 08:07:00,BAGOPS,KORLANTAS - TMC,TMC 3 POLRES TA 2022,Polda Jawa Tengah,Simpang 4 Barat LOTTE Mart,vms.k3i-korlantas.id,"-7,57845","110,80568",https://vms.k3i-korlantas.id/K3i/2RTMC-2TMC/SULSEL-018_Jl_Sultan_Alauddin_Mallengkeri.stream/playlist.m3u8,cctv_77dbe5e1-5546-44c7-b52a-18ed7f46b5bc,Arteri,Yes,ONLINE,"45,5",VMS,HTTP 502,Unhealthy
585,2026-06-21 08:07:01,BAGOPS,KORLANTAS - RTMC,RTMC 6 POLDA,Polda Maluku Utara,SP AYU LESTARI PTZ,vms.k3i-korlantas.id,"0,766041","127,373902",https://vms.k3i-korlantas.id/K3i/6POLDA/MLT-021_Sp_Ayu_Lestari_Ptz.stream/playlist.m3u8,cctv_77ef008f-2692-47e8-9020-f332b382ba2d,Arteri,No,ONLINE,"23,51",VMS,HTTP 502,Unhealthy
586,2026-06-21 08:07:01,BAGOPS,KORLANTAS - RTMC,RTMC 7 POLDA,Polda Metro Jaya,Kebon Jeruk,vms.k3i-korlantas.id,"-6,15976","106,81877",https://vms.k3i-korlantas.id/K3i/METRO/052_TL+Kebon+Jeruk.stream/playlist.m3u8,cctv_784212a1-6207-4ca4-a3dc-a8a5f4641e26,Arteri,Yes,ONLINE,"21,22",VMS,HTTP 502,Unhealthy
587,2026-06-21 08:07:01,BAGOPS,KORLANTAS - TMC,TMC 3 POLRES TA 2022,Polda Sulawesi Selatan,Patung Pemuda Jl Bau Massepe - JL.Agus Salim,vms.k3i-korlantas.id,"-4,027588","119,625346",https://vms.k3i-korlantas.id/K3i/2RTMC-2TMC/SUMUT-016_Persimpangan_Tugu_Siborang_Kota_Padang_Sidimpuan.stream/playlist.m3u8,cctv_78586d25-494b-4b6e-b33f-85d4d363ae0a,Arteri,Yes,ONLINE,"25,5",VMS,HTTP 502,Unhealthy
588,2026-06-21 08:07:01,BAGOPS,KORLANTAS - RTMC,RTMC 7 POLDA,Polda DIY,Simpang Druwo Parang Tritis DIY,vms.k3i-korlantas.id,"-7,83585","110,36564",https://vms.k3i-korlantas.id/K3i/DIY/201_Simpang_Druwo_Parangtritis.stream/playlist.m3u8,cctv_78bd8062-7770-4548-bf10-26430b43004d,Arteri,Yes,ONLINE,"14,24",VMS,HTTP 502,Unhealthy
589,2026-06-21 08:07:01,BAGOPS,KORLANTAS - RTMC,RTMC 3 POLDA,Polda Maluku,RS Bhayangkara,vms.k3i-korlantas.id,"-3,6718479","128,1955948",https://vms.k3i-korlantas.id/K3i/2022/MALUKU-005_RS_Bhayangkara.stream/playlist.m3u8,cctv_79ca0898-c815-405f-9f97-6b6eb1d67b40,Arteri,No,ONLINE,"14,26",VMS,HTTP 502,Unhealthy
590,2026-06-21 08:07:01,BAGOPS,KORLANTAS - RTMC,HARWAT RTMC 4 POLDA,Polda Kalimantan Barat,Bundaran UNTAN,vms.k3i-korlantas.id,"-0,0556","109,349765",https://vms.k3i-korlantas.id/K3i/2024/KLBR-008_Bundaran_Untan.stream/playlist.m3u8,cctv_79ffebe3-27ef-4e15-996b-a81069e111b4,Arteri,No,ONLINE,"44,74",VMS,HTTP 502,Unhealthy
591,2026-06-21 08:07:01,BAGOPS,KORLANTAS - RTMC,RTMC 7 POLDA,Polda Jawa Timur,Simpang 3 Jl.Trunojoyo Jember,vms.k3i-korlantas.id,"-8,17521","113,70468",https://vms.k3i-korlantas.id/K3i/JATIM/181_Simpang_3_Jl.Trunojoyo_Jember.stream/playlist.m3u8,cctv_7a0d3404-01f6-4118-b848-572b4ad1a8f2,Arteri,Yes,ONLINE,"30,05",VMS,HTTP 502,Unhealthy
592,2026-06-21 08:07:01,BAGOPS,KORLANTAS - TMC,TMC 3 POLRES TA 2022,Polda Jawa Tengah,Komplang,vms.k3i-korlantas.id,"-7,54416137","110,8112554",https://vms.k3i-korlantas.id/K3i/2RTMC-2TMC/SUMUT-013_Pasar_Horas_Arah_Prapat.stream/playlist.m3u8,cctv_7ad2d6ca-c78e-4d60-9ab4-92b9a3bc62f4,Arteri,Yes,ONLINE,"35,43",VMS,HTTP 502,Unhealthy
593,2026-06-21 08:07:01,BAGOPS,KORLANTAS - RTMC,RTMC 7 POLDA,Polda Jawa Barat,Pospam Pertigaan Tasik,vms.k3i-korlantas.id,"-7,30089378","108,1929598",https://vms.k3i-korlantas.id/K3i/JABAR/083_Cagak_Pertigaan_Tasik_Cikaledong.stream/playlist.m3u8,cctv_7b7b3e01-0fd3-4dcc-a9e2-2bd9b6709e76,Arteri,Yes,ONLINE,"28,86",VMS,HTTP 502,Unhealthy
594,2026-06-21 08:07:01,BAGOPS,KORLANTAS - RTMC,RTMC 7 POLDA,Polda Jawa Tengah,Pos Pol Comal Pemalang,vms.k3i-korlantas.id,"-6,89816","109,5329",https://vms.k3i-korlantas.id/K3i/JATENG/152_Pos_Pol_Comal_Pemalang.stream/playlist.m3u8,cctv_7b9319a2-3eb4-46ea-aef9-c199bb7563f3,Arteri,Yes,ONLINE,"14,59",VMS,HTTP 502,Unhealthy
595,2026-06-21 08:07:01,BAGOPS,KORLANTAS - TMC,TMC 4 POLRES TA 2024,Polda Jawa Tengah,SAMBUNG PAYAMAN,vms.k3i-korlantas.id,"-7,4334","110,22864",https://vms.k3i-korlantas.id/K3i/2024/MGG-010_Sambung_Payaman.stream/playlist.m3u8,cctv_7baa8006-6c98-471e-806d-a7b8cbddc710,Arteri,Yes,ONLINE,"81,57",VMS,HTTP 502,Unhealthy
596,2026-06-21 08:07:01,BAGOPS,KORLANTAS - RTMC,RTMC 3 POLDA,Polda Maluku,Seberang MCM Robinson,vms.k3i-korlantas.id,"-3,671528","128,199556",https://vms.k3i-korlantas.id/K3i/2022/MALUKU-012_Seberang_MCM_Robinson.stream/playlist.m3u8,cctv_7bb2a108-c0d0-40f4-9449-be66a3902ff3,Arteri,No,ONLINE,"63,64",VMS,HTTP 502,Unhealthy
597,2026-06-21 08:07:01,BAGOPS,KORLANTAS - RTMC,RTMC 6 POLDA,Polda Sulawesi Utara,Dpn. Goodyear,vms.k3i-korlantas.id,"1,46243","124,83965",https://vms.k3i-korlantas.id/K3i/6POLDA/SLT-011_Dpn_Goodyear.stream/playlist.m3u8,cctv_7c11851a-f466-4000-a9a1-ffc54b64a161,Arteri,No,ONLINE,"48,59",VMS,HTTP 502,Unhealthy
598,2026-06-21 08:07:01,BAGOPS,KORLANTAS - RTMC,HARWAT RTMC 4 POLDA,Polda Sulawesi Barat,Monitoring Mamasa,vms.k3i-korlantas.id,"-2,942865","119,376927",https://vms.k3i-korlantas.id/K3i/2024/SLBR-007_Mamasa.stream/playlist.m3u8,cctv_7c4ba04e-f978-4499-88e9-0bbf73471a42,Arteri,Yes,ONLINE,"37,24",VMS,HTTP 502,Unhealthy
599,2026-06-21 08:07:01,BAGOPS,KORLANTAS - RTMC,RTMC 6 POLDA,Polda Sulawesi Utara,Bernadette,vms.k3i-korlantas.id,"1,45126","124,83798",https://vms.k3i-korlantas.id/K3i/6POLDA/SLT-004_Bernadette.stream/playlist.m3u8,cctv_7c551e3a-529a-4266-b91e-4226501a1f99,Arteri,No,ONLINE,"32,58",VMS,HTTP 502,Unhealthy
600,2026-06-21 08:07:01,BAGOPS,KORLANTAS - TMC,TMC 3 POLRES TA 2022,Polda Sulawesi Selatan,Jl Poros palopo ( Pasar Sumpang),vms.k3i-korlantas.id,"-4,045411","119,626659",https://vms.k3i-korlantas.id/K3i/2RTMC-2TMC/DLS-015_Simp_Jalan_pahlawan_Tanjung_Morawa.stream/playlist.m3u8,cctv_7c9c68df-eae8-4042-8a88-8a454727c608,Arteri,Yes,ONLINE,"20,98",VMS,HTTP 502,Unhealthy
601,2026-06-21 08:07:02,BAGOPS,KORLANTAS - TMC,TMC 4 POLRES TA 2024,Polda Banten,Simpang SPIJ,vms.k3i-korlantas.id,"-5,992836","106,029378",https://vms.k3i-korlantas.id/K3i/2024/CLG-008_Monitoring_Sp_SPIJ.stream/playlist.m3u8,cctv_7cc21139-f56e-4cb7-b1c2-2d2b569f170a,Arteri,No,ONLINE,"15,08",VMS,HTTP 502,Unhealthy
602,2026-06-21 08:07:02,BAGOPS,KORLANTAS - RTMC,RTMC 6 POLDA,Polda Riau,Simpang Durian,vms.k3i-korlantas.id,"0,5172828","101,4198007",https://vms.k3i-korlantas.id/K3i/6POLDA/RIAU-024_Simpang_Durian_.stream/playlist.m3u8,cctv_7ccba3f4-e7dc-4574-b838-c81290042bdf,Arteri,No,ONLINE,"16,99",VMS,HTTP 502,Unhealthy
603,2026-06-21 08:07:02,BAGOPS,KORLANTAS - RTMC,RTMC 6 POLDA,Polda Riau,Pasar arengka 1,vms.k3i-korlantas.id,"0,4636617","101,4183317",https://vms.k3i-korlantas.id/K3i/6POLDA/RIAU-001_Pasar_arengka_1.stream/playlist.m3u8,cctv_7d27df2c-691c-4f39-94c5-f4bb7d7bb005,Arteri,No,ONLINE,"20,88",VMS,HTTP 502,Unhealthy
604,2026-06-21 08:07:12,BAGOPS,KORLANTAS - TMC,TMC 4 POLRES TA 2024,Polda Jawa Timur,BOK GLUDUK,10.45.42.19,"-7,98095","112,63795",rtsp://onvif:lantas123!!@10.45.42.19:554/live/3CB87392-C88E-42A6-B194-7C9B15701F68,cctv_7d8e7fbe-35df-4eb0-bf98-5e619de08ff4,Arteri,No,OFFLINE,N/A,RTSP,Playlist timeout,TIMEOUT
605,2026-06-21 08:06:53,BAGOPS,KORLANTAS - TMC,TMC 3 POLRES TA 2022,Polda Sumatera Utara,Dpn Polsek Balata,vms.k3i-korlantas.id,"2,868207","99,022712",https://vms.k3i-korlantas.id/K3i/2023/SML-001_Dpn_Polsek_Balata.stream/playlist.m3u8,cctv_7dd52d3c-bda8-4834-9868-965f802b510b,Arteri,Yes,ONLINE,"16,6",VMS,HTTP 502,Unhealthy
606,2026-06-21 08:06:53,BAGOPS,KORLANTAS - RTMC,RTMC 6 POLDA,Polda Bangka Belitung,SP. Adox 2 FIX 2,vms.k3i-korlantas.id,"-2,1405","106,14525",https://vms.k3i-korlantas.id/K3i/6POLDA/BBL-012_SP_Adox_2_FIX_2.stream/playlist.m3u8,cctv_7de486ff-66f6-45b0-9183-032342a54efe,Arteri,No,ONLINE,"42,82",VMS,HTTP 502,Unhealthy
607,2026-06-21 08:06:53,BAGOPS,KORLANTAS - RTMC,RTMC 7 POLDA,Polda Jawa Timur,Depan Ratu Plasa Madiun,vms.k3i-korlantas.id,"-7,62645","111,52009",https://vms.k3i-korlantas.id/K3i/JATIM/174_Depan_Ratu_Plasa_Madiun.stream/playlist.m3u8,cctv_7dedaeb7-6ef8-4347-964a-bd0b0842f371,Arteri,No,ONLINE,"14,69",VMS,HTTP 502,Unhealthy
608,2026-06-21 08:06:54,BAGOPS,KORLANTAS - TMC,TMC 3 POLRES TA 2022,Polda Jawa Tengah,Depan Polsek Serengan,vms.k3i-korlantas.id,"-7,5817279","110,8191752",https://vms.k3i-korlantas.id/K3i/2RTMC-2TMC/DLS-004_Jl_Umum_Medan_Tebing_Tinggi_Kec_Lubuk_Pakam_Kab_Deli_Serdang.stream/playlist.m3u8,cctv_7e1014a4-7a1c-4246-a220-308cb02c3f53,Arteri,Yes,ONLINE,"32,03",VMS,HTTP 502,Unhealthy
609,2026-06-21 08:06:54,BAGOPS,KORLANTAS - RTMC,RTMC 7 POLDA,Polda Metro Jaya,Gerbang Moi Balai Samudra,vms.k3i-korlantas.id,"-6,1524","106,89182",https://vms.k3i-korlantas.id/K3i/METRO/013_Pos+Polisi+Gading+Serpong.stream/playlist.m3u8,cctv_7e1a4d78-3b4a-48ff-a6ed-58d366e5e60f,Arteri,Yes,ONLINE,"25,61",VMS,HTTP 502,Unhealthy
610,2026-06-21 08:06:54,BAGOPS,KORLANTAS - RTMC,RTMC 6 POLDA,Polda Bangka Belitung,SP. Beluluk FIX 1,vms.k3i-korlantas.id,"-2,18120756","106,145618",https://vms.k3i-korlantas.id/K3i/6POLDA/BBL-003_SP_Beluluk_FIX_1.stream/playlist.m3u8,cctv_7e61d2f0-35e6-44dd-ab36-dfdf42d4743d,Arteri,No,ONLINE,"19,18",VMS,HTTP 502,Unhealthy
611,2026-06-21 08:06:54,BAGOPS,KORLANTAS - RTMC,RTMC 3 POLDA,Polda Sumatera Barat,SP 6 Pondok,vms.k3i-korlantas.id,"-0,95984033","100,3580604",https://vms.k3i-korlantas.id/K3i/2023/SMB-003_SP_6_Pondok.stream/playlist.m3u8,cctv_7e7480cb-bb09-4bd9-9179-944332e6ae5f,Arteri,Yes,ONLINE,"31,11",VMS,HTTP 502,Unhealthy
612,2026-06-21 08:07:04,BAGOPS,KORLANTAS - TMC,TMC 4 POLRES TA 2024,Polda Jawa Timur,SP TLOGO MAS,10.45.42.19,"-7,92141","112,59539",rtsp://onvif:lantas123!!@10.45.42.19:554/live/6023DC63-4812-4DA3-A42B-F3F4FA214FD2,cctv_7e95e68d-c917-4b7c-90b7-7ab52830dd58,Arteri,Yes,OFFLINE,N/A,RTSP,Playlist timeout,TIMEOUT
613,2026-06-21 08:06:54,BAGOPS,KORLANTAS - RTMC,HARWAT RTMC 4 POLDA,Polda Kalimantan Barat,Simpang Brimob,vms.k3i-korlantas.id,"-0,069278","109,375208",https://vms.k3i-korlantas.id/K3i/2024/KLBR-010_Monitoring_Sp._Brimob.stream/playlist.m3u8,cctv_7e976062-ea36-4930-b940-f1f41436d640,Arteri,No,ONLINE,"42,21",VMS,HTTP 502,Unhealthy
614,2026-06-21 08:06:54,BAGOPS,KORLANTAS - RTMC,RTMC 3 POLDA,Polda Aceh,SP Ketapang,vms.k3i-korlantas.id,"5,5208327","95,3024976",https://vms.k3i-korlantas.id/K3i/2021/ACEH_012_SP_Ketapang_.stream/playlist.m3u8,cctv_7f541543-63c5-47e4-826a-70b640c38476,Arteri,No,ONLINE,"40,35",VMS,HTTP 502,Unhealthy
615,2026-06-21 08:06:54,BAGOPS,KORLANTAS - TMC,TMC 3 POLRES TA 2022,Polda Jawa Tengah,Simpang 3 Tugu Boto,vms.k3i-korlantas.id,"-7,53471","110,79103",https://vms.k3i-korlantas.id/K3i/2RTMC-2TMC/SUMUT-008_Kota_Aek_Kanopan.stream/playlist.m3u8,cctv_801c17bd-120d-4229-8073-20fa55677dfa,Arteri,Yes,ONLINE,"25,45",VMS,HTTP 502,Unhealthy
616,2026-06-21 08:06:54,BAGOPS,KORLANTAS - RTMC,RTMC 7 POLDA,Polda Metro Jaya,TL Pancoran,vms.k3i-korlantas.id,"-6,24224621","106,8437117",https://vms.k3i-korlantas.id/K3i/METRO/057_TL+Pancoran.stream/playlist.m3u8,cctv_803e4d32-4c5f-4e90-b585-fe76fb8e0caf,Arteri,Yes,ONLINE,"44,84",VMS,HTTP 502,Unhealthy
617,2026-06-21 08:06:54,BAGOPS,KORLANTAS - RTMC,RTMC 7 POLDA,Polda Jawa Barat,Greja Khatedral,vms.k3i-korlantas.id,"-6,91431","107,6103",https://vms.k3i-korlantas.id/K3i/JABAR/074_Katedral_Bandung.stream/playlist.m3u8,cctv_80cf72d6-eada-4757-83c2-2ea579441839,Arteri,No,ONLINE,"29,24",VMS,HTTP 502,Unhealthy
618,2026-06-21 08:06:56,BAGOPS,KORLANTAS - RTMC,RTMC 7 POLDA,Polda Kalimantan Barat,CCTV ENTIKONG CC (FIX),10.45.67.11,"0,98554","110,35196",rtsp://operator:qwerty654321@10.45.67.11/media/video1,cctv_815bf7ca-1ea5-47da-b3be-79bc38973782,Arteri,No,OFFLINE,N/A,RTSP,BE 400 (stream tidak tersedia),Unhealthy
619,2026-06-21 08:06:54,BAGOPS,KORLANTAS - TMC,TMC 3 POLRES TA 2023,Polda Kalimantan Selatan,Pos 4 ( Simpang tiga Kuripan Luar ),vms.k3i-korlantas.id,"-3,325583","114,604861",https://vms.k3i-korlantas.id/K3i/2022/BJM-006_Pos_4_(SP_3_Kuripan_Luar)_1.stream/playlist.m3u8,cctv_822283c6-2758-41bc-be94-6f32d97f7b8e,Arteri,Yes,ONLINE,"17,23",VMS,HTTP 502,Unhealthy
620,2026-06-21 08:06:54,BAGOPS,KORLANTAS - TMC,TMC 3 POLRES TA 2022,Polda Kalimantan Tengah,Bundaran Besar,vms.k3i-korlantas.id,"-2,20774","113,91571",https://vms.k3i-korlantas.id/K3i/SURAKARTA/SKT-052_Simpang-Empat-Bundaran-Purwosari.stream/playlist.m3u8,cctv_8269f5cf-eba3-4f5c-ae5d-7318e288c689,Arteri,No,ONLINE,"34,42",VMS,HTTP 502,Unhealthy
621,2026-06-21 08:06:54,BAGOPS,KORLANTAS - RTMC,RTMC 6 POLDA,Polda Sulawesi Utara,Gereja Paulus,vms.k3i-korlantas.id,"1,48271","124,83685",https://vms.k3i-korlantas.id/K3i/6POLDA/SLT-029_Gereja_Paulus.stream/playlist.m3u8,cctv_827f4d5b-feaf-4a4f-b75e-ce3722749f73,Arteri,No,ONLINE,"14,13",VMS,HTTP 502,Unhealthy
622,2026-06-21 08:06:55,BAGOPS,KORLANTAS - RTMC,RTMC 7 POLDA,Polda Jawa Barat,Simpang Tagog Padalarang,vms.k3i-korlantas.id,"-6,84305","107,4857",https://vms.k3i-korlantas.id/K3i/JABAR/121_Simpang_Tagog_Padalarang.stream/playlist.m3u8,cctv_82912548-b8ac-4b21-9120-0807a8c968b3,Arteri,No,ONLINE,"15,96",VMS,HTTP 502,Unhealthy
623,2026-06-21 08:06:55,BAGOPS,KORLANTAS - RTMC,RTMC 7 POLDA,Polda Jawa Barat,Pertigaan Kalijati,vms.k3i-korlantas.id,"-6,52577","107,6739",https://vms.k3i-korlantas.id/K3i/JABAR/127_Pertigaan_Kali_Jati.stream/playlist.m3u8,cctv_82da6307-807c-4f2c-a45b-f9151d5754f6,Arteri,No,ONLINE,"39,01",VMS,HTTP 502,Unhealthy
624,2026-06-21 08:06:56,BAGOPS,KORLANTAS - TMC,TMC 3 POLRES TA 2022,Polda Sulawesi Selatan,P. KEMERDEKAAN - BADDOKA,172.16.60.3,"-5,093347","119,513304",rtsp://onvif:lantas123!!@172.16.60.3:554/live/F3938C91-7B33-4E4A-9B02-63331F4F8EEB,cctv_837055f6-4193-4ec3-bc1a-0ba415f7461c,Arteri,No,OFFLINE,N/A,RTSP,BE 400 (stream tidak tersedia),Unhealthy
625,2026-06-21 08:07:05,BAGOPS,KORLANTAS - TMC,TMC 4 POLRES TA 2024,Polda Jawa Timur,SP KACUK,10.45.42.19,"-8,02267","112,61792",rtsp://onvif:lantas123!!@10.45.42.19:554/live/C75FE266-C4A5-438A-94BD-17A0702F5AD6,cctv_83822398-ef16-4087-87bb-70812c30bfbb,Arteri,No,OFFLINE,N/A,RTSP,Playlist timeout,TIMEOUT
626,2026-06-21 08:06:55,BAGOPS,KORLANTAS - RTMC,RTMC 7 POLDA,Polda Jawa Timur,Pasar Nganjuk (Pasar Bagor),vms.k3i-korlantas.id,"-7,56672","111,84583",https://vms.k3i-korlantas.id/K3i/JATIM/166_Pasar_Bagor_Nganjuk.stream/playlist.m3u8,cctv_842c017a-c3ad-440a-a04e-3095697170ef,Arteri,No,ONLINE,"30,06",VMS,HTTP 502,Unhealthy
627,2026-06-21 08:06:55,BAGOPS,KORLANTAS - TMC,TMC 3 POLRES TA 2022,Polda Sulawesi Selatan,JL. RATULANGI - JL. LANDAK,vms.k3i-korlantas.id,"-5,161832","119,417475",https://vms.k3i-korlantas.id/K3i/SURAKARTA/SKT-052_Simpang-Empat-Bundaran-Purwosari.stream/playlist.m3u8,cctv_846575b9-e020-49be-9b26-dcc34db50f47,Arteri,Yes,ONLINE,"24,68",VMS,HTTP 502,Unhealthy
628,2026-06-21 08:07:05,BAGOPS,KORLANTAS - TMC,TMC 8 POLRES,Polda Jawa Tengah,Bundaran Gladak Solo,10.45.42.19,"-7,572671","110,829515",rtsp://onvif:lantas123!!@10.45.42.19:554/live/C36F6420-C50D-4A7A-A492-86ACAC82926D,cctv_85256a2f-6100-4773-9061-5b4e3662d8e2,Arteri,Yes,OFFLINE,N/A,RTSP,Playlist timeout,TIMEOUT
629,2026-06-21 08:06:55,BAGOPS,KORLANTAS - RTMC,RTMC 3 POLDA,Polda Nusa Tenggara Timur,SP4 pasar Lama Kefa-NTT,vms.k3i-korlantas.id,"-9,44689314","124,4787829",https://vms.k3i-korlantas.id/K3i/2021/NTT-012_SP_4_Pasar_Lama.stream/playlist.m3u8,cctv_855b3f76-50fc-4f8d-a4ec-9e12667c45fe,Arteri,Yes,ONLINE,"67,3",VMS,HTTP 502,Unhealthy
630,2026-06-21 08:06:55,BAGOPS,KORLANTAS - RTMC,RTMC 6 POLDA,Polda Riau,Simpang tabek gadang,vms.k3i-korlantas.id,"0,46407092","101,3939698",https://vms.k3i-korlantas.id/K3i/6POLDA/RIAU-005_Simpang_tabek_gadang.stream/playlist.m3u8,cctv_8648caee-7d6e-4a28-970c-cb857ed37e78,Arteri,No,ONLINE,"19,79",VMS,HTTP 502,Unhealthy
631,2026-06-21 08:06:55,BAGOPS,KORLANTAS - RTMC,RTMC 3 POLDA,Polda Sulawesi Tengah,Simpang 4 Basrah,vms.k3i-korlantas.id,"-0,9182709","119,8924567",https://vms.k3i-korlantas.id/K3i/2022/SULTENG-012_Sp_4_Basrah.stream/playlist.m3u8,cctv_86e60c2a-4c32-446f-90e6-bde336951f85,Arteri,No,ONLINE,"25,5",VMS,HTTP 502,Unhealthy
632,2026-06-21 08:06:55,BAGOPS,KORLANTAS - TMC,TMC 3 POLRES TA 2022,Polda Sumatera Utara,Simpang Bakaran Batu/HOS Cokroaminoto,vms.k3i-korlantas.id,"3,5633801","98,8740081",https://vms.k3i-korlantas.id/K3i/SMARTCITY/SMCT-067_Gereja_Ganjuran_Pintu_Masuk_Utara_2.stream/playlist.m3u8,cctv_87836c07-f207-4268-8bc2-ccf5100238a0,Arteri,No,ONLINE,"15,72",VMS,HTTP 502,Unhealthy
633,2026-06-21 08:06:57,BAGOPS,KORLANTAS - TMC,TMC 3 POLRES TA 2022,Polda Sulawesi Selatan,JL. AHMAD YANI / SUDIRMAN,172.16.60.3,"-5,133121","119,413724",rtsp://onvif:lantas123!!@172.16.60.3:554/live/6EC7755C-2D86-4AD7-97C8-0D0943A3B966,cctv_8789e894-4d80-4980-856c-752a021e473e,Arteri,No,OFFLINE,N/A,RTSP,BE 400 (stream tidak tersedia),Unhealthy
634,2026-06-21 08:06:55,BAGOPS,KORLANTAS - RTMC,RTMC 3 POLDA,Polda Sumatera Barat,SP Pisang,vms.k3i-korlantas.id,"-0,94676","100,40043",https://vms.k3i-korlantas.id/K3i/2023/SMB-013_SP_Pisang_.stream/playlist.m3u8,cctv_87c6a714-504c-4b35-bd44-7f55dcaf5ca8,Arteri,No,ONLINE,"16,95",VMS,HTTP 502,Unhealthy
635,2026-06-21 08:06:57,BAGOPS,KORLANTAS - TMC,TMC 3 POLRES TA 2022,Polda Sumatera Utara,Lubuk Pakam – Galang,172.16.60.3,"3,4698217","98,9003714",rtsp://onvif:lantas123!!@172.16.60.3:554/live/D64656C3-D87C-428E-8C87-537E0DD3F52B,cctv_87d6e759-cf0e-44ae-a26f-652396cb770f,Arteri,No,OFFLINE,N/A,RTSP,BE 400 (stream tidak tersedia),Unhealthy
636,2026-06-21 08:04:05,BAGOPS,KORLANTAS - RTMC,RTMC 6 POLDA,Polda Kalimantan Timur,Sp Wika FIX,vms.k3i-korlantas.id,"-1,23169","116,87529",https://vms.k3i-korlantas.id/K3i/6POLDA/KTM-027_Sp_Wika_FIX.stream/playlist.m3u8,cctv_886534f7-d9c0-4c39-a0fc-cd70a6f2b6ce,Arteri,No,ONLINE,"229,56",VMS,Playlist timeout,TIMEOUT
637,2026-06-21 08:04:06,BAGOPS,KORLANTAS - TMC,TMC 4 POLRES TA 2024,Polda Jawa Timur,SP KALIURANG,10.45.42.19,"-7,96411","112,63544",rtsp://onvif:lantas123!!@10.45.42.19:554/live/7798CBD2-B001-4F9E-8B75-C038174029F5,cctv_88dd29a2-3285-48e3-a9f4-f038f9ddd97a,Arteri,Yes,OFFLINE,N/A,RTSP,Playlist timeout,TIMEOUT
638,2026-06-21 08:04:05,BAGOPS,KORLANTAS - RTMC,RTMC 3 POLDA,Polda Kepulauan Riau,SP 4 Masjid Agung,vms.k3i-korlantas.id,"1,1275202","104,0525413",https://vms.k3i-korlantas.id/K3i/2022/KEPRI-002_Monitoring_Masjid_Agung.stream/playlist.m3u8,cctv_89166679-8418-46b9-9c13-30ead58c2456,Arteri,Yes,ONLINE,"208,91",VMS,Playlist timeout,TIMEOUT
639,2026-06-21 08:04:05,BAGOPS,KORLANTAS - TMC,TMC 3 POLRES TA 2022,Polda Jawa Tengah,Simpang 4 Tugu Cembengan,vms.k3i-korlantas.id,"-7,5578254","110,8476675",https://vms.k3i-korlantas.id/K3i/2RTMC-2TMC/SUMUT-015_Simpang_Ampera_Sibolga.stream/playlist.m3u8,cctv_897b7b40-82d8-4b1c-ac64-b419bacbe8e2,Arteri,No,ONLINE,"192,11",VMS,Playlist timeout,TIMEOUT
640,2026-06-21 08:04:05,BAGOPS,KORLANTAS - TMC,TMC 3 POLRES TA 2022,Polda Sulawesi Selatan,Jl. Sam ratulangi - jl Pahlawan,vms.k3i-korlantas.id,"-5,535299","120,195162",https://vms.k3i-korlantas.id/K3i/SURAKARTA/SKT-018_Simpang-Empat-Pasar-Gede.stream/playlist.m3u8,cctv_8a31d2e3-3d28-4fa5-83bb-f098caacb8ea,Arteri,Yes,ONLINE,"166,97",VMS,Playlist timeout,TIMEOUT
641,2026-06-21 08:04:05,BAGOPS,KORLANTAS - RTMC,RTMC 3 POLDA,Polda Nusa Tenggara Timur,SP Polsek  kelapa 5  -NTT,vms.k3i-korlantas.id,"-10,14874674","123,6096923",https://vms.k3i-korlantas.id/K3i/2021/NTT-005_SP_Polsek_Kelapa_5.stream/playlist.m3u8,cctv_8a8c625c-2a69-4031-a637-d7926317dd9e,Arteri,No,ONLINE,"184,48",VMS,Playlist timeout,TIMEOUT
642,2026-06-21 08:04:05,BAGOPS,KORLANTAS - RTMC,RTMC 7 POLDA,Polda Jawa Timur,Suramadu ( Pintu Tol Suramadu ),vms.k3i-korlantas.id,"-7,15653","112,78224",https://vms.k3i-korlantas.id/K3i/JATIM/177_Pintu_Tol_Suramadu.stream/playlist.m3u8,cctv_8a9beb4f-16ad-4304-b175-863e9d976044,Arteri,No,ONLINE,"163,7",VMS,Playlist timeout,TIMEOUT
643,2026-06-21 08:06:09,BAGOPS,KORLANTAS - RTMC,RTMC 7 POLDA,Polda Jawa Timur,Wisata Bahari Lamongan,vms.k3i-korlantas.id,"-6,86761","112,36055",https://vms.k3i-korlantas.id/K3i/JATIM/187_Wisata_Bahari_Lamongan.stream/playlist.m3u8,cctv_8b628447-a1cb-4439-b636-6ad16620a05e,Arteri,Yes,ONLINE,"49,94",VMS,Playlist timeout,TIMEOUT
644,2026-06-21 08:06:16,BAGOPS,KORLANTAS - TMC,TMC 4 POLRES TA 2024,Polda Banten,Simpang STT,vms.k3i-korlantas.id,"-5,99732753","106,0335295",https://vms.k3i-korlantas.id/K3i/2024/CLG-011_Simpang_STT.stream/playlist.m3u8,cctv_8b802637-b7d6-4e2e-9e00-6e5bd1fd8178,Arteri,Yes,ONLINE,"24,72",VMS,Playlist timeout,TIMEOUT
645,2026-06-21 08:06:16,BAGOPS,KORLANTAS - TMC,TMC 3 POLRES TA 2022,Polda Sulawesi Selatan,Jl A. Yani - Yos Sudarso,vms.k3i-korlantas.id,"-5,11398032","119,4395726",https://vms.k3i-korlantas.id/K3i/SURAKARTA/SKT-020_Simpang-Empat-Kelurahan-Mojosongo.stream/playlist.m3u8,cctv_8bb17798-84ff-4013-a60f-1e702fa8cc5e,Arteri,No,ONLINE,"58,6",VMS,Playlist timeout,TIMEOUT
646,2026-06-21 08:06:16,BAGOPS,KORLANTAS - RTMC,RTMC 3 POLDA,Polda Maluku,Kantor Lantas,vms.k3i-korlantas.id,"-3,6995309","128,1815431",https://vms.k3i-korlantas.id/K3i/2022/MALUKU-002_Kantor_Lantas.stream/playlist.m3u8,cctv_8c2b76a9-87ba-42a9-8774-4d6e803f1f92,Arteri,No,ONLINE,"32,7",VMS,Playlist timeout,TIMEOUT
647,2026-06-21 08:06:17,BAGOPS,KORLANTAS - TMC,TMC 3 POLRES TA 2022,Polda Sulawesi Selatan,JL. SULTAN ALAUDDIN / MALLENGKERI,vms.k3i-korlantas.id,"-5,188577","119,44151",https://vms.k3i-korlantas.id/K3i/SURAKARTA/SKT-034_Simpang-5-Balapan.stream/playlist.m3u8,cctv_8d010097-c8df-48e8-af6d-701370d71588,Arteri,No,ONLINE,"31,19",VMS,Playlist timeout,TIMEOUT
648,2026-06-21 08:06:18,BAGOPS,KORLANTAS - TMC,TMC 8 POLRES,Polda Kalimantan Timur,Pasar Segar BPN,10.45.42.19,"-1,24503368","116,8578953",rtsp://onvif:lantas123!!@10.45.42.19:554/live/B685AC01-F868-4D75-857F-73AFC1B91627,cctv_8d071abf-1ba5-47bf-acf7-676956aa5c2b,Arteri,Yes,OFFLINE,N/A,RTSP,BE timeout,Unhealthy
649,2026-06-21 08:06:17,BAGOPS,KORLANTAS - TMC,TMC 3 POLRES TA 2022,Polda Sulawesi Selatan,Simpang CU Lama - Jl. Bau Massepe,vms.k3i-korlantas.id,"-4,017902","119,622894",https://vms.k3i-korlantas.id/K3i/2RTMC-2TMC/DLS-020_Simpang_Sinalco_Kec_Tanjung_Morawa.stream/playlist.m3u8,cctv_8d9c0f3d-5bcb-45cb-a952-dd1e709811c8,Arteri,Yes,ONLINE,"48,95",VMS,Playlist timeout,TIMEOUT
650,2026-06-21 08:06:24,BAGOPS,KORLANTAS - RTMC,RTMC 3 POLDA,Polda Bengkulu,Simpang SPBU Air Sebakul,vms.k3i-korlantas.id,"-3,83125","102,34592",https://vms.k3i-korlantas.id/K3i/2RTMC-2TMC/PRP-009_Patung_Pemuda_Jl_Bau_Massepe_JL.Agus_Salim.stream/playlist.m3u8,cctv_8dc563b5-7ef7-4d91-8bf1-5b27a933c2ba,Arteri,Yes,ONLINE,"25,08",VMS,Playlist timeout,TIMEOUT
651,2026-06-21 08:06:19,BAGOPS,KORLANTAS - TMC,TMC 8 POLRES,Polda Jawa Barat,Monitoring KM 207,10.45.42.19,"-6,7758117","108,5610185",rtsp://onvif:lantas123!!@10.45.42.19:554/live/F14E50AE-732F-4722-A684-8E65F6FB0224,cctv_8e02ddb0-f1a6-414b-8baf-7b7e0823a36b,Arteri,Yes,OFFLINE,N/A,RTSP,Video mengalir (7 segmen),Healthy
652,2026-06-21 08:06:19,BAGOPS,KORLANTAS - TMC,TMC 3 POLRES TA 2022,Polda Sulawesi Selatan,Jl. Poros Marumpa - Maros,172.16.60.3,"-4,960382","119,568176",rtsp://onvif:lantas123!!@172.16.60.3:554/live/2B12ABD8-FBAE-44A7-AB39-147D81C07DBB,cctv_8ecf5941-1904-44ce-8c6e-f86d1ae6fd05,Arteri,No,OFFLINE,N/A,RTSP,BE 400 (stream tidak tersedia),Unhealthy
653,2026-06-21 08:06:25,BAGOPS,KORLANTAS - RTMC,RTMC 6 POLDA,Polda Bangka Belitung,SP. Adox 1 FIX,vms.k3i-korlantas.id,"-2,140194","106,144972",https://vms.k3i-korlantas.id/K3i/6POLDA/BBL-014_SP_Adox_1_FIX.stream/playlist.m3u8,cctv_8ef4e3da-546b-429e-a15d-8bc0184949f5,Arteri,No,ONLINE,"55,97",VMS,Playlist timeout,TIMEOUT
654,2026-06-21 08:06:25,BAGOPS,KORLANTAS - TMC,TMC 3 POLRES TA 2022,Polda Sulawesi Selatan,Simpang Patung Pramuka,vms.k3i-korlantas.id,"-4,012838","119,626017",https://vms.k3i-korlantas.id/K3i/SURAKARTA/SKT-050_Simpang-Empat-Depan-Pasar-Klewer.stream/playlist.m3u8,cctv_8f1086fd-4536-4aff-a7e0-b55cb7635d96,Arteri,No,ONLINE,"17,98",VMS,Playlist timeout,TIMEOUT
655,2026-06-21 08:06:25,BAGOPS,KORLANTAS - TMC,TMC 3 POLRES TA 2022,Polda Sulawesi Selatan,JL. SUNU - Jl.TINUMBU,vms.k3i-korlantas.id,"-5,117705","119,431704",https://vms.k3i-korlantas.id/K3i/SURAKARTA/SKT-024_Simpang-Empat-Gilingan.stream/playlist.m3u8,cctv_8fc121e2-e1a3-4165-a0a2-6445891c46be,Arteri,No,ONLINE,"22,48",VMS,Playlist timeout,TIMEOUT
656,2026-06-21 08:06:27,BAGOPS,KORLANTAS - RTMC,RTMC 6 POLDA,Polda Riau,Simpang garuda sakti,vms.k3i-korlantas.id,"0,4643421","101,3679849",https://vms.k3i-korlantas.id/K3i/6POLDA/RIAU-008_Simpang_garuda_sakti.stream/playlist.m3u8,cctv_90e3180d-cdd1-4ce6-bf26-02b6fd90acea,Arteri,No,ONLINE,"16,77",VMS,Playlist timeout,TIMEOUT
657,2026-06-21 08:06:28,BAGOPS,KORLANTAS - TMC,TMC 3 POLRES TA 2023,Polda Jawa Tengah,Dpn Kmapus UMS,vms.k3i-korlantas.id,"-7,55948447","110,7699006",https://vms.k3i-korlantas.id/K3i/2022/SKH-006_Depan_Kampus_UMS_1.stream/playlist.m3u8,cctv_91067d87-da4b-43a8-a141-43c6fa16e9cf,Arteri,No,ONLINE,"26,62",VMS,Playlist timeout,TIMEOUT
658,2026-06-21 08:06:33,BAGOPS,KORLANTAS - TMC,TMC 8 POLRES,Polda Jawa Timur,Simpang 4 Nippon Paint 2,vms.k3i-korlantas.id,"-7,191775","112,646081",https://vms.k3i-korlantas.id/K3i/2020/GRSK-010_Simpang4_Nippon_Paint2.stream/playlist.m3u8,cctv_91112521-c829-4459-9444-2569ca8528d6,Arteri,Yes,ONLINE,"37,45",VMS,Playlist timeout,TIMEOUT
659,2026-06-21 08:06:33,BAGOPS,KORLANTAS - TMC,TMC 4 POLRES TA 2024,Polda Jawa Tengah,TANJUNG,vms.k3i-korlantas.id,"-7,523305","110,19076",https://vms.k3i-korlantas.id/K3i/2024/MGG-007_Tanjung.stream/playlist.m3u8,cctv_91221275-ec24-4080-9188-4343d627851a,Arteri,Yes,ONLINE,"41,8",VMS,Playlist timeout,TIMEOUT
660,2026-06-21 08:06:33,BAGOPS,KORLANTAS - TMC,TMC 3 POLRES TA 2022,Polda Kalimantan Tengah,Tjilik Riwut KM 10,vms.k3i-korlantas.id,"-2,15986","113,84594",https://vms.k3i-korlantas.id/K3i/SURAKARTA/SKT-055_Simpang-Empat-Barat-Lotte-Mart.stream/playlist.m3u8,cctv_91377240-f836-4dbc-bccf-c9f3d6a73e8f,Arteri,Yes,ONLINE,"21,21",VMS,Playlist timeout,TIMEOUT
661,2026-06-21 08:06:27,BAGOPS,KORLANTAS - TMC,TMC 8 POLRES,Polda Jawa Tengah,Pos Lantas Kebulusan,10.45.42.19,"-7,671936","109,623642",rtsp://onvif:lantas123!!@10.45.42.19:554/live/0AF667A8-8434-4A60-A7EA-D7F7548B3905,cctv_919e4bd9-c53d-4d31-8052-a3788db59a1e,Arteri,Yes,OFFLINE,N/A,RTSP,Video mengalir (7 segmen),Healthy
662,2026-06-21 08:06:35,BAGOPS,KORLANTAS - TMC,TMC 3 POLRES TA 2022,Polda Sulawesi Selatan,Tugu Air Mancur,vms.k3i-korlantas.id,"-4,004605","119,62967",https://vms.k3i-korlantas.id/K3i/SURAKARTA/SKT-028_Simpang-Tiga-Tugu-Boto.stream/playlist.m3u8,cctv_91b0235e-e609-4947-a830-4b37e0f2245f,Arteri,No,ONLINE,"17,25",VMS,Playlist timeout,TIMEOUT
663,2026-06-21 08:06:35,BAGOPS,KORLANTAS - TMC,TMC 3 POLRES TA 2023,Polda Kalimantan Selatan,Bundaran kayu tangi,vms.k3i-korlantas.id,"-3,289611","114,5895",https://vms.k3i-korlantas.id/K3i/2022/BJM-002_Bundaran_Kayu_Tangi.stream/playlist.m3u8,cctv_91d5d89b-edbd-47e6-af04-57b8b0bf4b5b,Arteri,Yes,ONLINE,"17,45",VMS,Playlist timeout,TIMEOUT
664,2026-06-21 08:06:38,BAGOPS,KORLANTAS - RTMC,RTMC 3 POLDA,Polda Sumatera Barat,SP Polres Pariaman,vms.k3i-korlantas.id,"-0,689209","100,291288",https://vms.k3i-korlantas.id/K3i/2023/SMB-006_SP_Polres_Pariaman.stream/playlist.m3u8,cctv_9202943e-9eab-4652-be36-f00315e7ae8c,Arteri,No,ONLINE,"23,25",VMS,Playlist timeout,TIMEOUT
665,2026-06-21 08:06:42,BAGOPS,KORLANTAS - TMC,RTMC 2 POLDA,Polda Sumatera Utara,CTV351 KORLAN SUMUT POS PJR CIKAMPAK TORGAMBA,vms.k3i-korlantas.id,"1,78368608","100,2123093",https://vms.k3i-korlantas.id/K3i/SMARTCITY/SMCT-057_Korlan_Jabar_Karawang.stream/playlist.m3u8,cctv_92378d75-3d2e-4794-9848-820c48b7b4fc,Arteri,Yes,ONLINE,"87,12",VMS,Playlist timeout,TIMEOUT
666,2026-06-21 08:06:42,BAGOPS,KORLANTAS - TMC,TMC 3 POLRES TA 2023,Polda DIY,SP 3 BPK,vms.k3i-korlantas.id,"-7,7905274","110,3539039",https://vms.k3i-korlantas.id/K3i/2022/YOGYA-005_SP_3_BPK_1.stream/playlist.m3u8,cctv_927a0bd2-98d3-429f-9e01-26e988a20ad0,Arteri,No,ONLINE,"36,1",VMS,Playlist timeout,TIMEOUT
667,2026-06-21 08:06:56,BAGOPS,KORLANTAS - TMC,TMC 3 POLRES TA 2022,Polda Sulawesi Selatan,Jl. Jend Sudirman - Jl. A.Yani (KUD),vms.k3i-korlantas.id,"-4,011435","119,635743",https://vms.k3i-korlantas.id/K3i/SURAKARTA/SKT-048_Simpang-Tiga-Pangeran-Wijil.stream/playlist.m3u8,cctv_928cd078-9101-4687-9fb3-fd8bdddc37a3,Arteri,No,ONLINE,"36,61",VMS,HTTP 502,Unhealthy
668,2026-06-21 08:06:56,BAGOPS,KORLANTAS - RTMC,RTMC 7 POLDA,Polda Sumatera Selatan,Perempatan Nilakandi,vms.k3i-korlantas.id,"-2,98060521","104,7873975",https://vms.k3i-korlantas.id/K3i/SUMSEL/229_Perempatan_Nilakandi.stream/playlist.m3u8,cctv_92c1925c-c336-4cbd-917c-c740672c1f42,Arteri,Yes,ONLINE,"29,93",VMS,HTTP 502,Unhealthy
669,2026-06-21 08:06:56,BAGOPS,KORLANTAS - RTMC,RTMC 3 POLDA,Polda Kepulauan Riau,Simpang 4 Panbil,vms.k3i-korlantas.id,"1,1054143","104,0771237",https://vms.k3i-korlantas.id/K3i/2022/KEPRI-006_SP_4_Panbil.stream/playlist.m3u8,cctv_92d2efaa-0aef-444b-be70-634b36e7991a,Arteri,Yes,ONLINE,"14,4",VMS,HTTP 502,Unhealthy
670,2026-06-21 08:06:56,BAGOPS,KORLANTAS - RTMC,RTMC 7 POLDA,Polda Jawa Tengah,Pintu Tol Krapyak Semarang,vms.k3i-korlantas.id,"-6,9878","110,36802",https://vms.k3i-korlantas.id/K3i/JATENG/133_Exit_Tol_Krapyak.stream/playlist.m3u8,cctv_92f27804-1f94-4b44-9eea-ca032e1647af,Arteri,Yes,ONLINE,"31,15",VMS,HTTP 502,Unhealthy
671,2026-06-21 08:06:56,BAGOPS,KORLANTAS - TMC,TMC 8 POLRES,Polda Jambi,Simpang Pal 10 (Polsek Kota Baru) 2,vms.k3i-korlantas.id,"-1,670197","103,595373",https://vms.k3i-korlantas.id/K3i/2020/JMB-019_SP_Pal_10_2.stream/playlist.m3u8,cctv_9310e77f-d832-4679-9280-0e899dd0f2cd,Arteri,No,ONLINE,"20,11",VMS,HTTP 502,Unhealthy
672,2026-06-21 08:06:56,BAGOPS,KORLANTAS - RTMC,RTMC 3 POLDA,Polda Aceh,SP Jambopate,vms.k3i-korlantas.id,"5,5592679","95,3304513",https://vms.k3i-korlantas.id/K3i/2021/ACEH_011_SP_Jambotape_.stream/playlist.m3u8,cctv_9334d90b-1882-442e-9cfc-c2ae2d3e7e51,Arteri,No,ONLINE,"16,54",VMS,HTTP 502,Unhealthy
673,2026-06-21 08:06:57,BAGOPS,KORLANTAS - RTMC,RTMC 7 POLDA,Polda Jawa Barat,Bunderan Cibiru,vms.k3i-korlantas.id,"-6,93509","107,6041",https://vms.k3i-korlantas.id/K3i/JABAR/082_Bunderan_Cibiru.stream/playlist.m3u8,cctv_9365a4ca-8675-409f-9193-29d5d0564227,Arteri,No,ONLINE,"17,66",VMS,HTTP 502,Unhealthy
674,2026-06-21 08:06:57,BAGOPS,KORLANTAS - RTMC,RTMC 3 POLDA,Polda Nusa Tenggara Barat,Polsek Aikmel,vms.k3i-korlantas.id,"-8,5690042","116,5318323",https://vms.k3i-korlantas.id/K3i/2021/NTB-008_Polsek_Aikemel.stream/playlist.m3u8,cctv_93ba896d-c7c1-49be-8a9f-38cbf92a73fb,Arteri,No,ONLINE,"34,09",VMS,HTTP 502,Unhealthy
675,2026-06-21 08:06:57,BAGOPS,KORLANTAS - RTMC,RTMC 6 POLDA,Polda Bangka Belitung,SP. Ramayana 1 PTZ,vms.k3i-korlantas.id,"-2,1286792","106,1144658",https://vms.k3i-korlantas.id/K3i/6POLDA/BBL-025_SP_Ramayana_1_PTZ.stream/playlist.m3u8,cctv_93f13f32-e0ea-409d-a42b-4391a332d2da,Arteri,No,ONLINE,"13,35",VMS,HTTP 502,Unhealthy
676,2026-06-21 08:07:07,BAGOPS,KORLANTAS - TMC,TMC 8 POLRES,Polda Jawa Barat,Simpang 4 Bank BRI,10.45.42.19,"-6,7120772","108,5507352",rtsp://onvif:lantas123!!@10.45.42.19:554/live/D8BE179D-73E9-424A-BC55-4D5D5F519655,cctv_93ff0130-4227-4cbd-914f-db05b2667e22,Arteri,No,OFFLINE,N/A,RTSP,Playlist timeout,TIMEOUT
677,2026-06-21 08:06:57,BAGOPS,KORLANTAS - TMC,TMC 8 POLRES,Polda Jawa Timur,Simpang 4 Pasar,vms.k3i-korlantas.id,"-7,152735","112,651281",https://vms.k3i-korlantas.id/K3i/2020/GRSK-018_Simpang_4_Pasar.stream/playlist.m3u8,cctv_944a7129-f929-4f3c-afb9-2222e25a8486,Arteri,Yes,ONLINE,"24,23",VMS,HTTP 502,Unhealthy
678,2026-06-21 08:06:57,BAGOPS,KORLANTAS - TMC,TMC 3 POLRES TA 2022,Polda Sumatera Utara,SP 3 Polsek Parapat,vms.k3i-korlantas.id,"2,66784","98,93819",https://vms.k3i-korlantas.id/K3i/2023/SML-009_SP_3_Polsek_Parapat.stream/playlist.m3u8,cctv_948f4d87-77c7-48b1-ba75-345f6945f86f,Arteri,Yes,ONLINE,"15,48",VMS,HTTP 502,Unhealthy
679,2026-06-21 08:06:57,BAGOPS,KORLANTAS - RTMC,RTMC 7 POLDA,Polda Metro Jaya,TL CSW,vms.k3i-korlantas.id,"-6,23957","106,79855",https://vms.k3i-korlantas.id/K3i/METRO/043_TL+CSW.stream/playlist.m3u8,cctv_94f0efbb-b55c-4591-be57-af5fe9edb176,Arteri,Yes,ONLINE,"14,68",VMS,HTTP 502,Unhealthy
680,2026-06-21 08:06:58,BAGOPS,KORLANTAS - RTMC,RTMC 7 POLDA,Polda Jawa Barat,Pospol Sumantri/Pasteur,vms.k3i-korlantas.id,"-6,88658","107,5813",https://vms.k3i-korlantas.id/K3i/JABAR/080_Simpang_Pasteur.stream/playlist.m3u8,cctv_958415db-49ea-47b1-af59-874a9fe86cad,Arteri,No,ONLINE,"16,19",VMS,HTTP 502,Unhealthy
681,2026-06-21 08:06:58,BAGOPS,KORLANTAS - RTMC,RTMC 6 POLDA,Polda Kalimantan Timur,Le Grandeur FIX 2,vms.k3i-korlantas.id,"-1,2731","116,85152",https://vms.k3i-korlantas.id/K3i/6POLDA/KTM-011_Le_Grandeur_FIX_2.stream/playlist.m3u8,cctv_95bccd42-614c-43e6-8085-f79514176f15,Arteri,No,ONLINE,"15,69",VMS,HTTP 502,Unhealthy
682,2026-06-21 08:06:58,BAGOPS,KORLANTAS - RTMC,RTMC 7 POLDA,Polda Jawa Tengah,Secang,vms.k3i-korlantas.id,"-7,39234","110,24745",https://vms.k3i-korlantas.id/K3i/JATENG/139_Secang-Salatiga.stream/playlist.m3u8,cctv_95d6036a-d9fa-4c02-8a1b-4d908815759b,Arteri,No,ONLINE,"15,3",VMS,HTTP 502,Unhealthy
683,2026-06-21 08:06:58,BAGOPS,KORLANTAS - RTMC,RTMC 7 POLDA,Polda Metro Jaya,TL Santa,vms.k3i-korlantas.id,"-6,23836497","106,8148932",https://vms.k3i-korlantas.id/K3i/METRO/062_TL+Santa.stream/playlist.m3u8,cctv_962305b9-1ad0-4c27-bcdf-22c549ab057d,Arteri,Yes,ONLINE,"22,24",VMS,HTTP 502,Unhealthy
684,2026-06-21 08:06:58,BAGOPS,KORLANTAS - RTMC,RTMC 7 POLDA,Polda Bali,"Gereja Katedral, Pukat Musi , Denpasar",vms.k3i-korlantas.id,"-8,73556","115,16741",https://vms.k3i-korlantas.id/K3i/BALI/213_Gereja_Katedral_Pukat_Musi_Denpasar.stream/playlist.m3u8,cctv_96503dce-0008-4f7d-985f-f6db35e2534c,Arteri,No,ONLINE,"24,8",VMS,HTTP 502,Unhealthy
685,2026-06-21 08:06:58,BAGOPS,KORLANTAS - RTMC,RTMC 7 POLDA,Polda Jawa Barat,Pospol GADOG,vms.k3i-korlantas.id,"-6,65548649","106,8592394",https://vms.k3i-korlantas.id/K3i/JABAR/079_Simpang_Gadog.stream/playlist.m3u8,cctv_974c98be-7e04-4a2f-93e8-006b6383aa06,Arteri,No,ONLINE,"13,92",VMS,HTTP 502,Unhealthy
686,2026-06-21 08:06:58,BAGOPS,KORLANTAS - TMC,TMC 3 POLRES TA 2022,Polda Sumatera Utara,PERSIMPANGAN TUGU SIBORANG KOTA PADANG SIDIMPUAN,vms.k3i-korlantas.id,"1,3758929","99,27408",https://vms.k3i-korlantas.id/K3i/SMARTCITY/SMCT-070_Bandara_Yia_Lobby_Keberangkatan.stream/playlist.m3u8,cctv_976588c8-0c79-47a1-9dee-d793f2ed4ac1,Arteri,No,ONLINE,"22,51",VMS,HTTP 502,Unhealthy
687,2026-06-21 08:06:58,BAGOPS,KORLANTAS - RTMC,RTMC 6 POLDA,Polda Bangka Belitung,SP. Bandara PTZ,vms.k3i-korlantas.id,"-2,155278","106,148444",https://vms.k3i-korlantas.id/K3i/6POLDA/BBL-005_SP_Bandara_PTZ.stream/playlist.m3u8,cctv_977c08a6-06d3-4706-a6c0-76e93cc6f7ba,Arteri,No,ONLINE,"13,85",VMS,HTTP 502,Unhealthy
688,2026-06-21 08:06:59,BAGOPS,KORLANTAS - TMC,TMC 3 POLRES TA 2023,Polda Jawa Tengah,Bundaran Patung Pandawa,vms.k3i-korlantas.id,"-7,6086205","110,811016",https://vms.k3i-korlantas.id/K3i/2022/SKH-001_Bund_Patung_Pandawa.stream/playlist.m3u8,cctv_979e6019-9587-4109-add1-686a74ae5371,Arteri,Yes,ONLINE,"19,66",VMS,HTTP 502,Unhealthy
689,2026-06-21 08:06:59,BAGOPS,KORLANTAS - TMC,TMC 3 POLRES TA 2022,Polda Jawa Tengah,Simpang 7 Palang Joglo (1),vms.k3i-korlantas.id,"-7,54084","110,8206",https://vms.k3i-korlantas.id/K3i/2RTMC-2TMC/SUMUT-020_Jl_Sudirman_Bundaran_PLN.stream/playlist.m3u8,cctv_97d9e97d-4c84-4d64-b930-250c94c93db4,Arteri,Yes,ONLINE,"16,32",VMS,HTTP 502,Unhealthy
690,2026-06-21 08:06:59,BAGOPS,KORLANTAS - RTMC,RTMC 6 POLDA,Polda Kalimantan Timur,Sp Wika PTZ,vms.k3i-korlantas.id,"-1,23169","116,87529",https://vms.k3i-korlantas.id/K3i/6POLDA/KTM-026_Sp_Wika_PTZ.stream/playlist.m3u8,cctv_97f0aba2-934c-44a0-8b1b-053f599da970,Arteri,No,ONLINE,"14,74",VMS,HTTP 502,Unhealthy
691,2026-06-21 08:06:59,BAGOPS,KORLANTAS - RTMC,RTMC 7 POLDA,Polda Jawa Timur,Jl.Raya Pamekasan (Simpang 4 Jokotole),vms.k3i-korlantas.id,"-7,16091","113,48666",https://vms.k3i-korlantas.id/K3i/JATIM/183_Simpang_4_Jokotole.stream/playlist.m3u8,cctv_9892a39c-c795-434e-939b-d60c8dcfa7be,Arteri,No,ONLINE,"15,42",VMS,HTTP 502,Unhealthy
692,2026-06-21 08:06:59,BAGOPS,KORLANTAS - RTMC,RTMC 6 POLDA,Polda Maluku Utara,POS KPLP FIX 1,vms.k3i-korlantas.id,"0,777141","127,38651",https://vms.k3i-korlantas.id/K3i/6POLDA/MLT-026_Pos_Kplp_Fix_1.stream/playlist.m3u8,cctv_98981070-2a88-470f-9d7c-17268c13dcc9,Arteri,Yes,ONLINE,"21,94",VMS,HTTP 502,Unhealthy
693,2026-06-21 08:06:59,BAGOPS,KORLANTAS - RTMC,RTMC 7 POLDA,Polda Bali,Simpang 4 Pos Kota Kbri Tabanan,vms.k3i-korlantas.id,"-8,53818","115,12569",https://vms.k3i-korlantas.id/K3i/BALI/217_Simpang_4_Pos_Kota_Kbri_Tabanan.stream/playlist.m3u8,cctv_98c2431e-3c82-46d1-b02a-8c26a52d679e,Arteri,Yes,ONLINE,"21,65",VMS,HTTP 502,Unhealthy
694,2026-06-21 08:06:59,BAGOPS,KORLANTAS - RTMC,RTMC 7 POLDA,Polda Jawa Tengah,Pos Pol Cisanggarung,vms.k3i-korlantas.id,"-6,84813","108,81464",https://vms.k3i-korlantas.id/K3i/JATENG/151_Pos_Pol_Cisanggarung.stream/playlist.m3u8,cctv_98d493fd-c987-48f1-b908-81d2322d0248,Arteri,Yes,ONLINE,"27,43",VMS,HTTP 502,Unhealthy
695,2026-06-21 08:06:59,BAGOPS,KORLANTAS - RTMC,RTMC 7 POLDA,Polda Jawa Tengah,Pos Pol Cilacap Margosari,vms.k3i-korlantas.id,"-7,32609","108,5991",https://vms.k3i-korlantas.id/K3i/JATENG/150_Pos_Pol_Cilacap_Margosari.stream/playlist.m3u8,cctv_990576fb-1bcf-410c-88a3-db501bf0b344,Arteri,Yes,ONLINE,"40,32",VMS,HTTP 502,Unhealthy
696,2026-06-21 08:07:00,BAGOPS,KORLANTAS - RTMC,RTMC 3 POLDA,Polda Nusa Tenggara Barat,Bundaran Selaparang,vms.k3i-korlantas.id,"-8,564107","116,1037913",https://vms.k3i-korlantas.id/K3i/2021/NTB-004_Bundaran_Selaprang.stream/playlist.m3u8,cctv_993d33dd-1f8b-44ed-bbcd-c92c0637d9d2,Arteri,No,ONLINE,"35,86",VMS,HTTP 502,Unhealthy
697,2026-06-21 08:07:00,BAGOPS,KORLANTAS - RTMC,RTMC 3 POLDA,Polda Gorontalo,Monitoring Sp 5 Telaga,vms.k3i-korlantas.id,"0,5773485","123,046591",https://vms.k3i-korlantas.id/K3i/SURAKARTA/SKT-002_Simpang-7-Palang-Joglo.stream/playlist.m3u8,cctv_9946cf8c-d71e-4785-a438-1fa93ccf853e,Arteri,Yes,ONLINE,"32,43",VMS,HTTP 502,Unhealthy
698,2026-06-21 08:04:05,BAGOPS,KORLANTAS - RTMC,RTMC 6 POLDA,Polda Riau,Mall ska 1,vms.k3i-korlantas.id,"0,5007115","101,4196217",https://vms.k3i-korlantas.id/K3i/6POLDA/RIAU-018_Mall_ska_1.stream/playlist.m3u8,cctv_997ec5e1-242a-49a9-895f-6accaec1e30e,Arteri,No,ONLINE,"226,51",VMS,Playlist timeout,TIMEOUT
699,2026-06-21 08:01:33,BAGOPS,KORLANTAS - TMC,TMC 3 POLRES TA 2022,Polda Jawa Tengah,Depan Polsek Banjarsari,36.95.224.117,"-7,56614576","110,8214612",rtsp://rtsp:korlantas123@36.95.224.117:554/cam/realmonitor?channel=51&subtype=1,cctv_99da5d6d-7f0e-4655-a505-aa9c3e705657,Arteri,No,ONLINE,"94,92",RTSP,BE 400 (stream tidak tersedia),Unhealthy
700,2026-06-21 08:04:05,BAGOPS,KORLANTAS - RTMC,RTMC 7 POLDA,Polda DIY,Kentungan Kaliurang,vms.k3i-korlantas.id,"-7,75527","110,38337",https://vms.k3i-korlantas.id/K3i/DIY/196_Kentungan_Kaliurang.stream/playlist.m3u8,cctv_9a16ede1-cef2-476b-a89f-55be967a3393,Arteri,No,ONLINE,"204,68",VMS,Playlist timeout,TIMEOUT
701,2026-06-21 08:01:34,BAGOPS,KORLANTAS - TMC,TMC 8 POLRES,Polda Jawa Tengah,Lojigandrung Solo,10.45.42.19,"-7,566441","110,809865",rtsp://onvif:lantas123!!@10.45.42.19:554/live/72921B21-9EB3-48CC-8434-30784D11E404,cctv_9a234899-1621-43a2-b60c-917160a18a48,Arteri,Yes,OFFLINE,N/A,RTSP,Video mengalir (7 segmen),Healthy
702,2026-06-21 08:04:06,BAGOPS,KORLANTAS - TMC,TMC 8 POLRES,Polda Kalimantan Timur,Simpang Pos Plaza 2,10.45.42.19,"-1,2770257","116,8375098",rtsp://onvif:lantas123!!@10.45.42.19:554/live/B1D24714-82F2-41E6-B9B4-9C7F9973F30C,cctv_9ac066b9-c5a7-40f2-bbc8-612cfcc7df30,Arteri,No,OFFLINE,N/A,RTSP,BE timeout,Unhealthy
703,2026-06-21 08:04:04,BAGOPS,KORLANTAS - RTMC,RTMC 7 POLDA,Polda Jawa Barat,Pospol Cisarua,vms.k3i-korlantas.id,"-6,67917117","106,9302327",https://vms.k3i-korlantas.id/K3i/JABAR/101_Pos_Pol_Cisarua.stream/playlist.m3u8,cctv_9b6df117-2ef4-4859-b501-433270c3de86,Arteri,No,ONLINE,"154,52",VMS,Playlist timeout,TIMEOUT
704,2026-06-21 08:04:05,BAGOPS,KORLANTAS - RTMC,RTMC 7 POLDA,Polda Jawa Timur,Simpang 3 Pendem Batu,vms.k3i-korlantas.id,"-7,90523","112,57338",https://vms.k3i-korlantas.id/K3i/JATIM/169_Simpang_3_Pendem_Batu.stream/playlist.m3u8,cctv_9b7ead5c-4c92-482e-bb16-f3e75d9df578,Arteri,No,ONLINE,"163,06",VMS,Playlist timeout,TIMEOUT
705,2026-06-21 08:06:16,BAGOPS,KORLANTAS - RTMC,RTMC 6 POLDA,Polda Riau,Tugu Zapin 2,vms.k3i-korlantas.id,"0,5175028","101,4473954",https://vms.k3i-korlantas.id/K3i/6POLDA/RIAU-026_Tugu_Zapin_2.stream/playlist.m3u8,cctv_9b84fe7b-4eda-473e-a812-ae539c0eab25,Arteri,No,ONLINE,"51,64",VMS,Playlist timeout,TIMEOUT
706,2026-06-21 08:06:16,BAGOPS,KORLANTAS - RTMC,RTMC 7 POLDA,Polda Banten,Merak Cikuasa Atas 2,vms.k3i-korlantas.id,"-5,93941","106,00397",https://vms.k3i-korlantas.id/K3i/METRO/030_Merak+Cikuasa+Atas+2.stream/playlist.m3u8,cctv_9b9bae83-07dc-4809-8a4a-1a991b1b95e4,Arteri,No,ONLINE,"18,92",VMS,Playlist timeout,TIMEOUT
707,2026-06-21 08:06:16,BAGOPS,KORLANTAS - RTMC,RTMC 3 POLDA,Polda Nusa Tenggara Barat,Simpang Sengkol,vms.k3i-korlantas.id,"-8,798701","116,293246",https://vms.k3i-korlantas.id/K3i/2021/NTB-017_Simpang_Sengkol.stream/playlist.m3u8,cctv_9ba13a8e-ea22-41e2-900a-4330a148a309,Arteri,No,ONLINE,"48,62",VMS,Playlist timeout,TIMEOUT
708,2026-06-21 08:06:16,BAGOPS,KORLANTAS - RTMC,RTMC 3 POLDA,Polda Aceh,SP Surabaya,vms.k3i-korlantas.id,"5,5511964","95,3300624",https://vms.k3i-korlantas.id/K3i/2021/ACEH_017_SP_Surabaya.stream/playlist.m3u8,cctv_9c28e412-e10a-445e-85b9-27118cccf5f0,Arteri,Yes,ONLINE,"53,15",VMS,Playlist timeout,TIMEOUT
709,2026-06-21 08:06:16,BAGOPS,KORLANTAS - TMC,TMC 3 POLRES TA 2022,Polda Jawa Tengah,Simpang 4 Purwosari,vms.k3i-korlantas.id,"-7,56344652","110,7992931",https://vms.k3i-korlantas.id/K3i/2RTMC-2TMC/PRP-017_Simpang_Tuguh_Pahlawan_Jl_Sultan_Hasanudin_Bau_massepe.stream/playlist.m3u8,cctv_9c33d7b7-2bef-4eba-83a1-36932445ab10,Arteri,Yes,ONLINE,"27,21",VMS,Playlist timeout,TIMEOUT
710,2026-06-21 08:06:17,BAGOPS,KORLANTAS - RTMC,RTMC 7 POLDA,Polda Metro Jaya,Gereja Immanuel Jakarta,vms.k3i-korlantas.id,"-6,17654","106,83116",https://vms.k3i-korlantas.id/K3i/METRO/026_Gereja+Immanuel+Jkt.stream/playlist.m3u8,cctv_9c3e5eb2-56ae-4a8e-b10b-3d18b7bf28cf,Arteri,No,ONLINE,"29,41",VMS,Playlist timeout,TIMEOUT
711,2026-06-21 08:06:17,BAGOPS,KORLANTAS - RTMC,RTMC 7 POLDA,Polda Metro Jaya,Bund. Pondok Indah,vms.k3i-korlantas.id,"-6,28009","106,78024",https://vms.k3i-korlantas.id/K3i/METRO/060_TL+Pondok+Indah.stream/playlist.m3u8,cctv_9ccb26d6-00cc-4d0f-848f-6a7c4b5efe08,Arteri,Yes,ONLINE,"15,78",VMS,Playlist timeout,TIMEOUT
712,2026-06-21 08:06:19,BAGOPS,KORLANTAS - TMC,TMC 8 POLRES,Polda Jawa Barat,DPRD - Balaikota,10.45.42.19,"-6,7066913","108,5580972",rtsp://onvif:lantas123!!@10.45.42.19:554/live/B2FB9587-22AE-4B49-9E58-EDEC3D0D3A26,cctv_9d430721-343a-4d9f-a378-8944e3874bbe,Arteri,Yes,OFFLINE,N/A,RTSP,Video mengalir (7 segmen),Healthy
713,2026-06-21 08:06:25,BAGOPS,KORLANTAS - RTMC,RTMC 6 POLDA,Polda Riau,Pasar arengka 1,vms.k3i-korlantas.id,"0,4636751","101,4184336",https://vms.k3i-korlantas.id/K3i/6POLDA/RIAU-002_Pasar_arengka_1.stream/playlist.m3u8,cctv_9d8215bb-cf2e-409f-8439-38c5405cc0d1,Arteri,No,ONLINE,"26,2",VMS,Playlist timeout,TIMEOUT
714,2026-06-21 08:06:25,BAGOPS,KORLANTAS - RTMC,RTMC 7 POLDA,Polda Lampung,Bakauheni,vms.k3i-korlantas.id,"-5,86761","105,7523",https://vms.k3i-korlantas.id/K3i/METRO/024_Bakauheni.stream/playlist.m3u8,cctv_9d8742a9-1273-4875-a873-9d503a49fc8a,Arteri,Yes,ONLINE,"70,62",VMS,Playlist timeout,TIMEOUT
715,2026-06-21 08:06:25,BAGOPS,KORLANTAS - RTMC,RTMC 7 POLDA,Polda Bali,Simpang 4 Sudirman,vms.k3i-korlantas.id,"-8,63945","115,25397",https://vms.k3i-korlantas.id/K3i/BALI/210_Simpang_4_Sudirman.stream/playlist.m3u8,cctv_9d9af60e-93fa-4122-8912-983946cc7370,Arteri,Yes,ONLINE,"52,93",VMS,Playlist timeout,TIMEOUT
716,2026-06-21 08:06:27,BAGOPS,KORLANTAS - TMC,TMC 4 POLRES TA 2024,Polda Jawa Timur,WATU GONG,10.45.42.19,"-7,94676","112,61299",rtsp://onvif:lantas123!!@10.45.42.19:554/live/FB108173-D6A6-442A-9F5C-5263BB81287B,cctv_9dc8a318-8ac6-485f-93d2-934a1219790b,Arteri,Yes,OFFLINE,N/A,RTSP,Playlist timeout,TIMEOUT
717,2026-06-21 08:06:25,BAGOPS,KORLANTAS - RTMC,HARWAT RTMC 4 POLDA,Polda Kalimantan Barat,Simpang Tanjung Pura,vms.k3i-korlantas.id,"-0,028339","109,343616",https://vms.k3i-korlantas.id/K3i/2024/KLBR-006_Sp._Tanjung_Pura.stream/playlist.m3u8,cctv_9df4bbcf-e50f-4af1-8674-4af1a0a5c13f,Arteri,No,ONLINE,14,VMS,Playlist timeout,TIMEOUT
718,2026-06-21 08:06:27,BAGOPS,KORLANTAS - RTMC,RTMC 7 POLDA,Polda Jawa Barat,Pospol Tanjakan Nagreg,vms.k3i-korlantas.id,"-7,02601505","107,8970673",https://vms.k3i-korlantas.id/K3i/JABAR/118_Pos_Pol_Tanjakan_Nagreg.stream/playlist.m3u8,cctv_9dfdab98-879d-4905-9ca6-0ad0ec25d038,Arteri,No,ONLINE,"17,59",VMS,Playlist timeout,TIMEOUT
719,2026-06-21 08:06:29,BAGOPS,KORLANTAS - TMC,RTMC 2 POLDA,Polda Sumatera Utara,CTV353 KORLAN SUMUT POLSEK DOLOK PANRIBUAN,vms.k3i-korlantas.id,"2,81858912","99,03143088",https://vms.k3i-korlantas.id/K3i/SMARTCITY/SMCT-059_Korlan_Jateng_Wonogiri.stream/playlist.m3u8,cctv_9e06184a-bb32-46e6-9d2d-0ed78c169743,Arteri,No,ONLINE,"30,25",VMS,Playlist timeout,TIMEOUT
720,2026-06-21 08:06:27,BAGOPS,KORLANTAS - TMC,TMC 3 POLRES TA 2022,Polda Sumatera Utara,Simp. Selayang Jamin,172.16.60.3,"3,520278","98,619167",rtsp://onvif:lantas123!!@172.16.60.3:554/live/EC96A7C0-D7EA-4F3F-8DE6-AE355DC36A1B,cctv_9e244b86-ab58-403b-91cd-7857355c1589,Arteri,No,OFFLINE,N/A,RTSP,BE 400 (stream tidak tersedia),Unhealthy
721,2026-06-21 08:06:33,BAGOPS,KORLANTAS - RTMC,RTMC 7 POLDA,Polda Sumatera Selatan,Mapolda,vms.k3i-korlantas.id,"-2,96070959","104,7383221",https://vms.k3i-korlantas.id/K3i/SUMSEL/219_Mapolda_Sumsel.stream/playlist.m3u8,cctv_9e247f0c-fc4e-4843-b7e0-5d63b1b391f4,Arteri,Yes,ONLINE,"43,25",VMS,Playlist timeout,TIMEOUT
722,2026-06-21 08:06:28,BAGOPS,KORLANTAS - TMC,TMC 8 POLRES,Polda Sulawesi Tenggara,Simpang Pos Lantas 9.0,10.45.42.19,"-3,9750768","122,513751",rtsp://onvif:lantas123!!@10.45.42.19:554/live/FBD88ABD-67FF-4DF2-8E66-3C234D8BC648,cctv_9ef0cc92-7790-459e-9c35-5ad7339c7d67,Arteri,Yes,OFFLINE,N/A,RTSP,BE 400 (stream tidak tersedia),Unhealthy
723,2026-06-21 08:06:34,BAGOPS,KORLANTAS - TMC,TMC 8 POLRES,Polda Sumatera Barat,Simpang BI 2,vms.k3i-korlantas.id,"-0,9426768","100,3620198",https://vms.k3i-korlantas.id/K3i/2020/PDG-009_Simpang_BI2.stream/playlist.m3u8,cctv_9f3f48d6-9c46-41fa-84fc-6f073aec990b,Arteri,Yes,ONLINE,"26,03",VMS,Playlist timeout,TIMEOUT
724,2026-06-21 08:06:35,BAGOPS,KORLANTAS - RTMC,HARWAT RTMC 4 POLDA,Polda Kalimantan Barat,Depan Kantor DPRD,vms.k3i-korlantas.id,"-0,060985","109,353961",https://vms.k3i-korlantas.id/K3i/2024/KLBR-009_Depan_Kantor_DPRD.stream/playlist.m3u8,cctv_9f9a2270-cfce-4be4-ab74-b6edc470a644,Arteri,No,ONLINE,"38,91",VMS,Playlist timeout,TIMEOUT
725,2026-06-21 08:06:36,BAGOPS,KORLANTAS - RTMC,RTMC 3 POLDA,Polda Nusa Tenggara Timur,Sp 5 Tugu Pancasila Belu-NTT,vms.k3i-korlantas.id,"-9,10435578","124,8966645",https://vms.k3i-korlantas.id/K3i/2021/NTT-017_SP_5_Tugu_Pancasila_Belu.stream/playlist.m3u8,cctv_9fd6a96b-87e8-447d-8f48-5ca4a997644e,Arteri,No,ONLINE,"30,52",VMS,Playlist timeout,TIMEOUT
726,2026-06-21 08:06:40,BAGOPS,KORLANTAS - RTMC,RTMC 6 POLDA,Polda Banten,Sumur Pecung PTZ,vms.k3i-korlantas.id,"-6,119556","106,164861",https://vms.k3i-korlantas.id/K3i/6POLDA/BNT-008_Sumur_Pecung_PTZ.stream/playlist.m3u8,cctv_a011cac0-100a-4545-b624-ccb4734c6a65,Arteri,No,ONLINE,"20,84",VMS,Playlist timeout,TIMEOUT
727,2026-06-21 08:06:37,BAGOPS,KORLANTAS - TMC,TMC 8 POLRES,Polda Sulawesi Tenggara,Teluk Kendari,10.45.42.19,"-3,98191247","122,5324453",rtsp://onvif:lantas123!!@10.45.42.19:554/live/AAC4039E-BA58-461C-B2F5-50F38E049195,cctv_a015090b-6b24-4fb3-89a1-7ecc38a320c6,Arteri,Yes,OFFLINE,N/A,RTSP,BE 400 (stream tidak tersedia),Unhealthy
728,2026-06-21 08:06:42,BAGOPS,KORLANTAS - RTMC,RTMC 6 POLDA,Polda Bangka Belitung,SP.Aston PTX,vms.k3i-korlantas.id,"-2,178833","106,133444",https://vms.k3i-korlantas.id/K3i/6POLDA/BBL-002_SP.Aston_PTX.stream/playlist.m3u8,cctv_a08cb44c-c5d2-4345-b0f0-a824dda7a10c,Arteri,No,ONLINE,"30,27",VMS,Playlist timeout,TIMEOUT
729,2026-06-21 08:06:57,BAGOPS,KORLANTAS - TMC,TMC 3 POLRES TA 2022,Polda Jawa Tengah,Batas Kota Tugu Makutho,36.95.224.117,"-7,54657294","110,7777761",rtsp://rtsp:korlantas123@36.95.224.117:554/cam/realmonitor?channel=26&subtype=1,cctv_a0d65808-88c0-45e8-bf2e-17194e29a6a1,Arteri,No,ONLINE,"29,95",RTSP,BE 400 (stream tidak tersedia),Unhealthy
730,2026-06-21 08:06:56,BAGOPS,KORLANTAS - RTMC,HARWAT RTMC 4 POLDA,Polda Sulawesi Barat,Poros 1 Mamuju,vms.k3i-korlantas.id,"-2,673537","118,905283",https://vms.k3i-korlantas.id/K3i/2024/SLBR-005_Poros_1_Mamuju.stream/playlist.m3u8,cctv_a1071f79-9b41-4fd3-b075-2e608b12122c,Arteri,Yes,ONLINE,"29,38",VMS,HTTP 502,Unhealthy
731,2026-06-21 08:06:58,BAGOPS,KORLANTAS - TMC,TMC 3 POLRES TA 2022,Polda Sumatera Utara,Simpang Tiga Asahan,172.16.60.3,"2,987924","99,612071",rtsp://onvif:lantas123!!@172.16.60.3:554/live/BA9D118A-F2D0-48BE-9324-11BED9262106,cctv_a164f694-ebe8-4287-bc44-ac00808a0598,Arteri,No,OFFLINE,N/A,RTSP,BE 400 (stream tidak tersedia),Unhealthy
732,2026-06-21 08:07:06,BAGOPS,KORLANTAS - TMC,TMC 8 POLRES,Polda Jawa Barat,SP Alun Alun Kejaksaan,10.45.42.19,"-6,7099705","108,5599439",rtsp://onvif:lantas123!!@10.45.42.19:554/live/E169F5BF-DCDE-4171-9054-48DA6C5F2642,cctv_a1c182f1-2a62-4b0a-a797-2d5ed873c508,Arteri,Yes,OFFLINE,N/A,RTSP,Playlist timeout,TIMEOUT
733,2026-06-21 08:06:56,BAGOPS,KORLANTAS - RTMC,RTMC 7 POLDA,Polda DIY,"Giwangan, Gondowulung",vms.k3i-korlantas.id,"-7,83689","110,3919",https://vms.k3i-korlantas.id/K3i/DIY/189_Giwangan_Gondowulung.stream/playlist.m3u8,cctv_a2068201-acd5-4200-8b13-ce49d7438d80,Arteri,Yes,ONLINE,"14,67",VMS,HTTP 502,Unhealthy
734,2026-06-21 08:06:56,BAGOPS,KORLANTAS - RTMC,RTMC 6 POLDA,Polda Kalimantan Timur,Sp Blp Baru PTZ,vms.k3i-korlantas.id,"-1,23987","116,87349",https://vms.k3i-korlantas.id/K3i/6POLDA/KTM-023_Sp_Blp_Baru_PTZ.stream/playlist.m3u8,cctv_a21f65a8-92b6-4e71-96db-20622e1a90a4,Arteri,No,ONLINE,"22,32",VMS,HTTP 502,Unhealthy
735,2026-06-21 08:06:57,BAGOPS,KORLANTAS - RTMC,RTMC 7 POLDA,Polda Sumatera Selatan,Jembatan Ampera Sumsel,vms.k3i-korlantas.id,"-2,99170242","104,7635009",https://vms.k3i-korlantas.id/K3i/SUMSEL/236_Jembatan_Ampera_Sumsel.stream/playlist.m3u8,cctv_a2479fc6-e219-4075-8538-d8b842d98d80,Arteri,No,ONLINE,"30,43",VMS,HTTP 502,Unhealthy
736,2026-06-21 08:06:57,BAGOPS,KORLANTAS - RTMC,RTMC 6 POLDA,Polda Kalimantan Timur,Sp Blp Baru FIX 2,vms.k3i-korlantas.id,"-1,23987","116,87349",https://vms.k3i-korlantas.id/K3i/6POLDA/KTM-025_Sp_Blp_Baru_FIX_2.stream/playlist.m3u8,cctv_a27b1654-a16f-48b4-8ffa-aff544b4b072,Arteri,Yes,ONLINE,"30,12",VMS,HTTP 502,Unhealthy
737,2026-06-21 08:06:57,BAGOPS,KORLANTAS - RTMC,RTMC 7 POLDA,Polda Bali,Gilimanuk,vms.k3i-korlantas.id,"-8,67671","115,20654",https://vms.k3i-korlantas.id/K3i/BALI/214_Gilimanuk.stream/playlist.m3u8,cctv_a2f4532d-1181-4281-abc9-9a16a6642848,Arteri,Yes,ONLINE,16,VMS,HTTP 502,Unhealthy
738,2026-06-21 08:06:57,BAGOPS,KORLANTAS - TMC,TMC 3 POLRES TA 2022,Polda Sumatera Utara,SP 3 Ajibata,vms.k3i-korlantas.id,"2,66069","98,93282",https://vms.k3i-korlantas.id/K3i/2023/SML-003_SP_3_Ajibata.stream/playlist.m3u8,cctv_a2fb9fac-ecbd-4a49-b809-27e9ea1ef6b9,Arteri,Yes,ONLINE,"30,16",VMS,HTTP 502,Unhealthy
739,2026-06-21 08:06:57,BAGOPS,KORLANTAS - RTMC,RTMC 3 POLDA,Polda Maluku,JL. Sitanala ( Oriental Carwash),vms.k3i-korlantas.id,"-3,7044027","128,174809",https://vms.k3i-korlantas.id/K3i/2022/MALUKU-009_JL._Sitanala_(Oriental_Carwash).stream/playlist.m3u8,cctv_a2fcf4d9-c5f5-4736-b6a6-8706bdb83303,Arteri,No,ONLINE,"15,85",VMS,HTTP 502,Unhealthy
740,2026-06-21 08:06:57,BAGOPS,KORLANTAS - RTMC,RTMC 7 POLDA,Polda Jawa Tengah,Pos Pol Kendal,vms.k3i-korlantas.id,"-6,92096","110,20366",https://vms.k3i-korlantas.id/K3i/JATENG/155_Pos_Pol_Kendal.stream/playlist.m3u8,cctv_a30ca3d7-85eb-40f2-b302-ce7587a6ada9,Arteri,Yes,ONLINE,"13,46",VMS,HTTP 502,Unhealthy
741,2026-06-21 08:06:57,BAGOPS,KORLANTAS - RTMC,RTMC 7 POLDA,Polda Metro Jaya,TL Pluit,vms.k3i-korlantas.id,"-6,12673548","106,792012",https://vms.k3i-korlantas.id/K3i/METRO/059_TL+Pluit.stream/playlist.m3u8,cctv_a349a118-6046-4f7e-9fc6-4582f53b89e9,Arteri,Yes,ONLINE,"15,54",VMS,HTTP 502,Unhealthy
742,2026-06-21 08:06:57,BAGOPS,KORLANTAS - TMC,TMC 3 POLRES TA 2022,Polda Jawa Tengah,Simpang 3 Kusumodilagan,vms.k3i-korlantas.id,"-7,59045796","110,8272347",https://vms.k3i-korlantas.id/K3i/2RTMC-2TMC/PRP-016_Simpang_Polsek_Soreang.stream/playlist.m3u8,cctv_a3570646-587a-4b52-9bc1-32abca51c5bf,Arteri,Yes,ONLINE,"14,34",VMS,HTTP 502,Unhealthy
743,2026-06-21 08:06:58,BAGOPS,KORLANTAS - RTMC,HARWAT RTMC 4 POLDA,Polda Sulawesi Barat,Poros 2 Mamuju,vms.k3i-korlantas.id,"-2,673606","118,904735",https://vms.k3i-korlantas.id/K3i/2024/SLBR-006_Poros_2_Mamuju.stream/playlist.m3u8,cctv_a3f69bd6-b14f-460f-ac00-b715c6fa3511,Arteri,Yes,ONLINE,"23,4",VMS,HTTP 502,Unhealthy
744,2026-06-21 08:06:58,BAGOPS,KORLANTAS - RTMC,RTMC 7 POLDA,Polda Sumatera Selatan,S. 8 ulu,vms.k3i-korlantas.id,"-3,01573853","104,7796239",https://vms.k3i-korlantas.id/K3i/SUMSEL/224_SP_8_Ulu.stream/playlist.m3u8,cctv_a46a89a4-869c-4f4d-b46b-a48afa5f2f58,Arteri,Yes,ONLINE,"17,2",VMS,HTTP 502,Unhealthy
745,2026-06-21 08:06:58,BAGOPS,KORLANTAS - RTMC,RTMC 6 POLDA,Polda Banten,Sumur Pecung FIX 2,vms.k3i-korlantas.id,"-6,1196883","106,164921",https://vms.k3i-korlantas.id/K3i/6POLDA/BNT-010_Sumur_Pecung_FIX_2.stream/playlist.m3u8,cctv_a46bff0f-65ce-4fc1-93ac-d84548384049,Arteri,No,ONLINE,"16,28",VMS,HTTP 502,Unhealthy
746,2026-06-21 08:06:58,BAGOPS,KORLANTAS - RTMC,RTMC 7 POLDA,Polda Jawa Barat,Pospol Jomin,vms.k3i-korlantas.id,"-6,40879702","107,4858537",https://vms.k3i-korlantas.id/K3i/JABAR/105_Pos_Pol_Jomin.stream/playlist.m3u8,cctv_a47da3c3-80cb-4a0f-a3b9-00f81b7cb90c,Arteri,Yes,ONLINE,"21,49",VMS,HTTP 502,Unhealthy
747,2026-06-21 08:06:58,BAGOPS,KORLANTAS - RTMC,RTMC 7 POLDA,Polda Bali,Gilimanuk Pelabuhan,vms.k3i-korlantas.id,"-8,67671","115,20654",https://vms.k3i-korlantas.id/K3i/BALI/238_Gilimanuk_Pelabuhan.stream/playlist.m3u8,cctv_a52d41a5-7189-4a37-8828-e379a4deaacf,Arteri,Yes,ONLINE,"13,46",VMS,HTTP 502,Unhealthy
748,2026-06-21 08:06:58,BAGOPS,KORLANTAS - RTMC,HARWAT RTMC 4 POLDA,Polda Kalimantan Barat,Simpang Kapur,vms.k3i-korlantas.id,"-0,063169","109,381287",https://vms.k3i-korlantas.id/K3i/2024/KLBR-013_Sp._Kapur.stream/playlist.m3u8,cctv_a59662ef-82b4-4abd-8c2d-ce2fd09db941,Arteri,No,ONLINE,"19,22",VMS,HTTP 502,Unhealthy
749,2026-06-21 08:06:59,BAGOPS,KORLANTAS - RTMC,RTMC 7 POLDA,Polda Banten,Merak Fly Over Jl. Yosudarso,vms.k3i-korlantas.id,"-5,93533","106,00213",https://vms.k3i-korlantas.id/K3i/METRO/031_Merak+Fly+Over+Jl.+Yosudarso.stream/playlist.m3u8,cctv_a5ac8795-aa66-4ca5-85db-dde77d1f5501,Arteri,Yes,ONLINE,"46,58",VMS,HTTP 502,Unhealthy
750,2026-06-21 08:06:59,BAGOPS,KORLANTAS - RTMC,RTMC 7 POLDA,Polda Metro Jaya,TL Tugu Tani,vms.k3i-korlantas.id,"-6,18274","106,83393",https://vms.k3i-korlantas.id/K3i/METRO/023_TL+Tugu+Tani.stream/playlist.m3u8,cctv_a5ed1ac8-ea68-416d-8c7b-d2ec879f9b6d,Arteri,Yes,ONLINE,"15,12",VMS,HTTP 502,Unhealthy
751,2026-06-21 08:06:59,BAGOPS,KORLANTAS - TMC,TMC 3 POLRES TA 2022,Polda Sumatera Utara,Simpang Sinalco Kec Tanjung Morawa Kab Deli Serdang,vms.k3i-korlantas.id,"3,5337218","98,8021251",https://vms.k3i-korlantas.id/K3i/SMARTCITY/SMCT-069_Hotel_Grand_Dafam_Signature_Pintu_Masuk.stream/playlist.m3u8,cctv_a6068835-35b2-47f1-b4a3-ea5fbc5b1e88,Arteri,No,ONLINE,"16,54",VMS,HTTP 502,Unhealthy
752,2026-06-21 08:06:59,BAGOPS,KORLANTAS - TMC,TMC 8 POLRES,Polda Sumatera Barat,Simpang Lamun ombak 1,vms.k3i-korlantas.id,"-0,9076413","100,3538606",https://vms.k3i-korlantas.id/K3i/2020/PDG-003_Lamun_Ombak1.stream/playlist.m3u8,cctv_a62fd81c-a079-4b19-95bf-46a51bf90346,Arteri,No,ONLINE,"14,23",VMS,HTTP 502,Unhealthy
753,2026-06-21 08:06:59,BAGOPS,KORLANTAS - RTMC,RTMC 6 POLDA,Polda Maluku Utara,LAP SALERO PTZ,vms.k3i-korlantas.id,"0,799851","127,385172",https://vms.k3i-korlantas.id/K3i/6POLDA/MLT-007_Lap_Salero_Ptz.stream/playlist.m3u8,cctv_a69b1e91-178b-44c5-995f-d7d16b0a5e32,Arteri,No,ONLINE,"41,65",VMS,HTTP 502,Unhealthy
754,2026-06-21 08:06:59,BAGOPS,KORLANTAS - RTMC,RTMC 3 POLDA,Polda Gorontalo,Monitoring Tugu Jagung,vms.k3i-korlantas.id,"0,5242251","122,3456286",https://vms.k3i-korlantas.id/K3i/SURAKARTA/SKT-017_Simpang-Empat-Bank-Indonesia.stream/playlist.m3u8,cctv_a6b24d37-acbf-48f2-aa67-9773fc7142f9,Arteri,No,ONLINE,"15,38",VMS,HTTP 502,Unhealthy
755,2026-06-21 08:06:59,BAGOPS,KORLANTAS - RTMC,RTMC 7 POLDA,Polda Jawa Tengah,Pertigaan Pejagan,vms.k3i-korlantas.id,"-6,87233","108,88517",https://vms.k3i-korlantas.id/K3i/JATENG/147_Pertigaan_Pejagan.stream/playlist.m3u8,cctv_a6d44b3f-46e5-4f78-84f4-93233a1a6288,Arteri,No,ONLINE,"18,04",VMS,HTTP 502,Unhealthy
756,2026-06-21 08:06:59,BAGOPS,KORLANTAS - TMC,TMC 8 POLRES,Polda Lampung,Simpang Tugu Adipura,vms.k3i-korlantas.id,"-5,422385","105,258388",https://vms.k3i-korlantas.id/K3i/2020/BLPG-014_Tugu_Adipura.stream/playlist.m3u8,cctv_a7817451-c119-4f84-9543-2c94fe5910f3,Arteri,No,ONLINE,"24,23",VMS,HTTP 502,Unhealthy
757,2026-06-21 08:07:00,BAGOPS,KORLANTAS - RTMC,RTMC 3 POLDA,Polda Gorontalo,Simpang 4 Patung Saronde,vms.k3i-korlantas.id,"0,542144","123,06147",https://vms.k3i-korlantas.id/K3i/SURAKARTA/SKT-012_Tugu-Makuto.stream/playlist.m3u8,cctv_a83d9776-c4dc-4afa-b2bb-42cd2646e3d7,Arteri,No,ONLINE,"37,07",VMS,HTTP 502,Unhealthy
758,2026-06-21 08:07:00,BAGOPS,KORLANTAS - TMC,TMC 3 POLRES TA 2022,Polda Sulawesi Selatan,JL. AP.PETTARANI / SULTAN ALAUDDIN,vms.k3i-korlantas.id,"-5,173885","119,431293",https://vms.k3i-korlantas.id/K3i/SURAKARTA/SKT-033_Simpang-Nonongan.stream/playlist.m3u8,cctv_a8651af2-b942-4875-8861-22cc2b0d863f,Arteri,No,ONLINE,"31,85",VMS,HTTP 502,Unhealthy
759,2026-06-21 08:07:02,BAGOPS,KORLANTAS - TMC,TMC 3 POLRES TA 2022,Polda Sumatera Utara,Simpang Rambung Merah Simalungun,172.16.60.3,"2,9672564","99,0986452",rtsp://onvif:lantas123!!@172.16.60.3:554/live/B72C25FE-56C0-4D4C-9EBB-E7E9B9B8D03C,cctv_a86649fb-5d79-418e-959f-529dbf0362d5,Arteri,No,OFFLINE,N/A,RTSP,BE 400 (stream tidak tersedia),Unhealthy
760,2026-06-21 08:06:50,BAGOPS,KORLANTAS - RTMC,RTMC 7 POLDA,Polda Jawa Barat,Pospol Buah Batu,vms.k3i-korlantas.id,"-6,9481","107,6336",https://vms.k3i-korlantas.id/K3i/JABAR/078_Simpang_Buah_Batu.stream/playlist.m3u8,cctv_a86f10b3-be20-447c-a920-a6a165d18b52,Arteri,No,ONLINE,"41,87",VMS,HTTP 502,Unhealthy
761,2026-06-21 08:06:50,BAGOPS,KORLANTAS - TMC,TMC 3 POLRES TA 2022,Polda Sulawesi Selatan,JL. ANTANG RAYA / BUKIT BARUGA,vms.k3i-korlantas.id,"-5,156107","119,478604",https://vms.k3i-korlantas.id/K3i/SURAKARTA/SKT-008_Batas-Kota-Kleco.stream/playlist.m3u8,cctv_a91684b7-b088-4200-acc3-a6ef020e11e7,Arteri,No,ONLINE,"109,81",VMS,HTTP 502,Unhealthy
762,2026-06-21 08:06:50,BAGOPS,KORLANTAS - RTMC,HARWAT RTMC 4 POLDA,Polda Sulawesi Barat,Sp. 6 Wonomulyo Polman,vms.k3i-korlantas.id,"-3,39849","119,211056",https://vms.k3i-korlantas.id/K3i/2024/SLBR-012_Sp_6_Wonomulyo_Polman.stream/playlist.m3u8,cctv_a945df51-4ce8-4f31-b265-d94b8140b7e7,Arteri,Yes,ONLINE,"38,01",VMS,HTTP 502,Unhealthy
763,2026-06-21 08:06:51,BAGOPS,KORLANTAS - TMC,TMC 3 POLRES TA 2023,Polda Kalimantan Selatan,Simpang tiga sungai lulut,vms.k3i-korlantas.id,"-3,319667","114,623139",https://vms.k3i-korlantas.id/K3i/2022/BJM-003_Sp_3_Sungai_Lulut.stream/playlist.m3u8,cctv_a974c58f-d237-4dbf-a4d5-f4f7f026fa68,Arteri,Yes,ONLINE,"67,12",VMS,HTTP 502,Unhealthy
764,2026-06-21 08:06:53,BAGOPS,KORLANTAS - TMC,TMC 3 POLRES TA 2022,Polda Sumatera Utara,JL. SUDIRMAN BUNDARAN PLN,172.16.60.3,"2,9586078","99,7997391",rtsp://onvif:lantas123!!@172.16.60.3:554/live/FE87A1C7-7924-42AD-B956-A2E66C11A504,cctv_a99c202d-d891-418d-8206-3561fd87f81e,Arteri,No,OFFLINE,N/A,RTSP,BE 400 (stream tidak tersedia),Unhealthy
765,2026-06-21 08:06:52,BAGOPS,KORLANTAS - TMC,TMC 3 POLRES TA 2023,Polda Jawa Tengah,SP Terminal,vms.k3i-korlantas.id,"-7,694417","110,848689",https://vms.k3i-korlantas.id/K3i/2022/SKH-004_Depan_Terminal.stream/playlist.m3u8,cctv_a9e4ba2e-3f13-4dc8-a7c4-003638285655,Arteri,Yes,ONLINE,"15,85",VMS,HTTP 502,Unhealthy
766,2026-06-21 08:06:51,BAGOPS,KORLANTAS - RTMC,RTMC 3 POLDA,Polda Aceh,Sigli - Pidi,vms.k3i-korlantas.id,"5,3847646","95,9601445",https://vms.k3i-korlantas.id/K3i/2021/ACEH_005_Sigli-Pidie.stream/playlist.m3u8,cctv_aa0110c3-7a7f-4eac-9c4c-2fb280acedb7,Arteri,No,ONLINE,"13,32",VMS,HTTP 502,Unhealthy
767,2026-06-21 08:06:52,BAGOPS,KORLANTAS - RTMC,RTMC 6 POLDA,Polda Maluku Utara,LENDMARK PTZ,vms.k3i-korlantas.id,"0,785974","127,388414",https://vms.k3i-korlantas.id/K3i/6POLDA/MLT-010_Lendmark_Ptz.stream/playlist.m3u8,cctv_aa3599c0-7279-4bfc-a37d-053fe45f300a,Arteri,No,ONLINE,"225,46",VMS,HTTP 502,Unhealthy
768,2026-06-21 08:06:52,BAGOPS,KORLANTAS - TMC,TMC 8 POLRES,Polda Jambi,Simpang Lantas Talang Banjar 2,vms.k3i-korlantas.id,"-1,598361","103,627896",https://vms.k3i-korlantas.id/K3i/2020/JMB-015_SP_Lantas_TL_Banjar_2.stream/playlist.m3u8,cctv_aa3afdb3-efa1-49a5-bf3b-9c5ddbd1ca3c,Arteri,No,ONLINE,"117,29",VMS,HTTP 502,Unhealthy
769,2026-06-21 08:06:53,BAGOPS,KORLANTAS - TMC,TMC 3 POLRES TA 2022,Polda Sumatera Utara,Simp. Jalan pahlawan Tanjung Morawa,172.16.60.3,"3,5209753","98,7879329",rtsp://onvif:lantas123!!@172.16.60.3:554/live/84402036-F489-4B3B-8F0F-9767F0E2EFC5,cctv_aac51476-db1f-4bcc-b36b-4e5eb34255df,Arteri,No,OFFLINE,N/A,RTSP,BE 400 (stream tidak tersedia),Unhealthy
770,2026-06-21 08:06:52,BAGOPS,KORLANTAS - RTMC,RTMC 7 POLDA,Polda Metro Jaya,TL Perintis Kemerdekaan,vms.k3i-korlantas.id,"-6,1759","106,89439",https://vms.k3i-korlantas.id/K3i/METRO/018_Simpang+Perintis+Kemerdekaan.stream/playlist.m3u8,cctv_ab14363c-eac2-442a-b32d-7a5846322a8f,Arteri,Yes,ONLINE,"40,63",VMS,HTTP 502,Unhealthy
771,2026-06-21 08:06:52,BAGOPS,KORLANTAS - RTMC,RTMC 6 POLDA,Polda Maluku Utara,TL SUZUKI FIX 1,vms.k3i-korlantas.id,"0,767558","127,374464",https://vms.k3i-korlantas.id/K3i/6POLDA/MLT-022_Tl_Suzuki_Fix_1.stream/playlist.m3u8,cctv_ab433c90-cfc2-489c-8c99-f6dae57016ef,Arteri,Yes,ONLINE,"28,89",VMS,HTTP 502,Unhealthy
772,2026-06-21 08:06:52,BAGOPS,KORLANTAS - RTMC,RTMC 3 POLDA,Polda Bengkulu,Simpang Kandang Limun,vms.k3i-korlantas.id,"-3,766153","102,268631",https://vms.k3i-korlantas.id/K3i/2RTMC-2TMC/PRP-008_Patung_Ainun_Habibi.stream/playlist.m3u8,cctv_ab698f96-9ef6-4d06-807d-a7811e5f9137,Arteri,Yes,ONLINE,"15,88",VMS,HTTP 502,Unhealthy
773,2026-06-21 08:06:55,BAGOPS,KORLANTAS - TMC,TMC 8 POLRES,Polda Kalimantan Timur,SP SPN,10.45.42.19,"-1,2698797","116,8555414",rtsp://onvif:lantas123!!@10.45.42.19:554/live/AB9F2B3A-3254-4CFC-851A-3F60AF5C3018,cctv_abd64b94-5fb2-4c22-a4f1-e3289673af44,Arteri,Yes,OFFLINE,N/A,RTSP,BE 400 (stream tidak tersedia),Unhealthy
774,2026-06-21 08:06:52,BAGOPS,KORLANTAS - TMC,TMC 3 POLRES TA 2022,Polda Kalimantan Timur,Simpang Gerbang Madani,vms.k3i-korlantas.id,"-1,30592","116,73275",https://vms.k3i-korlantas.id/K3i/SURAKARTA/SKT-003_Simpang-Gading.stream/playlist.m3u8,cctv_ac0d31db-ed69-463f-8fdd-836d347e0386,Arteri,No,ONLINE,"15,74",VMS,HTTP 502,Unhealthy
775,2026-06-21 08:06:52,BAGOPS,KORLANTAS - RTMC,RTMC 7 POLDA,Polda Jawa Tengah,Pos Pol Simpang Lima Semarang,vms.k3i-korlantas.id,"-6,99077","110,42181",https://vms.k3i-korlantas.id/K3i/JATENG/138_Pos_Polisi_Simpang_Lima.stream/playlist.m3u8,cctv_ac472fcf-0f14-4511-9d56-474a3dec58e5,Arteri,Yes,ONLINE,"42,96",VMS,HTTP 502,Unhealthy
776,2026-06-21 08:06:53,BAGOPS,KORLANTAS - RTMC,RTMC 3 POLDA,Polda Nusa Tenggara Timur,PLBN RI-NTT,vms.k3i-korlantas.id,"-8,96296594","124,9471091",https://vms.k3i-korlantas.id/K3i/2021/NTT-009_PLBN_RI.stream/playlist.m3u8,cctv_ac831ed6-6835-4816-9d7c-fbe816f220d3,Arteri,No,ONLINE,"48,21",VMS,HTTP 502,Unhealthy
777,2026-06-21 08:06:55,BAGOPS,KORLANTAS - TMC,TMC 8 POLRES,Polda Sulawesi Tenggara,SP 4 Pasar Baru,10.45.42.19,"-7,5472824","110,7958886",rtsp://onvif:lantas123!!@10.45.42.19:554/live/1D78A842-3E8E-43C0-BC33-293D3A971117,cctv_ac904864-a358-41b4-a4b1-dc71ec8a6fd2,Arteri,Yes,OFFLINE,N/A,RTSP,BE 400 (stream tidak tersedia),Unhealthy
778,2026-06-21 08:06:53,BAGOPS,KORLANTAS - RTMC,HARWAT RTMC 4 POLDA,Polda Sulawesi Tenggara,Bundaran Abunawas,vms.k3i-korlantas.id,"-3,99038","122,53481",https://vms.k3i-korlantas.id/K3i/2024/SLTR-007_Bundaran_Abunawas.stream/playlist.m3u8,cctv_acc45749-9180-4532-920b-fa2e1fab6e12,Arteri,No,ONLINE,"17,28",VMS,HTTP 502,Unhealthy
779,2026-06-21 08:06:53,BAGOPS,KORLANTAS - RTMC,RTMC 6 POLDA,Polda Banten,Banten 5 (Bunderan Ciceri) FIX,vms.k3i-korlantas.id,"-6,124677","106,171504",https://vms.k3i-korlantas.id/K3i/6POLDA/BNT-030_Banten_5-Bunderan_Ciceri-FIX.stream/playlist.m3u8,cctv_acdbe4e6-99ec-4ead-8524-ba33c8daff83,Arteri,Yes,ONLINE,"35,14",VMS,HTTP 502,Unhealthy
780,2026-06-21 08:06:53,BAGOPS,KORLANTAS - RTMC,RTMC 3 POLDA,Polda Kepulauan Riau,By Pass Panbil,vms.k3i-korlantas.id,"1,0704177","104,0241075",https://vms.k3i-korlantas.id/K3i/2022/KEPRI-010_By_Pass_Panbil.stream/playlist.m3u8,cctv_ada88998-9ada-4b90-b97c-78d0dd2b67bb,Arteri,No,ONLINE,"32,44",VMS,HTTP 502,Unhealthy
781,2026-06-21 08:06:53,BAGOPS,KORLANTAS - TMC,TMC 8 POLRES,Polda Sumatera Barat,Simpang Jambria 1,vms.k3i-korlantas.id,"-0,9267195","100,3614757",https://vms.k3i-korlantas.id/K3i/2020/PDG-012_simpang_jambria1.stream/playlist.m3u8,cctv_ae2b069d-86a5-4e74-8e06-e518c0f6dd6d,Arteri,No,ONLINE,"39,15",VMS,HTTP 502,Unhealthy
782,2026-06-21 08:06:53,BAGOPS,KORLANTAS - TMC,TMC 8 POLRES,Polda Lampung,Simpang Fly Over Pahoman,vms.k3i-korlantas.id,"-5,42284","105,26934",https://vms.k3i-korlantas.id/K3i/2020/BLPG-018_Pahoman.stream/playlist.m3u8,cctv_ae4b4035-a52c-43ce-bd19-0f9c3048e6e7,Arteri,No,ONLINE,"13,38",VMS,HTTP 502,Unhealthy
783,2026-06-21 08:06:53,BAGOPS,KORLANTAS - RTMC,RTMC 3 POLDA,Polda Sulawesi Tengah,Simpang 4 Veteran,vms.k3i-korlantas.id,"-0,8978086","119,8872754",https://vms.k3i-korlantas.id/K3i/2022/SULTENG-007_SP_4_VETERA.stream/playlist.m3u8,cctv_aee2fca2-5e76-45b4-ac03-482b4282c499,Arteri,No,ONLINE,"14,22",VMS,HTTP 502,Unhealthy
784,2026-06-21 08:06:53,BAGOPS,KORLANTAS - RTMC,RTMC 7 POLDA,Polda Jawa Barat,Pospol Alun-alun Ciamis,vms.k3i-korlantas.id,"-7,32674","108,3523",https://vms.k3i-korlantas.id/K3i/JABAR/096_Pos_Pol_Alun-alun_Ciamis.stream/playlist.m3u8,cctv_afb7aa25-a203-4c00-8c88-f48c8bb51825,Arteri,No,ONLINE,"35,43",VMS,HTTP 502,Unhealthy
785,2026-06-21 08:06:56,BAGOPS,KORLANTAS - TMC,TMC 8 POLRES,Polda Kalimantan Timur,SP Dishub,10.45.42.19,"-1,24257653","116,8947824",rtsp://onvif:lantas123!!@10.45.42.19:554/live/93709C6B-69D9-41B5-B561-3D4C503EE514,cctv_afc2f670-17b9-4e2b-abc0-4d4fbcce9d76,Arteri,No,OFFLINE,N/A,RTSP,BE 400 (stream tidak tersedia),Unhealthy
786,2026-06-21 08:06:53,BAGOPS,KORLANTAS - TMC,TMC 3 POLRES TA 2022,Polda Sulawesi Selatan,JL. METRO TJ. BUNGA / PENGHIBUR,vms.k3i-korlantas.id,"-5,146496","119,40889",https://vms.k3i-korlantas.id/K3i/SURAKARTA/SKT-040_Depan-Polsek-Serengan.stream/playlist.m3u8,cctv_b0358c65-5589-4668-a5a6-6144ee007017,Arteri,No,ONLINE,"29,79",VMS,HTTP 502,Unhealthy
787,2026-06-21 08:06:53,BAGOPS,KORLANTAS - RTMC,RTMC 3 POLDA,Polda Sulawesi Tengah,Simpang 3 Jam Desa,vms.k3i-korlantas.id,"-0,8684627","119,8775956",https://vms.k3i-korlantas.id/K3i/2022/SULTENG-002_Sp_3_Jam_Desa.stream/playlist.m3u8,cctv_b07fb9c3-0c0a-4d57-b156-284fdea38452,Arteri,No,ONLINE,"44,7",VMS,HTTP 502,Unhealthy
788,2026-06-21 08:06:53,BAGOPS,KORLANTAS - RTMC,RTMC 7 POLDA,Polda Jawa Tengah,Bawen,vms.k3i-korlantas.id,"-7,24377","110,43477",https://vms.k3i-korlantas.id/K3i/JATENG/131_Bawen_Salatiga.stream/playlist.m3u8,cctv_b1009fa9-335d-40d6-9543-aff180bd7660,Arteri,Yes,ONLINE,"52,73",VMS,HTTP 502,Unhealthy
789,2026-06-21 08:06:53,BAGOPS,KORLANTAS - RTMC,RTMC 7 POLDA,Polda Jawa Barat,Pasar Kalijati 2,vms.k3i-korlantas.id,"-6,52577","107,6745",https://vms.k3i-korlantas.id/K3i/JABAR/126_Pasar_kali_Jati_2.stream/playlist.m3u8,cctv_b15e0281-4d21-4a0e-b752-549cbd0b8543,Arteri,Yes,ONLINE,"54,34",VMS,HTTP 502,Unhealthy
790,2026-06-21 08:06:53,BAGOPS,KORLANTAS - TMC,TMC 3 POLRES TA 2022,Polda Sumatera Utara,Simp. Sumarsono Tol Binjai,vms.k3i-korlantas.id,"3,615354","98,629025",https://vms.k3i-korlantas.id/K3i/SMARTCITY/SMCT-073_Bandara_Yia_Gate_Kendaraan_Keluar_2.stream/playlist.m3u8,cctv_b2769b14-05cf-4b32-8ed0-fd5db6caa954,Arteri,No,ONLINE,"25,36",VMS,HTTP 502,Unhealthy
791,2026-06-21 08:07:02,BAGOPS,KORLANTAS - RTMC,RTMC 6 POLDA,Polda Maluku Utara,TL WALIKOTA FIX 1,vms.k3i-korlantas.id,"0,786301","127,380939",https://vms.k3i-korlantas.id/K3i/6POLDA/MLT-028_Tl_Walikota_Fix_1.stream/playlist.m3u8,cctv_b2aef510-0846-4e2e-a0e8-529ba0511f7a,Arteri,No,ONLINE,"17,02",VMS,HTTP 502,Unhealthy
792,2026-06-21 08:07:02,BAGOPS,KORLANTAS - TMC,TMC 3 POLRES TA 2023,Polda Kalimantan Selatan,Pos 4 ( Simpang tiga Kuripan Luar ),vms.k3i-korlantas.id,"-3,325278","114,604444",https://vms.k3i-korlantas.id/K3i/2022/BJM-007_Pos_4_(SP_3_Kuripan_Luar)_2.stream/playlist.m3u8,cctv_b2e6bc8d-28a1-4b97-b186-a3ea8737dbdd,Arteri,Yes,ONLINE,"23,45",VMS,HTTP 502,Unhealthy
793,2026-06-21 08:07:02,BAGOPS,KORLANTAS - TMC,TMC 3 POLRES TA 2022,Polda Jawa Tengah,Simpang 4 Patung Tipes,vms.k3i-korlantas.id,"-7,58032","110,8143",https://vms.k3i-korlantas.id/K3i/2RTMC-2TMC/SULSEL-025_Jl_Sultan_Hasanudin_Jl_Tumanurung_Raya.stream/playlist.m3u8,cctv_b2e84299-376e-44d5-850f-6f763223bbc6,Arteri,No,ONLINE,"33,01",VMS,HTTP 502,Unhealthy
794,2026-06-21 08:07:02,BAGOPS,KORLANTAS - RTMC,RTMC 7 POLDA,Polda Jawa Tengah,Pintu Tol Kaligawe Semarang,vms.k3i-korlantas.id,"-6,95309","110,4631",https://vms.k3i-korlantas.id/K3i/JATENG/132_Exit_Tol_Kaligawe.stream/playlist.m3u8,cctv_b306a994-4c6e-48c1-b209-7784041c0df8,Arteri,Yes,ONLINE,"13,85",VMS,HTTP 502,Unhealthy
795,2026-06-21 08:07:02,BAGOPS,KORLANTAS - RTMC,HARWAT RTMC 4 POLDA,Polda Sulawesi Tenggara,Simpang Kopi H Anto,vms.k3i-korlantas.id,"-3,97369","122,51824",https://vms.k3i-korlantas.id/K3i/2024/SLTR-011_Simpang_Kopi_H_Anto.stream/playlist.m3u8,cctv_b307065b-6129-4b2a-941f-fba4b6700afc,Arteri,No,ONLINE,"17,55",VMS,HTTP 502,Unhealthy
796,2026-06-21 08:07:02,BAGOPS,KORLANTAS - RTMC,RTMC 6 POLDA,Polda Sulawesi Utara,Gereja Paulus,vms.k3i-korlantas.id,"1,48271","124,83685",https://vms.k3i-korlantas.id/K3i/6POLDA/SLT-030_Gereja_Paulus.stream/playlist.m3u8,cctv_b31b905e-b986-4424-8e43-e8e564996769,Arteri,No,ONLINE,"23,1",VMS,HTTP 502,Unhealthy
797,2026-06-21 08:07:02,BAGOPS,KORLANTAS - TMC,TMC 3 POLRES TA 2023,Polda Kalimantan Selatan,Simpang tiga Tower,vms.k3i-korlantas.id,"-3,321417","114,578972",https://vms.k3i-korlantas.id/K3i/2022/BJM-011_Sp_3_Tower.stream/playlist.m3u8,cctv_b358bb08-d9ed-490c-997a-5931ca479aa7,Arteri,Yes,ONLINE,"37,66",VMS,HTTP 502,Unhealthy
798,2026-06-21 08:07:02,BAGOPS,KORLANTAS - RTMC,RTMC 6 POLDA,Polda Maluku Utara,SP HONDA PTZ,vms.k3i-korlantas.id,"0,771326","127,376048",https://vms.k3i-korlantas.id/K3i/6POLDA/MLT-025_Sp_Honda_Ptz.stream/playlist.m3u8,cctv_b3745dfb-70c8-4f33-9fe1-763087c3a89e,Arteri,No,ONLINE,"22,13",VMS,HTTP 502,Unhealthy
799,2026-06-21 08:07:02,BAGOPS,KORLANTAS - TMC,TMC 3 POLRES TA 2022,Polda Sumatera Utara,SP Sitahoan,vms.k3i-korlantas.id,"2,630063","98,986937",https://vms.k3i-korlantas.id/K3i/2023/SML-011_SP_Sitahoan.stream/playlist.m3u8,cctv_b37986c8-efef-4ac4-a1fd-1ae46726c3f9,Arteri,No,ONLINE,"19,06",VMS,HTTP 502,Unhealthy
800,2026-06-21 08:07:02,BAGOPS,KORLANTAS - TMC,TMC 8 POLRES,Polda Sumatera Barat,Simpang DPRD Provinsi 2,vms.k3i-korlantas.id,"-0,9056444","100,3510701",https://vms.k3i-korlantas.id/K3i/2020/PDG-011_simpang_dprd_pro2.stream/playlist.m3u8,cctv_b3b953c8-54c4-4552-9c6e-52cb49375cda,Arteri,No,ONLINE,"19,19",VMS,HTTP 502,Unhealthy
801,2026-06-21 08:07:13,BAGOPS,KORLANTAS - TMC,TMC 4 POLRES TA 2024,Polda Jawa Timur,DEPAN ADI PUTRO,10.45.42.19,"-7,92148","112,65268",rtsp://onvif:lantas123!!@10.45.42.19:554/live/7B6BAF0E-D969-4953-B3B7-2692F341297B,cctv_b43f8e47-6080-45d1-9323-b150f8fad60c,Arteri,No,OFFLINE,N/A,RTSP,Playlist timeout,TIMEOUT
802,2026-06-21 08:07:03,BAGOPS,KORLANTAS - TMC,TMC 4 POLRES TA 2024,Polda Jawa Tengah,DEPAN CANDI BOROBUDUR,vms.k3i-korlantas.id,"-7,607","110,20964",https://vms.k3i-korlantas.id/K3i/2024/MGG-009_Depan_Borobudur.stream/playlist.m3u8,cctv_b44601d3-4a92-4de3-afa2-442befec347d,Arteri,Yes,ONLINE,"22,83",VMS,HTTP 502,Unhealthy
803,2026-06-21 08:07:03,BAGOPS,KORLANTAS - TMC,TMC 3 POLRES TA 2022,Polda Sulawesi Selatan,Simpang Tuguh Pahlawan Jl. Sultan Hasanudin - Bau massepe,vms.k3i-korlantas.id,"-3,791071","119,652102",https://vms.k3i-korlantas.id/K3i/2RTMC-2TMC/PRP-003_Jl_Poros_palopo_Pasar_Sumpang.stream/playlist.m3u8,cctv_b48177c9-defe-41bb-85d1-e423cdbc65de,Arteri,Yes,ONLINE,"21,17",VMS,HTTP 502,Unhealthy
804,2026-06-21 08:07:03,BAGOPS,KORLANTAS - TMC,TMC 8 POLRES,Polda Jambi,Simpang Museum,vms.k3i-korlantas.id,"-1,607528","103,592787",https://vms.k3i-korlantas.id/K3i/2020/JMB-004_SP_Museum.stream/playlist.m3u8,cctv_b4d4f5b2-940f-41aa-80fc-cc484a9e1eb8,Arteri,No,ONLINE,"16,61",VMS,HTTP 502,Unhealthy
805,2026-06-21 08:07:03,BAGOPS,KORLANTAS - RTMC,RTMC 7 POLDA,Polda Jawa Barat,Pospol Taman Safari,vms.k3i-korlantas.id,"-6,68724568","106,9398639",https://vms.k3i-korlantas.id/K3i/JABAR/116_Pos_Pol_Taman_Safari.stream/playlist.m3u8,cctv_b4d9b3bc-980d-4fa9-aa9d-471581b69c0d,Arteri,No,ONLINE,"15,86",VMS,HTTP 502,Unhealthy
806,2026-06-21 08:07:03,BAGOPS,KORLANTAS - RTMC,RTMC 6 POLDA,Polda Sulawesi Utara,Bernadette,vms.k3i-korlantas.id,"1,45126","124,83798",https://vms.k3i-korlantas.id/K3i/6POLDA/SLT-006_Bernadette.stream/playlist.m3u8,cctv_b5198e91-84ec-4306-b8e5-8dc78bfac85f,Arteri,Yes,ONLINE,"41,33",VMS,HTTP 502,Unhealthy
807,2026-06-21 08:07:03,BAGOPS,KORLANTAS - RTMC,HARWAT RTMC 4 POLDA,Polda Sulawesi Tenggara,Depan The Park Mall,vms.k3i-korlantas.id,"-3,98396","122,52077",https://vms.k3i-korlantas.id/K3i/2024/SLTR-005_Depan_The_Park_Mall.stream/playlist.m3u8,cctv_b5858647-e9a4-4f81-880d-6f452728307e,Arteri,No,ONLINE,"25,37",VMS,HTTP 502,Unhealthy
808,2026-06-21 08:07:03,BAGOPS,KORLANTAS - RTMC,RTMC 7 POLDA,Polda Metro Jaya,Tamini Square,vms.k3i-korlantas.id,"-6,28993","106,88026",https://vms.k3i-korlantas.id/K3i/METRO/014_Pos+Polisi+Tamini+Square.stream/playlist.m3u8,cctv_b5a4c8e9-3346-4d9d-8e6f-942fe0a8deec,Arteri,Yes,ONLINE,"25,09",VMS,HTTP 502,Unhealthy
809,2026-06-21 08:07:03,BAGOPS,KORLANTAS - TMC,TMC 3 POLRES TA 2022,Polda Jawa Tengah,Simpang 4 Sekip,vms.k3i-korlantas.id,"-7,53203667","110,8190374",https://vms.k3i-korlantas.id/K3i/2RTMC-2TMC/DLS-013_Sebelum_Gapura_Selamat_Datang_Pakam.stream/playlist.m3u8,cctv_b5fefb4a-afab-4026-a3ed-cddab322cc8d,Arteri,Yes,ONLINE,"28,39",VMS,HTTP 502,Unhealthy
810,2026-06-21 08:07:03,BAGOPS,KORLANTAS - RTMC,RTMC 7 POLDA,Polda Banten,Merak Cikuasa Atas 1,vms.k3i-korlantas.id,"-5,93941","106,00397",https://vms.k3i-korlantas.id/K3i/METRO/029_Merak+Cikuasa+Atas+1.stream/playlist.m3u8,cctv_b616c3f6-ff45-4642-888e-4486a009532d,Arteri,Yes,ONLINE,"37,66",VMS,HTTP 502,Unhealthy
811,2026-06-21 08:07:03,BAGOPS,KORLANTAS - RTMC,HARWAT RTMC 4 POLDA,Polda Sulawesi Barat,Sp. 3 Lembang Majene,vms.k3i-korlantas.id,"-3,539357","118,98722",https://vms.k3i-korlantas.id/K3i/2024/SLBR-009_Sp_3_Lembang_Majene.stream/playlist.m3u8,cctv_b63fe0bc-a276-4679-8dbe-dad7049cfa1e,Arteri,Yes,ONLINE,"15,96",VMS,HTTP 502,Unhealthy
812,2026-06-21 08:07:06,BAGOPS,KORLANTAS - RTMC,RTMC 7 POLDA,Polda Kalimantan Barat,CCTV ENTIKONG 4 (DOM),10.45.67.10,"0,98509","110,35157",rtsp://operator:Qwerty654321@@10.45.67.10:554/Streaming/Channels/102/,cctv_b68c10db-8e9e-4e25-bec7-5f844c66bae4,Arteri,No,OFFLINE,N/A,RTSP,BE 400 (stream tidak tersedia),Unhealthy
813,2026-06-21 08:07:04,BAGOPS,KORLANTAS - RTMC,RTMC 3 POLDA,Polda Gorontalo,Gerbang Kabila,vms.k3i-korlantas.id,"0,542052","123,085168",https://vms.k3i-korlantas.id/K3i/SURAKARTA/SKT-021_Simpang-Empat-Sekip.stream/playlist.m3u8,cctv_b746f0f9-55a1-429d-9f5d-75d010599376,Arteri,No,ONLINE,"36,98",VMS,HTTP 502,Unhealthy
814,2026-06-21 08:07:04,BAGOPS,KORLANTAS - TMC,TMC 4 POLRES TA 2024,Polda Jawa Tengah,ARTOS,vms.k3i-korlantas.id,"-7,505318","110,224069",https://vms.k3i-korlantas.id/K3i/2024/MGG-004_Simpang_Arthos.stream/playlist.m3u8,cctv_b759e0b0-9bb9-498b-98d0-507db6235e88,Arteri,Yes,ONLINE,"13,91",VMS,HTTP 502,Unhealthy
815,2026-06-21 08:07:14,BAGOPS,KORLANTAS - TMC,TMC 4 POLRES TA 2024,Polda Jawa Timur,SP KASIN,10.45.42.19,"-7,98517","112,62475",rtsp://onvif:lantas123!!@10.45.42.19:554/live/F6A810A9-926D-4D37-B98E-3A9DF9F4BC9A,cctv_b76c2321-d522-4d53-8b2c-4f5ecd37a196,Arteri,Yes,OFFLINE,N/A,RTSP,Playlist timeout,TIMEOUT
816,2026-06-21 08:07:04,BAGOPS,KORLANTAS - RTMC,RTMC 6 POLDA,Polda Riau,Tugu Zapin 2,vms.k3i-korlantas.id,"0,5175028","101,4473954",https://vms.k3i-korlantas.id/K3i/6POLDA/RIAU-027_Tugu_Zapin_2.stream/playlist.m3u8,cctv_b791896d-e849-42ed-bf6d-06170a7e273e,Arteri,Yes,ONLINE,"22,38",VMS,HTTP 502,Unhealthy
817,2026-06-21 08:07:04,BAGOPS,KORLANTAS - TMC,TMC 3 POLRES TA 2022,Polda Jawa Tengah,Bundaran Purwosari,vms.k3i-korlantas.id,"-7,56236","110,79558",https://vms.k3i-korlantas.id/K3i/2RTMC-2TMC/DLS-005_Jl_Umum_KM_12-12_Simpang_Madirsan_Simp_Gg_Darmo_Tanjung_Morawa.stream/playlist.m3u8,cctv_b7da88e3-b16d-49aa-b8a7-cae8a892c11f,Arteri,Yes,ONLINE,"14,92",VMS,HTTP 502,Unhealthy
818,2026-06-21 08:07:04,BAGOPS,KORLANTAS - RTMC,RTMC 6 POLDA,Polda Kalimantan Timur,Dp Wisma Polda FIX,vms.k3i-korlantas.id,"-1,27927","116,81883",https://vms.k3i-korlantas.id/K3i/6POLDA/KTM-003_Dp_Wisma_Polda_FIX.stream/playlist.m3u8,cctv_b881c315-2c62-4ed5-bf59-fb1417cc1d63,Arteri,No,ONLINE,"31,89",VMS,HTTP 502,Unhealthy
819,2026-06-21 08:07:04,BAGOPS,KORLANTAS - RTMC,RTMC 7 POLDA,Polda DIY,Simpang 3 Congot Kulon Progo,vms.k3i-korlantas.id,"-7,88285","110,15709",https://vms.k3i-korlantas.id/K3i/DIY/198_Simpang_3_Congot_Kulon_Progo.stream/playlist.m3u8,cctv_b8e376b5-79bf-4e03-9daf-f9e7396252fc,Arteri,Yes,ONLINE,"25,6",VMS,HTTP 502,Unhealthy
820,2026-06-21 08:07:04,BAGOPS,KORLANTAS - RTMC,RTMC 7 POLDA,Polda Metro Jaya,JICT,vms.k3i-korlantas.id,"-6,10759","106,89316",https://vms.k3i-korlantas.id/K3i/METRO/049_TL+JICT.stream/playlist.m3u8,cctv_b9af0bb7-064a-4899-b42b-cae96e15b9ef,Arteri,Yes,ONLINE,"14,6",VMS,HTTP 502,Unhealthy
821,2026-06-21 08:07:04,BAGOPS,KORLANTAS - RTMC,HARWAT RTMC 4 POLDA,Polda Kalimantan Barat,Simpang Polda,vms.k3i-korlantas.id,"-0,069665","109,361558",https://vms.k3i-korlantas.id/K3i/2024/KLBR-003_Sp._Polda.stream/playlist.m3u8,cctv_b9be5a0e-d4c6-4f39-b725-31b5f6af933d,Arteri,No,ONLINE,"14,5",VMS,HTTP 502,Unhealthy
822,2026-06-21 08:06:53,BAGOPS,KORLANTAS - TMC,TMC 3 POLRES TA 2022,Polda Jawa Tengah,Simpang 3 Nglebak,vms.k3i-korlantas.id,"-7,59025915","110,8233142",https://vms.k3i-korlantas.id/K3i/2RTMC-2TMC/SULSEL-028_Jl_Poros_Marumpa_Maros.stream/playlist.m3u8,cctv_ba13af51-b3a2-44dc-9fd6-733f153a66cf,Arteri,Yes,ONLINE,"13,55",VMS,HTTP 502,Unhealthy
823,2026-06-21 08:06:53,BAGOPS,KORLANTAS - RTMC,RTMC 6 POLDA,Polda Banten,Terminal Pakupatan PTZ,vms.k3i-korlantas.id,"-6,119667","106,196389",https://vms.k3i-korlantas.id/K3i/6POLDA/BNT-020_Terminal_Pakupatan_PTZ.stream/playlist.m3u8,cctv_ba855dda-dd2b-4c85-a438-d7789385cfe7,Arteri,No,ONLINE,"39,74",VMS,HTTP 502,Unhealthy
824,2026-06-21 08:06:53,BAGOPS,KORLANTAS - RTMC,RTMC 3 POLDA,Polda Bengkulu,Pantai Panjang,vms.k3i-korlantas.id,"-3,8276","102,27997",https://vms.k3i-korlantas.id/K3i/2RTMC-2TMC/PRP-013_Simpang_Jl_Bau_Massepe_Abd_Kadir.stream/playlist.m3u8,cctv_bac42c6f-c99d-40f4-bf08-1b40acc07a0f,Arteri,Yes,ONLINE,"27,55",VMS,HTTP 502,Unhealthy
825,2026-06-21 08:06:54,BAGOPS,KORLANTAS - RTMC,RTMC 6 POLDA,Polda Riau,Simpang bandara 2,vms.k3i-korlantas.id,"0,47057929","101,4537686",https://vms.k3i-korlantas.id/K3i/6POLDA/RIAU-011_Simpang_bandara_2.stream/playlist.m3u8,cctv_bafe5612-a527-4f58-a577-a906c0da14f6,Arteri,No,ONLINE,"47,59",VMS,HTTP 502,Unhealthy
826,2026-06-21 08:06:54,BAGOPS,KORLANTAS - RTMC,RTMC 6 POLDA,Polda Riau,Tugu Zapin 1,vms.k3i-korlantas.id,"0,5178492","101,4474638",https://vms.k3i-korlantas.id/K3i/6POLDA/RIAU-029_Tugu_Zapin_1.stream/playlist.m3u8,cctv_bb2e2720-03c1-4037-8e7a-741eaa3cc796,Arteri,No,ONLINE,"22,76",VMS,HTTP 502,Unhealthy
827,2026-06-21 08:06:54,BAGOPS,KORLANTAS - RTMC,RTMC 3 POLDA,Polda Nusa Tenggara Timur,SP 4 Central Belu-NTT,vms.k3i-korlantas.id,"-9,10018844","124,8950333",https://vms.k3i-korlantas.id/K3i/2021/NTT-016_SP_4_Sentral.stream/playlist.m3u8,cctv_bb43d2ce-5bf4-45ef-9613-d5449fd185fc,Arteri,No,ONLINE,"23,32",VMS,HTTP 502,Unhealthy
828,2026-06-21 08:06:54,BAGOPS,KORLANTAS - TMC,TMC 3 POLRES TA 2023,Polda DIY,SP 3 BPK,vms.k3i-korlantas.id,"-7,7901551","110,3538851",https://vms.k3i-korlantas.id/K3i/2022/YOGYA-006_SP_3_BPK_2.stream/playlist.m3u8,cctv_bb711455-232e-4feb-b903-467a6d664eb1,Arteri,No,ONLINE,"42,62",VMS,HTTP 502,Unhealthy
829,2026-06-21 08:06:54,BAGOPS,KORLANTAS - RTMC,RTMC 3 POLDA,Polda Sulawesi Tengah,Mamboro,vms.k3i-korlantas.id,"-0,8104192","119,878123",https://vms.k3i-korlantas.id/K3i/2022/SULTENG-013_SP_Mambaro.stream/playlist.m3u8,cctv_bb7d58e1-9263-4bdb-b6de-6832c0505aae,Arteri,No,ONLINE,"22,15",VMS,HTTP 502,Unhealthy
830,2026-06-21 08:06:54,BAGOPS,KORLANTAS - TMC,TMC 3 POLRES TA 2023,Polda DIY,SP Pinggit,vms.k3i-korlantas.id,"-7,7827962","110,3606962",https://vms.k3i-korlantas.id/K3i/2022/YOGYA-003_SP_4_Pinggit.stream/playlist.m3u8,cctv_bb9c9e48-dba9-4ce8-bbff-fb692f6d8aaa,Arteri,Yes,ONLINE,"43,82",VMS,HTTP 502,Unhealthy
831,2026-06-21 08:06:54,BAGOPS,KORLANTAS - RTMC,RTMC 3 POLDA,Polda Aceh,SP Lamboro,vms.k3i-korlantas.id,"5,5082398","95,3586092",https://vms.k3i-korlantas.id/K3i/2021/ACEH_015_SP_Lamboro.stream/playlist.m3u8,cctv_bbd0aee4-6f92-431c-90a3-038bad4cb8cf,Arteri,No,ONLINE,"36,7",VMS,HTTP 502,Unhealthy
832,2026-06-21 08:06:54,BAGOPS,KORLANTAS - RTMC,RTMC 6 POLDA,Polda Riau,Simpang garuda sakti,vms.k3i-korlantas.id,"0,46435829","101,3678086",https://vms.k3i-korlantas.id/K3i/6POLDA/RIAU-007_Simpang_garuda_sakti.stream/playlist.m3u8,cctv_bc92c886-1bdc-4f2e-8e2f-43b35a081ac7,Arteri,No,ONLINE,"21,83",VMS,HTTP 502,Unhealthy
833,2026-06-21 08:06:54,BAGOPS,KORLANTAS - RTMC,RTMC 3 POLDA,Polda Sumatera Barat,Lintas Ketaping Analitic,vms.k3i-korlantas.id,"-0,93397915","100,3989368",https://vms.k3i-korlantas.id/K3i/2023/SMB-008_Lintas_Ketaping_Analitic.stream/playlist.m3u8,cctv_bd05133b-4b36-4457-8549-337c74417a69,Arteri,Yes,ONLINE,"21,32",VMS,HTTP 502,Unhealthy
834,2026-06-21 08:06:54,BAGOPS,KORLANTAS - TMC,TMC 4 POLRES TA 2024,Polda Banten,Arah Keluar Pelabuhan Merak,vms.k3i-korlantas.id,"-5,934445","106,001417",https://vms.k3i-korlantas.id/K3i/2024/CLG-002_Pel_Merak_Keluar.stream/playlist.m3u8,cctv_be23f980-b80f-4148-ba32-9bff1b42e3db,Arteri,Yes,ONLINE,"25,48",VMS,HTTP 502,Unhealthy
835,2026-06-21 08:06:54,BAGOPS,KORLANTAS - RTMC,RTMC 7 POLDA,Polda Bali,Bundaran Taman Ngurah Rai,vms.k3i-korlantas.id,"-8,74457","115,18219",https://vms.k3i-korlantas.id/K3i/BALI/204_Bundaran_Taman_Ngurah_Rai.stream/playlist.m3u8,cctv_bf2a38ee-9d24-4f34-b995-5f9b786256d9,Arteri,No,ONLINE,"30,49",VMS,HTTP 502,Unhealthy
836,2026-06-21 08:06:54,BAGOPS,KORLANTAS - RTMC,RTMC 7 POLDA,Polda Jawa Barat,Pospol Gamon 1,vms.k3i-korlantas.id,"-6,36737373","107,5934846",https://vms.k3i-korlantas.id/K3i/JABAR/128_Pos_Pol_Gamon_1.stream/playlist.m3u8,cctv_bf4c0bc6-2178-42f4-aecf-1735df74389c,Arteri,Yes,ONLINE,"14,31",VMS,HTTP 502,Unhealthy
837,2026-06-21 08:06:54,BAGOPS,KORLANTAS - RTMC,RTMC 6 POLDA,Polda Maluku Utara,TL KRISAN FIX 1 ETLE,vms.k3i-korlantas.id,"0,783653","127,384719",https://vms.k3i-korlantas.id/K3i/6POLDA/MLT-014_Tl_Krisan_Fix_1_Etle.stream/playlist.m3u8,cctv_bf50f33f-ccff-4583-9aaf-adb9bc7a1e09,Arteri,No,ONLINE,"27,9",VMS,HTTP 502,Unhealthy
838,2026-06-21 08:06:54,BAGOPS,KORLANTAS - RTMC,RTMC 7 POLDA,Polda Sumatera Selatan,S. Patal,vms.k3i-korlantas.id,"-2,95023537","104,7682491",https://vms.k3i-korlantas.id/K3i/SUMSEL/221_Patal_Raya_Sukamto.stream/playlist.m3u8,cctv_bf82a902-0f3e-4eef-a54b-a7ebe5b66a61,Arteri,No,ONLINE,"13,99",VMS,HTTP 502,Unhealthy
839,2026-06-21 08:06:54,BAGOPS,KORLANTAS - RTMC,RTMC 7 POLDA,Polda Metro Jaya,Istana Merdeka,vms.k3i-korlantas.id,"-6,17167764","106,8234465",https://vms.k3i-korlantas.id/K3i/METRO/008_Istana+Merdeka.stream/playlist.m3u8,cctv_bf856ede-3202-46c8-9c9e-27a43192b7dd,Arteri,Yes,ONLINE,"16,03",VMS,HTTP 502,Unhealthy
840,2026-06-21 08:06:55,BAGOPS,KORLANTAS - TMC,TMC 8 POLRES,Polda Jambi,Simpang Kuburan Cina,vms.k3i-korlantas.id,"-1,620187","103,575783",https://vms.k3i-korlantas.id/K3i/2020/JMB-003_SP_MKM_CINA.stream/playlist.m3u8,cctv_bf96e053-fa7b-4168-9af2-d21a208a3814,Arteri,No,ONLINE,"38,02",VMS,HTTP 502,Unhealthy
841,2026-06-21 08:06:55,BAGOPS,KORLANTAS - TMC,TMC 8 POLRES,Polda Jambi,Simpang Lantas Talang Banjar 1,vms.k3i-korlantas.id,"-1,598361","103,627896",https://vms.k3i-korlantas.id/K3i/2020/JMB-014_SP_Lantas_TL_Banjar_1.stream/playlist.m3u8,cctv_c016de88-2954-4adf-a139-80c146eb473e,Arteri,No,ONLINE,"16,03",VMS,HTTP 502,Unhealthy
842,2026-06-21 08:06:55,BAGOPS,KORLANTAS - TMC,TMC 8 POLRES,Polda Lampung,JPO UBL 1,vms.k3i-korlantas.id,"-5,379215","105,25281",https://vms.k3i-korlantas.id/K3i/2020/BLPG-009_JPO_UBL_1.stream/playlist.m3u8,cctv_c02513e0-b3cf-44a9-91c1-5abe0f92dc77,Arteri,No,ONLINE,"31,93",VMS,HTTP 502,Unhealthy
843,2026-06-21 08:06:55,BAGOPS,KORLANTAS - RTMC,RTMC 3 POLDA,Polda Aceh,SP Jam BNI,vms.k3i-korlantas.id,"5,5478865","95,3170295",https://vms.k3i-korlantas.id/K3i/2021/ACEH_010_SP_Jam_BNI.stream/playlist.m3u8,cctv_c0a9b6f7-a968-463c-a1fe-665c05f3c412,Arteri,No,ONLINE,"26,93",VMS,HTTP 502,Unhealthy
844,2026-06-21 08:06:55,BAGOPS,KORLANTAS - RTMC,RTMC 6 POLDA,Polda Banten,Simpang Boru FIX 1,vms.k3i-korlantas.id,"-6,167167","106,179944",https://vms.k3i-korlantas.id/K3i/6POLDA/BNT-018_Simpang_Boru_FIX_1.stream/playlist.m3u8,cctv_c0b1243e-dcc8-436c-a56f-a7975c7b5424,Arteri,No,ONLINE,"18,48",VMS,HTTP 502,Unhealthy
845,2026-06-21 08:06:55,BAGOPS,KORLANTAS - TMC,TMC 3 POLRES TA 2022,Polda Jawa Tengah,Simpang 3 Masjid Mujahidin,vms.k3i-korlantas.id,"-7,54113459","110,8078576",https://vms.k3i-korlantas.id/K3i/2RTMC-2TMC/SUMUT-014_Simpang_tiga_siantar_depan_timbangan.stream/playlist.m3u8,cctv_c0cf1cd5-9a8c-4192-8c0d-6d95d7fc9205,Arteri,No,ONLINE,"38,68",VMS,HTTP 502,Unhealthy
846,2026-06-21 08:06:55,BAGOPS,KORLANTAS - RTMC,RTMC 7 POLDA,Polda Metro Jaya,Jl. Gading Raya Serpong,vms.k3i-korlantas.id,"-6,23091","106,64186",https://vms.k3i-korlantas.id/K3i/METRO/009_MOI+Balai+Samudra+Kelapa+Gading.stream/playlist.m3u8,cctv_c10d2652-b148-49e8-b6f8-821077cde7e2,Arteri,Yes,ONLINE,"14,79",VMS,HTTP 502,Unhealthy
847,2026-06-21 08:06:55,BAGOPS,KORLANTAS - TMC,TMC 8 POLRES,Polda Sumatera Barat,Simpang DPRD Provinsi 1,vms.k3i-korlantas.id,"-0,9056444","100,3510701",https://vms.k3i-korlantas.id/K3i/2020/PDG-010_simpang_dprd_pro1.stream/playlist.m3u8,cctv_c10d5fde-17a9-4566-bd85-2c7d72b7b18d,Arteri,Yes,ONLINE,"16,22",VMS,HTTP 502,Unhealthy
848,2026-06-21 08:06:55,BAGOPS,KORLANTAS - RTMC,RTMC 6 POLDA,Polda Maluku Utara,TL WALIKOTA FIX 2 ETLE,vms.k3i-korlantas.id,"0,786301","127,380939",https://vms.k3i-korlantas.id/K3i/6POLDA/MLT-029_Tl_Walikota_Fix_2_Etle.stream/playlist.m3u8,cctv_c1690067-e18f-490d-9b23-96838ac5d7c2,Arteri,No,ONLINE,"15,48",VMS,HTTP 502,Unhealthy
849,2026-06-21 08:06:55,BAGOPS,KORLANTAS - TMC,TMC 3 POLRES TA 2022,Polda Kalimantan Tengah,Tjilik Riwut KM 31,vms.k3i-korlantas.id,"-2,00057","113,75956",https://vms.k3i-korlantas.id/K3i/SURAKARTA/SKT-047_Simpang-Empat-Baturono.stream/playlist.m3u8,cctv_c16ebf37-787c-433f-b502-2043c2110247,Arteri,No,ONLINE,"15,82",VMS,HTTP 502,Unhealthy
850,2026-06-21 08:06:55,BAGOPS,KORLANTAS - TMC,TMC 3 POLRES TA 2023,Polda Kalimantan Selatan,Pos 6 ( Simpang Empat Kol Sugiono ),vms.k3i-korlantas.id,"-3,327694","114,598083",https://vms.k3i-korlantas.id/K3i/2022/BJM-008_Pos_6_(Sp_4_Kol._Sugiono).stream/playlist.m3u8,cctv_c1783ed1-2ac7-49c6-bdb3-2ceb4a4ee71d,Arteri,Yes,ONLINE,"25,7",VMS,HTTP 502,Unhealthy
851,2026-06-21 08:06:55,BAGOPS,KORLANTAS - RTMC,RTMC 6 POLDA,Polda Maluku Utara,TL KOREM FIX 2 ETLE,vms.k3i-korlantas.id,"0,811458","127,386389",https://vms.k3i-korlantas.id/K3i/6POLDA/MLT-004_Tl_Korem_Fix_2_Etle.stream/playlist.m3u8,cctv_c18d5c44-ffca-4ff6-9807-e1fb17569e74,Arteri,No,ONLINE,"15,1",VMS,HTTP 502,Unhealthy
852,2026-06-21 08:06:56,BAGOPS,KORLANTAS - TMC,TMC 3 POLRES TA 2022,Polda Jawa Tengah,Simpang 4 Masjid Riyadh,vms.k3i-korlantas.id,"-7,58309","110,82979",https://vms.k3i-korlantas.id/K3i/2RTMC-2TMC/SUMUT-024_Mickey_Holiday.stream/playlist.m3u8,cctv_c1ddcf04-1ce8-4e34-96e6-6dcaf5d1ed8d,Arteri,Yes,ONLINE,"24,42",VMS,HTTP 502,Unhealthy
853,2026-06-21 08:07:02,BAGOPS,KORLANTAS - TMC,TMC 3 POLRES TA 2022,Polda Sulawesi Selatan,JL. RIBURANE / U.PANDANG ( TUGU MANDIRI ),vms.k3i-korlantas.id,"-5,131718","119,405467",https://vms.k3i-korlantas.id/K3i/SURAKARTA/SKT-013_Simpang-Empat-Kerten.stream/playlist.m3u8,cctv_c1f8af9f-26d4-4e36-8d3c-6821d91b390e,Arteri,No,ONLINE,"13,9",VMS,HTTP 502,Unhealthy
854,2026-06-21 08:07:02,BAGOPS,KORLANTAS - RTMC,RTMC 6 POLDA,Polda Kalimantan Timur,Depan Polda PTZ,vms.k3i-korlantas.id,"-1,22875","116,8857",https://vms.k3i-korlantas.id/K3i/6POLDA/KTM-028_Depan_Polda_PTZ.stream/playlist.m3u8,cctv_c210d686-f867-4f36-84c9-f0eb3fcdb2c1,Arteri,No,ONLINE,"19,74",VMS,HTTP 502,Unhealthy
855,2026-06-21 08:07:02,BAGOPS,KORLANTAS - RTMC,RTMC 6 POLDA,Polda Riau,Pasar arengka 2,vms.k3i-korlantas.id,"0,46400966","101,4186203",https://vms.k3i-korlantas.id/K3i/6POLDA/RIAU-003_Pasar_arengka_2.stream/playlist.m3u8,cctv_c22c695d-cf47-48ae-a7d3-5c4bb11d1617,Arteri,No,ONLINE,"26,12",VMS,HTTP 502,Unhealthy
856,2026-06-21 08:07:04,BAGOPS,KORLANTAS - TMC,TMC 3 POLRES TA 2022,Polda Sumatera Utara,PASAR HORAS ARAH PRAPAT,172.16.60.3,"2,9576719","99,0674031",rtsp://onvif:lantas123!!@172.16.60.3:554/live/14102D46-9AD0-4A3E-9F94-35FD4DCB0657,cctv_c26caa55-1ca9-46db-b98d-82268fec4d50,Arteri,No,OFFLINE,N/A,RTSP,BE 400 (stream tidak tersedia),Unhealthy
857,2026-06-21 08:07:04,BAGOPS,KORLANTAS - TMC,TMC 3 POLRES TA 2022,Polda Sumatera Utara,Depan Taman Damai Sejahtera,172.16.60.3,"3,5295211","98,7982109",rtsp://onvif:lantas123!!@172.16.60.3:554/live/C9AC3967-B859-4437-B7D1-C5CCC509552E,cctv_c2d42c91-d349-44ce-bf8b-094eee1349f9,Arteri,No,OFFLINE,N/A,RTSP,BE 400 (stream tidak tersedia),Unhealthy
858,2026-06-21 08:07:02,BAGOPS,KORLANTAS - RTMC,RTMC 7 POLDA,Polda Jawa Timur,Pos Pol Pjr Gatur Suramadu Surabaya,vms.k3i-korlantas.id,"-7,20942","112,77838",https://vms.k3i-korlantas.id/K3i/JATIM/178_Pos_Pol_Pjr_Gatur_Suramadu_Surabaya.stream/playlist.m3u8,cctv_c2d5a15d-d9a8-493b-900e-eec900187513,Arteri,No,ONLINE,"54,11",VMS,HTTP 502,Unhealthy
859,2026-06-21 08:07:02,BAGOPS,KORLANTAS - RTMC,RTMC 7 POLDA,Polda Jawa Tengah,Pos Pol Buntu,vms.k3i-korlantas.id,"-7,57454","109,29011",https://vms.k3i-korlantas.id/K3i/JATENG/149_Pos_Pol_Buntu.stream/playlist.m3u8,cctv_c2e72a8b-a911-492c-b7b0-89a81c91dfa2,Arteri,Yes,ONLINE,"35,38",VMS,HTTP 502,Unhealthy
860,2026-06-21 08:07:02,BAGOPS,KORLANTAS - TMC,TMC 4 POLRES TA 2024,Polda Sumatera Selatan,(Kusuma Bangsa),vms.k3i-korlantas.id,"-2,94917","104,77696",https://vms.k3i-korlantas.id/K3i/2024/PLG-008_Kusuma_Bangsa.stream/playlist.m3u8,cctv_c362eed3-214b-4ed0-af5b-3e933d999ffc,Arteri,Yes,ONLINE,"14,78",VMS,HTTP 502,Unhealthy
861,2026-06-21 08:07:02,BAGOPS,KORLANTAS - RTMC,RTMC 7 POLDA,Polda Metro Jaya,Soekarno Hatta 1,vms.k3i-korlantas.id,"-6,12058","106,66894",https://vms.k3i-korlantas.id/K3i/METRO/001_Bandara+Soetta+Arah+Jakarta.stream/playlist.m3u8,cctv_c393bd12-5cd3-4855-8211-217be0ae12bd,Arteri,Yes,ONLINE,"13,86",VMS,HTTP 502,Unhealthy
862,2026-06-21 08:07:03,BAGOPS,KORLANTAS - RTMC,RTMC 6 POLDA,Polda Banten,Banten 5 (Bunderan Ciceri) PTZ,vms.k3i-korlantas.id,"-6,12475","106,171778",https://vms.k3i-korlantas.id/K3i/6POLDA/BNT-029_Banten_5-Bunderan_Ciceri-PTZ.stream/playlist.m3u8,cctv_c3c4dc3d-101d-4254-90e5-01d7d06eb54d,Arteri,No,ONLINE,"16,67",VMS,HTTP 502,Unhealthy
863,2026-06-21 08:07:03,BAGOPS,KORLANTAS - TMC,TMC 8 POLRES,Polda Jambi,Simpang Pos Bata 1,vms.k3i-korlantas.id,"-1,59375","103,615082",https://vms.k3i-korlantas.id/K3i/2020/JMB-020_SP_PS_Bata_1.stream/playlist.m3u8,cctv_c3d97d6f-ea7b-44aa-a3e6-536a6e2b4c06,Arteri,No,ONLINE,"45,39",VMS,HTTP 502,Unhealthy
864,2026-06-21 08:07:03,BAGOPS,KORLANTAS - RTMC,RTMC 6 POLDA,Polda Kalimantan Timur,Le Grandeur FIX 1,vms.k3i-korlantas.id,"-1,2731","116,85152",https://vms.k3i-korlantas.id/K3i/6POLDA/KTM-010_Le_Grandeur_FIX_1.stream/playlist.m3u8,cctv_c416d21e-de9c-4e22-83d4-f100db08b09a,Arteri,Yes,ONLINE,"19,46",VMS,HTTP 502,Unhealthy
865,2026-06-21 08:07:03,BAGOPS,KORLANTAS - TMC,TMC 3 POLRES TA 2022,Polda Sulawesi Selatan,Jl Sultan Hasanudin - Jl Lanto Dg Pasewang,vms.k3i-korlantas.id,"-5,558754","120,18457",https://vms.k3i-korlantas.id/K3i/SURAKARTA/SKT-010_Simpang-Empat-Tugu-Cembengan.stream/playlist.m3u8,cctv_c42954b7-afbe-41b1-95ad-32c72563933c,Arteri,Yes,ONLINE,"17,24",VMS,HTTP 502,Unhealthy
866,2026-06-21 08:07:03,BAGOPS,KORLANTAS - RTMC,RTMC 3 POLDA,Polda Sumatera Barat,Pasar Padang Panjang,vms.k3i-korlantas.id,"-0,342804","100,383442",https://vms.k3i-korlantas.id/K3i/2023/SMB-002_Pasar_Padang_Panjang.stream/playlist.m3u8,cctv_c4346648-aed0-4022-95cf-f432a90b70cd,Arteri,Yes,ONLINE,"25,07",VMS,HTTP 502,Unhealthy
867,2026-06-21 08:07:03,BAGOPS,KORLANTAS - RTMC,RTMC 7 POLDA,Polda Metro Jaya,TL Mabes polri depan musium,vms.k3i-korlantas.id,"-6,23965324","106,8026507",https://vms.k3i-korlantas.id/K3i/METRO/053_TL+Mabes+Polri+Depan+Musium.stream/playlist.m3u8,cctv_c43c5904-39cb-4c41-a9ff-31cfd5288ece,Arteri,Yes,ONLINE,"23,4",VMS,HTTP 502,Unhealthy
868,2026-06-21 08:07:03,BAGOPS,KORLANTAS - RTMC,RTMC 3 POLDA,Polda Bengkulu,Sungai Hitam,vms.k3i-korlantas.id,"-3,754","102,26079",https://vms.k3i-korlantas.id/K3i/SURAKARTA/SKT-006_Simpang-Tugu-Lilin.stream/playlist.m3u8,cctv_c481d6f5-c6a2-4d79-9f42-a6dd3cab1b06,Arteri,Yes,ONLINE,"37,1",VMS,HTTP 502,Unhealthy
869,2026-06-21 08:07:05,BAGOPS,KORLANTAS - TMC,TMC 3 POLRES TA 2022,Polda Sumatera Utara,Simpang POLRES Deli Serdang,172.16.60.3,"3,5520093","98,8569876",rtsp://onvif:lantas123!!@172.16.60.3:554/live/12173F01-F4E5-46C6-B181-287C18281BDB,cctv_c4a93d62-e514-44cd-a009-b0585591687f,Arteri,No,OFFLINE,N/A,RTSP,BE 400 (stream tidak tersedia),Unhealthy
870,2026-06-21 08:07:03,BAGOPS,KORLANTAS - RTMC,RTMC 7 POLDA,Polda Jawa Tengah,Pos Pol Wangon,vms.k3i-korlantas.id,"-7,51778","109,0603",https://vms.k3i-korlantas.id/K3i/JATENG/158_Pos_Pol_Wangon.stream/playlist.m3u8,cctv_c4c3ff74-fc19-45da-967d-761ba278772d,Arteri,Yes,ONLINE,"18,1",VMS,HTTP 502,Unhealthy
871,2026-06-21 08:07:03,BAGOPS,KORLANTAS - RTMC,RTMC 7 POLDA,Polda Jawa Timur,Simpang 4 Mojo Agung Jombang,vms.k3i-korlantas.id,"-7,56975","112,33843",https://vms.k3i-korlantas.id/K3i/JATIM/170_Simpang_4_Mojoagung-Jombang.stream/playlist.m3u8,cctv_c53cd856-c059-4895-a3aa-805b7bfd43fb,Arteri,No,ONLINE,"22,18",VMS,HTTP 502,Unhealthy
872,2026-06-21 08:07:03,BAGOPS,KORLANTAS - RTMC,HARWAT RTMC 4 POLDA,Polda Sulawesi Tenggara,SP Batu Gong,vms.k3i-korlantas.id,"-3,96073","122,5171",https://vms.k3i-korlantas.id/K3i/2024/SLTR-013_SP_Batugong.stream/playlist.m3u8,cctv_c5cea9d1-002e-4a76-ba45-289853f95be4,Arteri,No,ONLINE,"33,56",VMS,HTTP 502,Unhealthy
873,2026-06-21 08:07:03,BAGOPS,KORLANTAS - RTMC,RTMC 6 POLDA,Polda Banten,Pertigaan Sempu PTZ,vms.k3i-korlantas.id,"-6,131472","106,161139",https://vms.k3i-korlantas.id/K3i/6POLDA/BNT-013_Pertigaan_Sempu_PTZ.stream/playlist.m3u8,cctv_c5f08a7b-871f-40a4-89f0-cd2d1b42537f,Arteri,No,ONLINE,"22,13",VMS,HTTP 502,Unhealthy
874,2026-06-21 08:07:13,BAGOPS,KORLANTAS - TMC,TMC 8 POLRES,Polda Jawa Tengah,Pos Lantas Gombong,10.45.42.19,"-7,608292","109,509366",rtsp://onvif:lantas123!!@10.45.42.19:554/live/B183F33A-4B29-4C85-AC27-6C4B77641C6F,cctv_c6a8cf75-efb4-4bdd-b99d-402fb3824d59,Arteri,Yes,OFFLINE,N/A,RTSP,Playlist timeout,TIMEOUT
875,2026-06-21 08:07:04,BAGOPS,KORLANTAS - TMC,TMC 3 POLRES TA 2022,Polda Jawa Tengah,Simpang 4 Pasar Gede,vms.k3i-korlantas.id,"-7,56923748","110,8313133",https://vms.k3i-korlantas.id/K3i/2RTMC-2TMC/SUMUT-023_Jl_Kabanjahe_Medan_Didepan_SPBU_Kabanjahe.stream/playlist.m3u8,cctv_c7203349-7c4e-4c22-be6c-716f0ca2df18,Arteri,No,ONLINE,"34,08",VMS,HTTP 502,Unhealthy
876,2026-06-21 08:07:06,BAGOPS,KORLANTAS - TMC,TMC 3 POLRES TA 2022,Polda Sumatera Utara,Jl. Umum Medan Tebing Tinggi Kec. Lubuk Pakam Kab. Deli Serdang,172.16.60.3,"3,5563372","98,885101",rtsp://onvif:lantas123!!@172.16.60.3:554/live/0E678853-143C-4FA6-AAE8-BF93DA8D7954,cctv_c7a54277-504e-402a-ab2b-8d33c150897e,Arteri,No,OFFLINE,N/A,RTSP,BE 400 (stream tidak tersedia),Unhealthy
877,2026-06-21 08:07:08,BAGOPS,KORLANTAS - TMC,TMC 8 POLRES,Polda Kalimantan Timur,SP Kaliangau KM 5.5,10.45.42.19,"-1,15790412","116,8395913",rtsp://onvif:lantas123!!@10.45.42.19:554/live/7E90BAC7-FDA8-46D1-A6CC-7F004ED3BC50,cctv_c80c83b5-2ccf-43f1-8ba9-9a1d1293c5f3,Arteri,No,OFFLINE,N/A,RTSP,BE 400 (stream tidak tersedia),Unhealthy
878,2026-06-21 08:07:04,BAGOPS,KORLANTAS - TMC,TMC 3 POLRES TA 2022,Polda Jawa Tengah,Simpang 3 Lotte Mart,vms.k3i-korlantas.id,"-7,57871067","110,808822",https://vms.k3i-korlantas.id/K3i/2RTMC-2TMC/SULSEL-011_Jl_P.Kemerdekaan_Btp_Tamalanrea.stream/playlist.m3u8,cctv_c8336579-4301-4e4e-a635-889954040ad0,Arteri,No,ONLINE,"15,89",VMS,HTTP 502,Unhealthy
879,2026-06-21 08:07:04,BAGOPS,KORLANTAS - RTMC,RTMC 3 POLDA,Polda Nusa Tenggara Timur,Bundaran Hypermart-NTT,vms.k3i-korlantas.id,"-10,15649703","123,6324536",https://vms.k3i-korlantas.id/K3i/2021/NTT-006_Bundaran_Hypermart.stream/playlist.m3u8,cctv_c9185310-f7fa-48d9-832d-c9a465f38c9c,Arteri,No,ONLINE,"15,42",VMS,HTTP 502,Unhealthy
880,2026-06-21 08:07:04,BAGOPS,KORLANTAS - RTMC,HARWAT RTMC 4 POLDA,Polda Sulawesi Tenggara,Bundaran Pesawat,vms.k3i-korlantas.id,"-4,02445","122,50441",https://vms.k3i-korlantas.id/K3i/2024/SLTR-008_Bundaran_Pesawat.stream/playlist.m3u8,cctv_c9624b42-0596-4fd5-bcff-c6a92dead0ca,Arteri,No,ONLINE,"41,26",VMS,HTTP 502,Unhealthy
881,2026-06-21 08:07:04,BAGOPS,KORLANTAS - RTMC,RTMC 7 POLDA,Polda Jawa Barat,Polsek Campaka,vms.k3i-korlantas.id,"-6,50888571","107,4832986",https://vms.k3i-korlantas.id/K3i/JABAR/092_Polsek_Cempaka_Purwakarta.stream/playlist.m3u8,cctv_c9d51c48-2900-4a6e-aeea-d95e3d2a27ab,Arteri,No,ONLINE,"26,98",VMS,HTTP 502,Unhealthy
882,2026-06-21 08:07:04,BAGOPS,KORLANTAS - TMC,TMC 3 POLRES TA 2023,Polda Jawa Tengah,SP Jl Telukan/Jl Ciu,vms.k3i-korlantas.id,"-7,621857","110,82159",https://vms.k3i-korlantas.id/K3i/2022/SKH-011_SP_JL._Telukan-JL._Ciu.stream/playlist.m3u8,cctv_ca56c86f-2499-4ccf-96e0-5a1c7ddd8f79,Arteri,Yes,ONLINE,"30,48",VMS,HTTP 502,Unhealthy
883,2026-06-21 08:07:04,BAGOPS,KORLANTAS - RTMC,RTMC 7 POLDA,Polda Jawa Tengah,Polsek Klepu Karangjati,vms.k3i-korlantas.id,"-7,18553","110,42746",https://vms.k3i-korlantas.id/K3i/JATENG/136_Klepu_Karang_Jati.stream/playlist.m3u8,cctv_ca627712-a5a0-4705-8699-0af315786e1b,Arteri,Yes,ONLINE,"32,97",VMS,HTTP 502,Unhealthy
884,2026-06-21 08:06:56,BAGOPS,KORLANTAS - RTMC,RTMC 3 POLDA,Polda Gorontalo,Monitoring Menara Limboto,vms.k3i-korlantas.id,"0,627038","122,979327",https://vms.k3i-korlantas.id/K3i/SURAKARTA/SKT-032_Simpang-Pospol-Farokah.stream/playlist.m3u8,cctv_cac25753-42c0-4f98-9801-0ae4aede2e63,Arteri,No,ONLINE,"24,16",VMS,HTTP 502,Unhealthy
885,2026-06-21 08:06:56,BAGOPS,KORLANTAS - RTMC,RTMC 7 POLDA,Polda Jawa Timur,Simpang 3 Pasar Batu Malang,vms.k3i-korlantas.id,"-7,87917","112,53459",https://vms.k3i-korlantas.id/K3i/JATIM/167_Pasar_Batu.stream/playlist.m3u8,cctv_cacdf381-0e14-482d-82ad-8f262cf0e07b,Arteri,No,ONLINE,"15,02",VMS,HTTP 502,Unhealthy
886,2026-06-21 08:06:56,BAGOPS,KORLANTAS - RTMC,RTMC 7 POLDA,Polda Metro Jaya,Terminal Kp. Rambutan,vms.k3i-korlantas.id,"-6,30698","106,86558",https://vms.k3i-korlantas.id/K3i/METRO/017_Simpang+Pasar+Rebo.stream/playlist.m3u8,cctv_cb0c6c66-c5b2-4429-bb89-af0221f3608a,Arteri,Yes,ONLINE,"15,39",VMS,HTTP 502,Unhealthy
887,2026-06-21 08:06:56,BAGOPS,KORLANTAS - TMC,TMC 8 POLRES,Polda Lampung,Simpang Sukamaju,vms.k3i-korlantas.id,"-5,464618","105,243791",https://vms.k3i-korlantas.id/K3i/2020/BLPG-015_Sukamaju.stream/playlist.m3u8,cctv_cb6a88ac-6544-461d-bf4c-09c92c802edc,Arteri,No,ONLINE,"23,75",VMS,HTTP 502,Unhealthy
888,2026-06-21 08:06:56,BAGOPS,KORLANTAS - RTMC,RTMC 3 POLDA,Polda Nusa Tenggara Timur,SMP 2  -NTT,vms.k3i-korlantas.id,"-10,16422136","123,5869494",https://vms.k3i-korlantas.id/K3i/2021/NTT-003_SMP_2.stream/playlist.m3u8,cctv_cbc5cae1-06d1-4783-ab93-a41d9a76d43a,Arteri,Yes,ONLINE,"17,98",VMS,HTTP 502,Unhealthy
889,2026-06-21 08:06:56,BAGOPS,KORLANTAS - RTMC,RTMC 7 POLDA,Polda Jawa Barat,Pospol Cagak Nagreg,vms.k3i-korlantas.id,"-7,03702151","107,9075971",https://vms.k3i-korlantas.id/K3i/JABAR/097_Pos_Pol_Cagak_Nagreg.stream/playlist.m3u8,cctv_cc0fa7f6-39a4-43cc-8524-92b14fd616eb,Arteri,Yes,ONLINE,"33,91",VMS,HTTP 502,Unhealthy
890,2026-06-21 08:06:56,BAGOPS,KORLANTAS - TMC,TMC 8 POLRES,Polda Jambi,Simpang Mandiri 2,vms.k3i-korlantas.id,"-1,599257","103,616052",https://vms.k3i-korlantas.id/K3i/2020/JMB-017_SP_Mandiri_2.stream/playlist.m3u8,cctv_cc248834-0aac-4a09-bd3b-f6c8c0a51fbb,Arteri,No,ONLINE,"17,65",VMS,HTTP 502,Unhealthy
891,2026-06-21 08:06:58,BAGOPS,KORLANTAS - TMC,TMC 3 POLRES TA 2022,Polda Sumatera Utara,JALINSUM - SIMP. POS POLISI KATARINA,172.16.60.3,"2,9766832","99,6119001",rtsp://onvif:lantas123!!@172.16.60.3:554/live/C16B7D35-F5F6-4252-9C48-A36A319E9A1B,cctv_cc353e8d-63fc-4188-a712-6d8415a77761,Arteri,No,OFFLINE,N/A,RTSP,BE 400 (stream tidak tersedia),Unhealthy
892,2026-06-21 08:06:57,BAGOPS,KORLANTAS - RTMC,RTMC 3 POLDA,Polda Aceh,SP BPKP,vms.k3i-korlantas.id,"5,5530488","95,3448266",https://vms.k3i-korlantas.id/K3i/2021/ACEH_008_SP_BPKP_.stream/playlist.m3u8,cctv_cc4b1c0c-6606-46a4-a72d-e6a91282cc8f,Arteri,No,ONLINE,"14,41",VMS,HTTP 502,Unhealthy
893,2026-06-21 08:06:57,BAGOPS,KORLANTAS - RTMC,RTMC 6 POLDA,Polda Riau,Tugu Zapin 2,vms.k3i-korlantas.id,"0,5175028","101,4473954",https://vms.k3i-korlantas.id/K3i/6POLDA/RIAU-025_Tugu_Zapin_2.stream/playlist.m3u8,cctv_cc7917dc-819a-4516-b952-1859b586d00d,Arteri,No,ONLINE,"30,09",VMS,HTTP 502,Unhealthy
894,2026-06-21 08:06:57,BAGOPS,KORLANTAS - TMC,TMC 3 POLRES TA 2022,Polda Sumatera Utara,Saribudolok Analitic,vms.k3i-korlantas.id,"2,938126","98,61227",https://vms.k3i-korlantas.id/K3i/2023/SML-007_Saribudolok_Analitic.stream/playlist.m3u8,cctv_cc890963-20a4-4d5b-a56b-21bee251b2e1,Arteri,Yes,ONLINE,14,VMS,HTTP 502,Unhealthy
895,2026-06-21 08:06:57,BAGOPS,KORLANTAS - RTMC,RTMC 7 POLDA,Polda Jawa Timur,Pasar Ngopak Pasuruan,vms.k3i-korlantas.id,"-7,69938","112,97565",https://vms.k3i-korlantas.id/K3i/JATIM/168_Pos_Polisi_Ngopak_Pasuruan.stream/playlist.m3u8,cctv_cd43dc82-f4d0-4115-912f-061cd5eeca9a,Arteri,Yes,ONLINE,"15,86",VMS,HTTP 502,Unhealthy
896,2026-06-21 08:06:57,BAGOPS,KORLANTAS - RTMC,RTMC 7 POLDA,Polda Metro Jaya,TL Sunter Podomoro,vms.k3i-korlantas.id,"-6,15058","106,88844",https://vms.k3i-korlantas.id/K3i/METRO/065_TL+Sunter+Podomoro.stream/playlist.m3u8,cctv_cd8620e4-5b09-4ec5-b353-75baa8771450,Arteri,Yes,ONLINE,"17,15",VMS,HTTP 502,Unhealthy
897,2026-06-21 08:06:58,BAGOPS,KORLANTAS - TMC,TMC 3 POLRES TA 2022,Polda Jawa Tengah,Simpang 4 Gejikan,vms.k3i-korlantas.id,"-7,52292397","110,7488032",https://vms.k3i-korlantas.id/K3i/2RTMC-2TMC/SULSEL-009_Jl_Jampea_A_Yani.stream/playlist.m3u8,cctv_cda30d57-b18b-4c14-8de6-83868872c7b4,Arteri,Yes,ONLINE,"16,47",VMS,HTTP 502,Unhealthy
898,2026-06-21 08:06:58,BAGOPS,KORLANTAS - RTMC,RTMC 6 POLDA,Polda Kalimantan Timur,Sp Blp Plaza FIX 1,vms.k3i-korlantas.id,"-1,27717","116,83831",https://vms.k3i-korlantas.id/K3i/6POLDA/KTM-007_Sp_Blp_Plaza_FIX_1.stream/playlist.m3u8,cctv_cdf99e9b-2eee-422f-b92f-e92a9091dccb,Arteri,No,ONLINE,"22,67",VMS,HTTP 502,Unhealthy
899,2026-06-21 08:06:58,BAGOPS,KORLANTAS - RTMC,RTMC 6 POLDA,Polda Bangka Belitung,Timah FIX,vms.k3i-korlantas.id,"-2,112194","106,112472",https://vms.k3i-korlantas.id/K3i/6POLDA/BBL-030_Timah_FIX.stream/playlist.m3u8,cctv_ce13ff80-d829-4edf-b87f-fbd25d8e3708,Arteri,No,ONLINE,"14,33",VMS,HTTP 502,Unhealthy
900,2026-06-21 08:06:58,BAGOPS,KORLANTAS - RTMC,RTMC 7 POLDA,Polda Jawa Barat,Polsek Tanjung Sari,vms.k3i-korlantas.id,"-6,90538862","107,797876",https://vms.k3i-korlantas.id/K3i/JABAR/094_Polsek_Tanjung_Sari_Sumedang.stream/playlist.m3u8,cctv_ce23f6ac-86ed-4770-b698-f6e64d518cba,Arteri,No,ONLINE,"31,72",VMS,HTTP 502,Unhealthy
901,2026-06-21 08:06:58,BAGOPS,KORLANTAS - RTMC,RTMC 3 POLDA,Polda Sumatera Barat,SP Tinju,vms.k3i-korlantas.id,"-0,901706","100,36334",https://vms.k3i-korlantas.id/K3i/2023/SMB-007_SP_Tinju.stream/playlist.m3u8,cctv_ce33da01-f88e-4a84-afa1-014fa0403876,Arteri,No,ONLINE,"28,17",VMS,HTTP 502,Unhealthy
902,2026-06-21 08:06:58,BAGOPS,KORLANTAS - RTMC,RTMC 6 POLDA,Polda Sulawesi Utara,Septim musik,vms.k3i-korlantas.id,"1,46293","124,82672",https://vms.k3i-korlantas.id/K3i/6POLDA/SLT-025_Septim_musik.stream/playlist.m3u8,cctv_ce4c8324-d76f-42d1-9b03-b72696209700,Arteri,Yes,ONLINE,"19,62",VMS,HTTP 502,Unhealthy
903,2026-06-21 08:06:58,BAGOPS,KORLANTAS - RTMC,RTMC 3 POLDA,Polda Gorontalo,Menara Center Point Monitoring,vms.k3i-korlantas.id,"0,554887","123,125605",https://vms.k3i-korlantas.id/K3i/SURAKARTA/SKT-026_Simpang-Empat-Sate-Dahlan.stream/playlist.m3u8,cctv_ce591b2f-ae7a-4a0e-bccb-466655504358,Arteri,No,ONLINE,"16,31",VMS,HTTP 502,Unhealthy
904,2026-06-21 08:06:58,BAGOPS,KORLANTAS - TMC,TMC 3 POLRES TA 2022,Polda Sumatera Utara,SP Sigagak,vms.k3i-korlantas.id,"3,0159","99,08527",https://vms.k3i-korlantas.id/K3i/2023/SML-010_SP_Sigagak.stream/playlist.m3u8,cctv_ce7b3f7e-0e1d-4625-b679-0e5072138250,Arteri,Yes,ONLINE,"48,55",VMS,HTTP 502,Unhealthy
905,2026-06-21 08:06:59,BAGOPS,KORLANTAS - RTMC,RTMC 6 POLDA,Polda Maluku Utara,TL SUZUKI FIX 2 ETLE,vms.k3i-korlantas.id,"0,767558","127,374464",https://vms.k3i-korlantas.id/K3i/6POLDA/MLT-023_Tl_Suzuki_Fix_2_Etle.stream/playlist.m3u8,cctv_ce8c55e5-b4b6-4e61-b08b-18020d5723f8,Arteri,No,ONLINE,"14,46",VMS,HTTP 502,Unhealthy
906,2026-06-21 08:06:59,BAGOPS,KORLANTAS - RTMC,RTMC 6 POLDA,Polda Maluku Utara,TL KOREM PTZ,vms.k3i-korlantas.id,"0,811458","127,386389",https://vms.k3i-korlantas.id/K3i/6POLDA/MLT-005_Tl_Korem_Ptz.stream/playlist.m3u8,cctv_cf0f061c-d673-4c7d-8b43-23784333e6e1,Arteri,No,ONLINE,"14,55",VMS,HTTP 502,Unhealthy
907,2026-06-21 08:06:59,BAGOPS,KORLANTAS - TMC,TMC 3 POLRES TA 2022,Polda Sulawesi Selatan,JL. JAMPEA / A. YANI,vms.k3i-korlantas.id,"-5,132663","119,407074",https://vms.k3i-korlantas.id/K3i/SURAKARTA/SKT-064_Simpang-Tiga-Adi-Sumarmo.stream/playlist.m3u8,cctv_cf4db016-f6a4-4c00-a9c3-e42e1b12bcf6,Arteri,No,ONLINE,"14,9",VMS,HTTP 502,Unhealthy
908,2026-06-21 08:06:59,BAGOPS,KORLANTAS - RTMC,RTMC 6 POLDA,Polda Banten,Lampu Merah Cipocok PTZ,vms.k3i-korlantas.id,"-6,137722","106,171583",https://vms.k3i-korlantas.id/K3i/6POLDA/BNT-015_Lampu_Merah_Cipocok_PTZ.stream/playlist.m3u8,cctv_cf5a4b96-e3f4-4c4d-aae8-1f9054ccd1da,Arteri,No,ONLINE,"37,54",VMS,HTTP 502,Unhealthy
909,2026-06-21 08:06:59,BAGOPS,KORLANTAS - RTMC,RTMC 6 POLDA,Polda Sulawesi Utara,A.Yani Dpn X O Suki,vms.k3i-korlantas.id,"1,46733","124,83106",https://vms.k3i-korlantas.id/K3i/6POLDA/SLT-017_A.Yani_Dpn_X_O_Suki.stream/playlist.m3u8,cctv_cf5bf0df-e2aa-411f-9da5-7f4aab9fa78a,Arteri,Yes,ONLINE,"14,09",VMS,HTTP 502,Unhealthy
910,2026-06-21 08:06:59,BAGOPS,KORLANTAS - RTMC,HARWAT RTMC 4 POLDA,Polda Kalimantan Tengah,Apill Seth Adji,vms.k3i-korlantas.id,"-2,227482","113,930824",https://vms.k3i-korlantas.id/K3i/2024/KLTG-013_Monitoring_Seth_Adji.stream/playlist.m3u8,cctv_cfd29070-a69e-4321-85e9-0248ff233f40,Arteri,No,ONLINE,"49,23",VMS,HTTP 502,Unhealthy
911,2026-06-21 08:06:59,BAGOPS,KORLANTAS - RTMC,RTMC 7 POLDA,Polda Metro Jaya,Cibubur Junction,vms.k3i-korlantas.id,"-6,36988","106,89318",https://vms.k3i-korlantas.id/K3i/METRO/012_Pos+Polisi+Cibubur.stream/playlist.m3u8,cctv_cffb9e07-30f6-48f6-bf1d-331c099cf20a,Arteri,No,ONLINE,"43,84",VMS,HTTP 502,Unhealthy
912,2026-06-21 08:06:59,BAGOPS,KORLANTAS - RTMC,RTMC 3 POLDA,Polda Nusa Tenggara Timur,Depan Bank NTT So’e-NTT,vms.k3i-korlantas.id,"-9,86449984","124,2885039",https://vms.k3i-korlantas.id/K3i/2021/NTT-008_Depan_Bank_NTT.stream/playlist.m3u8,cctv_d041e340-41d5-42a4-b784-5fcdf43ed688,Arteri,No,ONLINE,"30,77",VMS,HTTP 502,Unhealthy
913,2026-06-21 08:07:00,BAGOPS,KORLANTAS - TMC,TMC 3 POLRES TA 2022,Polda Jawa Tengah,Simpang 4 Kelurahan Mojosongo,vms.k3i-korlantas.id,"-7,54318","110,84232",https://vms.k3i-korlantas.id/K3i/2RTMC-2TMC/DLS-019_Simpang_POLRES_Deli_Serdang.stream/playlist.m3u8,cctv_d0d4d897-7e0f-42a2-880b-a3285a77420d,Arteri,No,ONLINE,"25,36",VMS,HTTP 502,Unhealthy
914,2026-06-21 08:07:00,BAGOPS,KORLANTAS - RTMC,RTMC 3 POLDA,Polda Nusa Tenggara Barat,Simpang 5 Bundaran Jempong,vms.k3i-korlantas.id,"-8,6198468","116,0976272",https://vms.k3i-korlantas.id/K3i/2021/NTB-001_Bundaran_Jempong.stream/playlist.m3u8,cctv_d0f67093-c453-4e08-8483-4492973ef212,Arteri,No,ONLINE,25,VMS,HTTP 502,Unhealthy
915,2026-06-21 08:04:05,BAGOPS,KORLANTAS - TMC,TMC 8 POLRES,Polda Lampung,Simpang Rm Begadang Resto 1,vms.k3i-korlantas.id,"-5,44075","105,265465",https://vms.k3i-korlantas.id/K3i/2020/BLPG-005_Begadang_1.stream/playlist.m3u8,cctv_d102dcf5-0a47-42de-87e9-0241e3e7720e,Arteri,No,ONLINE,"223,85",VMS,Playlist timeout,TIMEOUT
916,2026-06-21 08:04:05,BAGOPS,KORLANTAS - RTMC,RTMC 6 POLDA,Polda Kalimantan Timur,Dome PTZ,vms.k3i-korlantas.id,"-1,2424","116,88877",https://vms.k3i-korlantas.id/K3i/6POLDA/KTM-020_Dome_PTZ.stream/playlist.m3u8,cctv_d133d9a2-3c41-4a0e-890a-15892b1dd580,Arteri,No,ONLINE,"246,19",VMS,Playlist timeout,TIMEOUT
917,2026-06-21 08:04:05,BAGOPS,KORLANTAS - RTMC,RTMC 6 POLDA,Polda Kalimantan Timur,TL Imigrasi FIX 1,vms.k3i-korlantas.id,"-1,27791","116,82497",https://vms.k3i-korlantas.id/K3i/6POLDA/KTM-004_TL_Imigrasi_FIX_1.stream/playlist.m3u8,cctv_d1dd876a-0f35-48cb-897a-824b743b8667,Arteri,No,ONLINE,"194,83",VMS,Playlist timeout,TIMEOUT
918,2026-06-21 08:04:05,BAGOPS,KORLANTAS - RTMC,RTMC 3 POLDA,Polda Sulawesi Tengah,Simpang 4 Basrah Atas,vms.k3i-korlantas.id,"-0,9188177","119,8924296",https://vms.k3i-korlantas.id/K3i/2022/SULTENG-004_Sp_4_Basrah_Atas.stream/playlist.m3u8,cctv_d1e255e6-6109-4e26-a62a-50e4842e823d,Arteri,No,ONLINE,"183,97",VMS,Playlist timeout,TIMEOUT
919,2026-06-21 08:04:05,BAGOPS,KORLANTAS - TMC,TMC 3 POLRES TA 2022,Polda Sulawesi Selatan,JL. ANTANG RAYA / BORONG RAYA,vms.k3i-korlantas.id,"-5,160869","119,460067",https://vms.k3i-korlantas.id/K3i/SURAKARTA/SKT-016_Bunderan-Gladak.stream/playlist.m3u8,cctv_d1f95f71-5040-4552-a587-87c8955e6852,Arteri,No,ONLINE,"192,3",VMS,Playlist timeout,TIMEOUT
920,2026-06-21 08:04:05,BAGOPS,KORLANTAS - RTMC,RTMC 7 POLDA,Polda Metro Jaya,TL Sarinah,vms.k3i-korlantas.id,"-6,18715","106,823",https://vms.k3i-korlantas.id/K3i/METRO/022_TL+Sarinah.stream/playlist.m3u8,cctv_d257e7ab-c2c6-40bf-93b2-f68417b2d468,Arteri,Yes,ONLINE,"179,4",VMS,Playlist timeout,TIMEOUT
921,2026-06-21 08:04:06,BAGOPS,KORLANTAS - RTMC,RTMC 6 POLDA,Polda Riau,Mall ska 1,vms.k3i-korlantas.id,"0,5007115","101,4196217",https://vms.k3i-korlantas.id/K3i/6POLDA/RIAU-017_Mall_ska_1.stream/playlist.m3u8,cctv_d2630dd4-2f5d-4dde-bf4d-ff8fb572a289,Arteri,No,ONLINE,"43,51",VMS,Playlist timeout,TIMEOUT
922,2026-06-21 08:06:16,BAGOPS,KORLANTAS - TMC,TMC 3 POLRES TA 2023,Polda Jawa Tengah,Depan Sate Balibul,vms.k3i-korlantas.id,"-7,6980386","110,8509464",https://vms.k3i-korlantas.id/K3i/2022/SKH-009_Depan_Sate_Balibul.stream/playlist.m3u8,cctv_d2bc98c3-4e80-481f-8c4f-c1843810ae2f,Arteri,No,ONLINE,"69,05",VMS,Playlist timeout,TIMEOUT
923,2026-06-21 08:06:16,BAGOPS,KORLANTAS - RTMC,HARWAT RTMC 4 POLDA,Polda Sulawesi Barat,Majene,vms.k3i-korlantas.id,"-3,543667","118,971032",https://vms.k3i-korlantas.id/K3i/2024/SLBR-004_CP_Majene.stream/playlist.m3u8,cctv_d2dcb99c-a502-4070-bc59-00b72c108e4a,Arteri,Yes,ONLINE,"17,28",VMS,Playlist timeout,TIMEOUT
924,2026-06-21 08:06:16,BAGOPS,KORLANTAS - RTMC,RTMC 3 POLDA,Polda Bengkulu,Simpang SLB,vms.k3i-korlantas.id,"-3,8222","102,30789",https://vms.k3i-korlantas.id/K3i/SURAKARTA/SKT-053_Smpng-Empat-Depan-Polsek-Ps-Kliwon.stream/playlist.m3u8,cctv_d3021ccd-bbea-421e-8e8d-58f3c06b243e,Arteri,Yes,ONLINE,45,VMS,Playlist timeout,TIMEOUT
925,2026-06-21 08:06:16,BAGOPS,KORLANTAS - RTMC,RTMC 6 POLDA,Polda Bangka Belitung,SP.Aston PTZ,vms.k3i-korlantas.id,"-2,178833","106,133444",https://vms.k3i-korlantas.id/K3i/6POLDA/BBL-001_SP.Aston_PTZ.stream/playlist.m3u8,cctv_d30e55f1-904c-4697-b049-807144d0d0ba,Arteri,No,ONLINE,"49,83",VMS,Playlist timeout,TIMEOUT
926,2026-06-21 08:06:17,BAGOPS,KORLANTAS - TMC,TMC 3 POLRES TA 2022,Polda Sulawesi Selatan,JL. P.KEMERDEKAAN/ PACCERAKKANG,vms.k3i-korlantas.id,"-5,112794","119,511728",https://vms.k3i-korlantas.id/K3i/SURAKARTA/SKT-029_Simpang-Empat-Komplang.stream/playlist.m3u8,cctv_d329124f-b5f7-485f-abff-cd12b0106231,Arteri,No,ONLINE,"24,42",VMS,Playlist timeout,TIMEOUT
927,2026-06-21 08:06:18,BAGOPS,KORLANTAS - RTMC,RTMC 7 POLDA,Polda Sumatera Selatan,Rtmc Sumsel Indoor,10.45.42.19,"-2,9785999","104,7428678",rtsp://onvif:lantas123!!@10.45.42.19:554/live/C897F5DF-C377-448E-9B93-8531E15F7472,cctv_d3353d02-523d-4ad0-a464-703a6d4a5fd6,Arteri,No,OFFLINE,N/A,RTSP,BE timeout,Unhealthy
928,2026-06-21 08:06:17,BAGOPS,KORLANTAS - RTMC,RTMC 6 POLDA,Polda Sulawesi Utara,Dpn Town Square,vms.k3i-korlantas.id,"1,46994","124,83134",https://vms.k3i-korlantas.id/K3i/6POLDA/SLT-026_Dpn_Town_Square.stream/playlist.m3u8,cctv_d350f5c2-7bc2-4f9e-92c2-66c52c367d46,Arteri,Yes,ONLINE,"13,94",VMS,Playlist timeout,TIMEOUT
929,2026-06-21 08:06:25,BAGOPS,KORLANTAS - RTMC,RTMC 3 POLDA,Polda Aceh,Kota Lhokseumawe,vms.k3i-korlantas.id,"5,1819422","97,1414243",https://vms.k3i-korlantas.id/K3i/2021/ACEH_002_Kota_Lhokseumawe.stream/playlist.m3u8,cctv_d378d346-5052-4ce5-95da-3b29e68cd214,Arteri,Yes,ONLINE,"77,04",VMS,Playlist timeout,TIMEOUT
930,2026-06-21 08:06:19,BAGOPS,KORLANTAS - TMC,TMC 3 POLRES TA 2022,Polda Sumatera Utara,Simpang keluar masuk Tol Tanjung Morawa Kec Tanjung Morawa Kab Deli Serdang,172.16.60.3,"3,524286","98,77650184",rtsp://onvif:lantas123!!@172.16.60.3:554/live/EFAA6B27-EF83-4640-8C0D-68635CEE3CA1,cctv_d3e33f4f-08da-4a98-a50b-b0f29e387d9b,Arteri,No,OFFLINE,N/A,RTSP,BE 400 (stream tidak tersedia),Unhealthy
931,2026-06-21 08:06:25,BAGOPS,KORLANTAS - RTMC,RTMC 6 POLDA,Polda Bangka Belitung,SP. Ramayana 1 FIX,vms.k3i-korlantas.id,"-2,1286792","106,1144658",https://vms.k3i-korlantas.id/K3i/6POLDA/BBL-026_SP_Ramayana_1_FIX.stream/playlist.m3u8,cctv_d3f68974-e812-4b22-802c-8d5ef63a8ba1,Arteri,No,ONLINE,"67,89",VMS,Playlist timeout,TIMEOUT
932,2026-06-21 08:06:27,BAGOPS,KORLANTAS - TMC,TMC 4 POLRES TA 2024,Polda Jawa Timur,SP UNIBRAW,10.45.42.19,"-7,94987","112,61553",rtsp://onvif:lantas123!!@10.45.42.19:554/live/EE938714-484C-401B-9D27-E4DBD5D2869B,cctv_d4194ccb-6aab-4374-a294-2591b86269c6,Arteri,Yes,OFFLINE,N/A,RTSP,Playlist timeout,TIMEOUT
933,2026-06-21 08:06:25,BAGOPS,KORLANTAS - TMC,TMC 4 POLRES TA 2024,Polda Sumatera Selatan,DPN BMKG,vms.k3i-korlantas.id,"-2,91711","104,70293",https://vms.k3i-korlantas.id/K3i/2024/PLG-002_DPN_BMKG.stream/playlist.m3u8,cctv_d458c465-f715-4ad7-919d-e2d1c55150c9,Arteri,Yes,ONLINE,"13,69",VMS,Playlist timeout,TIMEOUT
934,2026-06-21 08:06:26,BAGOPS,KORLANTAS - TMC,RTMC 2 POLDA,Polda Sulawesi Selatan,CTV365 KORLAN SULSEL BOULEVARD PANAKUKANG,vms.k3i-korlantas.id,"-5,15521686","119,4373626",https://vms.k3i-korlantas.id/K3i/SMARTCITY/SMCT-066_Gereja_Ganjuran_Pintu_Masuk_Utara_1.stream/playlist.m3u8,cctv_d466b99a-223b-4392-b1c0-1b0a5642dea9,Arteri,No,ONLINE,"28,83",VMS,Playlist timeout,TIMEOUT
935,2026-06-21 08:06:21,BAGOPS,KORLANTAS - TMC,TMC 8 POLRES,Polda Jawa Barat,Simpang 4 Perumnas,10.45.42.19,"-6,7418745","108,5634164",rtsp://onvif:lantas123!!@10.45.42.19:554/live/340B4F87-7A3F-4978-85EE-29AB7A73E70F,cctv_d4792781-c322-4af7-ac00-858fa5c3a372,Arteri,Yes,OFFLINE,N/A,RTSP,Video mengalir (7 segmen),Healthy
936,2026-06-21 08:06:31,BAGOPS,KORLANTAS - TMC,TMC 8 POLRES,Polda Jawa Tengah,SP Polsek Rowokele,10.45.42.19,"-7,60592","109,440483",rtsp://onvif:lantas123!!@10.45.42.19:554/live/1591E87B-8E00-4CBF-B906-506673E680CC,cctv_d4e8f1eb-6f90-4873-8f6c-f8906f89fe0a,Arteri,No,OFFLINE,N/A,RTSP,Playlist timeout,TIMEOUT
937,2026-06-21 08:06:33,BAGOPS,KORLANTAS - RTMC,RTMC 3 POLDA,Polda Sulawesi Tengah,Silae,vms.k3i-korlantas.id,"-0,8788842","119,8365712",https://vms.k3i-korlantas.id/K3i/2022/SULTENG-011_Silae.stream/playlist.m3u8,cctv_d4ea91fc-068f-473d-8c16-343c0ce85b22,Arteri,No,ONLINE,"18,19",VMS,Playlist timeout,TIMEOUT
938,2026-06-21 08:06:33,BAGOPS,KORLANTAS - RTMC,RTMC 7 POLDA,Polda Metro Jaya,TL Permai,vms.k3i-korlantas.id,"-6,11545","106,89326",https://vms.k3i-korlantas.id/K3i/METRO/058_TL+Permai.stream/playlist.m3u8,cctv_d52e165e-011f-4464-a177-bc882fbc9c89,Arteri,No,ONLINE,"39,52",VMS,Playlist timeout,TIMEOUT
939,2026-06-21 08:06:33,BAGOPS,KORLANTAS - TMC,TMC 8 POLRES,Polda Jambi,Simpang BI 1,vms.k3i-korlantas.id,"-1,609772","103,583496",https://vms.k3i-korlantas.id/K3i/2020/JMB-008_P_BI_1.stream/playlist.m3u8,cctv_d54357bc-af85-45bc-9f95-d1659ef28d41,Arteri,No,ONLINE,"21,47",VMS,Playlist timeout,TIMEOUT
940,2026-06-21 08:06:28,BAGOPS,KORLANTAS - TMC,TMC 3 POLRES TA 2022,Polda Sumatera Utara,Medan – Tebing tinggi (Rel Kereta Api Lubukpakam),172.16.60.3,"3,5590844","98,891858",rtsp://onvif:lantas123!!@172.16.60.3:554/live/76DC20C3-0CFA-4342-AF50-CD86A2225207,cctv_d54a6466-81da-4846-b330-14915e8e35ac,Arteri,No,OFFLINE,N/A,RTSP,BE 400 (stream tidak tersedia),Unhealthy
941,2026-06-21 08:06:35,BAGOPS,KORLANTAS - TMC,TMC 3 POLRES TA 2022,Polda Jawa Tengah,Simpang 3 Pangeran Wijil,vms.k3i-korlantas.id,"-7,57938","110,8108",https://vms.k3i-korlantas.id/K3i/2RTMC-2TMC/PRP-020_ujung_Jl_S_Hasanudin_pasar_Senggol.stream/playlist.m3u8,cctv_d552c751-4a93-4fcc-bb22-21fa75072f6f,Arteri,Yes,ONLINE,"28,86",VMS,Playlist timeout,TIMEOUT
942,2026-06-21 08:06:36,BAGOPS,KORLANTAS - RTMC,RTMC 7 POLDA,Polda Metro Jaya,TL Cipinang,vms.k3i-korlantas.id,"-6,212","106,88929",https://vms.k3i-korlantas.id/K3i/METRO/041_TL+Cipinang.stream/playlist.m3u8,cctv_d5789a3a-9b2e-4c34-9026-d08128b5b35a,Arteri,Yes,ONLINE,"26,05",VMS,Playlist timeout,TIMEOUT
943,2026-06-21 08:06:40,BAGOPS,KORLANTAS - RTMC,RTMC 3 POLDA,Polda Kepulauan Riau,Sekupang,vms.k3i-korlantas.id,"1,1093326","103,9501798",https://vms.k3i-korlantas.id/K3i/2022/KEPRI-011_By_Pass_Pelb_Sekupang.stream/playlist.m3u8,cctv_d58d6a54-644f-4393-a901-6b0fc409497c,Arteri,Yes,ONLINE,"288,56",VMS,Playlist timeout,TIMEOUT
944,2026-06-21 08:06:42,BAGOPS,KORLANTAS - RTMC,RTMC 7 POLDA,Polda Jawa Tengah,Pos Pol THR Pekalongan,vms.k3i-korlantas.id,"-6,88848","109,66827",https://vms.k3i-korlantas.id/K3i/JATENG/157_Pos_Pol_THR_Pekalongan.stream/playlist.m3u8,cctv_d5bfdb09-951e-437f-95bf-d8d007f2b946,Arteri,No,ONLINE,"51,51",VMS,Playlist timeout,TIMEOUT
945,2026-06-21 08:06:42,BAGOPS,KORLANTAS - RTMC,RTMC 7 POLDA,Polda Jawa Barat,Pospol Pertigaan Kujang,vms.k3i-korlantas.id,"-7,01151743","107,5580478",https://vms.k3i-korlantas.id/K3i/JABAR/081_Tugu_Kujang_Bogor.stream/playlist.m3u8,cctv_d5e79309-c43e-4071-bc74-ebcfd6bcd57c,Arteri,No,ONLINE,"20,68",VMS,Playlist timeout,TIMEOUT
946,2026-06-21 08:06:56,BAGOPS,KORLANTAS - TMC,TMC 8 POLRES,Polda Lampung,Simpang Agus Salim 1,vms.k3i-korlantas.id,"-5,404506","105,249933",https://vms.k3i-korlantas.id/K3i/2020/BLPG-001_Tamin1.stream/playlist.m3u8,cctv_d614a5c0-da39-4187-9a33-8daad1027f7b,Arteri,Yes,ONLINE,"21,76",VMS,HTTP 502,Unhealthy
947,2026-06-21 08:06:56,BAGOPS,KORLANTAS - TMC,TMC 3 POLRES TA 2022,Polda Jawa Tengah,Depan Polsek Pasar Kliwon,vms.k3i-korlantas.id,"-7,57529035","110,827514",https://vms.k3i-korlantas.id/K3i/2RTMC-2TMC/DLS-006_Jl_Umum_KM_26-27_Medan_Tebing_Tinggi.stream/playlist.m3u8,cctv_d641a96b-d778-4985-a9b1-794448bbf840,Arteri,No,ONLINE,"14,11",VMS,HTTP 502,Unhealthy
948,2026-06-21 08:06:56,BAGOPS,KORLANTAS - TMC,TMC 8 POLRES,Polda Sumatera Barat,Simpang Ulak karang,vms.k3i-korlantas.id,"-0,911369","100,349869",https://vms.k3i-korlantas.id/K3i/2020/PDG-007_Simpang_Ulak_Karang.stream/playlist.m3u8,cctv_d6aa9923-2ca5-45eb-a448-c473595d12ac,Arteri,Yes,ONLINE,"24,39",VMS,HTTP 502,Unhealthy
949,2026-06-21 08:06:56,BAGOPS,KORLANTAS - RTMC,RTMC 3 POLDA,Polda Nusa Tenggara Barat,Simpang BI-NTB,vms.k3i-korlantas.id,"-8,5816213","116,1017563",https://vms.k3i-korlantas.id/K3i/2021/NTB-011_Simpang_BI_1.stream/playlist.m3u8,cctv_d6bc27bc-4c13-4ccd-8575-18548451c90b,Arteri,No,ONLINE,"13,82",VMS,HTTP 502,Unhealthy
950,2026-06-21 08:06:56,BAGOPS,KORLANTAS - TMC,TMC 4 POLRES TA 2024,Polda Jawa Tengah,DEPAN POLSEK MUNTILAN,vms.k3i-korlantas.id,"-7,58332","110,28891",https://vms.k3i-korlantas.id/K3i/2024/MGG-006_Depan_Polsek_Muntilan.stream/playlist.m3u8,cctv_d6bd6ac5-d7b4-490e-906e-2b381635be06,Arteri,Yes,ONLINE,"15,09",VMS,HTTP 502,Unhealthy
951,2026-06-21 08:06:56,BAGOPS,KORLANTAS - RTMC,RTMC 6 POLDA,Polda Bangka Belitung,Transmart PTZ,vms.k3i-korlantas.id,"-2,115444","106,112278",https://vms.k3i-korlantas.id/K3i/6POLDA/BBL-027_Transmart_PTZ.stream/playlist.m3u8,cctv_d71752aa-cc00-4bd9-b4f5-40555bc74d17,Arteri,No,ONLINE,"22,16",VMS,HTTP 502,Unhealthy
952,2026-06-21 08:06:57,BAGOPS,KORLANTAS - RTMC,RTMC 3 POLDA,Polda Nusa Tenggara Timur,SP 4 Posko Tulip-NTT,vms.k3i-korlantas.id,"-9,467588","124,481169",https://vms.k3i-korlantas.id/K3i/2021/NTT-015_SP_4_Posko_Tulip.stream/playlist.m3u8,cctv_d768953d-dd24-49c9-b394-41fe3d7cc251,Arteri,Yes,ONLINE,"28,23",VMS,HTTP 502,Unhealthy
953,2026-06-21 08:06:57,BAGOPS,KORLANTAS - RTMC,RTMC 7 POLDA,Polda Sumatera Selatan,Bandara Tanjung Api api,vms.k3i-korlantas.id,"-2,91541265","104,7123542",https://vms.k3i-korlantas.id/K3i/SUMSEL/228_Bandara_Simpang.stream/playlist.m3u8,cctv_d776dfd8-89cc-47f4-9ce2-fe3cbd800f4d,Arteri,Yes,ONLINE,"19,54",VMS,HTTP 502,Unhealthy
954,2026-06-21 08:06:57,BAGOPS,KORLANTAS - TMC,TMC 3 POLRES TA 2022,Polda Jawa Tengah,Simpang 4 Patung Wisnu,vms.k3i-korlantas.id,"-7,55424","110,7992",https://vms.k3i-korlantas.id/K3i/2RTMC-2TMC/SUMUT-017_Simpang_Gagak_Simalungun.stream/playlist.m3u8,cctv_d77e9272-44b1-44ed-aa74-6068077c0463,Arteri,No,ONLINE,"32,49",VMS,HTTP 502,Unhealthy
955,2026-06-21 08:06:57,BAGOPS,KORLANTAS - RTMC,RTMC 3 POLDA,Polda Nusa Tenggara Timur,Depan Jembatan Timbang  -NTT,vms.k3i-korlantas.id,"-10,17241188","123,563718",https://vms.k3i-korlantas.id/K3i/2021/NTT-002_Depan_Jembatan_Timbang_Dishub.stream/playlist.m3u8,cctv_d78e2ad2-a42c-4a0b-b88c-0da14296b725,Arteri,No,ONLINE,"23,22",VMS,HTTP 502,Unhealthy
956,2026-06-21 08:06:57,BAGOPS,KORLANTAS - TMC,TMC 3 POLRES TA 2022,Polda Jawa Tengah,Simpang 4 Utara Jembatan Gilingan,vms.k3i-korlantas.id,"-7,55108","110,82186",https://vms.k3i-korlantas.id/K3i/2RTMC-2TMC/SUMUT-005_Jalinsum_Simp_Pos_polisi_katarina.stream/playlist.m3u8,cctv_d7cf2d9e-74be-4872-a12b-94eb47056c83,Arteri,Yes,ONLINE,"20,09",VMS,HTTP 502,Unhealthy
957,2026-06-21 08:06:57,BAGOPS,KORLANTAS - RTMC,RTMC 7 POLDA,Polda Jawa Barat,Mega Mendung,vms.k3i-korlantas.id,"-6,65103908","106,906141",https://vms.k3i-korlantas.id/K3i/JABAR/075_Mega_Mendung_Bogor.stream/playlist.m3u8,cctv_d830a0c8-96c1-4517-ad29-68d0c70f0366,Arteri,No,ONLINE,"14,9",VMS,HTTP 502,Unhealthy
958,2026-06-21 08:06:57,BAGOPS,KORLANTAS - RTMC,RTMC 3 POLDA,Polda Aceh,SP Kodim,vms.k3i-korlantas.id,"5,5512361","95,3205412",https://vms.k3i-korlantas.id/K3i/2021/ACEH_014_SP_Kodim.stream/playlist.m3u8,cctv_d8f1023f-bdd7-42e5-a072-b34b3d716fc4,Arteri,Yes,ONLINE,"18,62",VMS,HTTP 502,Unhealthy
959,2026-06-21 08:06:58,BAGOPS,KORLANTAS - RTMC,RTMC 6 POLDA,Polda Riau,Mall ska 2,vms.k3i-korlantas.id,"0,50061661","101,4188052",https://vms.k3i-korlantas.id/K3i/6POLDA/RIAU-015_Mall_ska_2.stream/playlist.m3u8,cctv_d954d930-653d-4658-ab4a-91e5949c1e27,Arteri,No,ONLINE,"36,39",VMS,HTTP 502,Unhealthy
960,2026-06-21 08:06:58,BAGOPS,KORLANTAS - RTMC,RTMC 7 POLDA,Polda Jawa Tengah,Kartosuro,vms.k3i-korlantas.id,"-7,55346","110,73197",https://vms.k3i-korlantas.id/K3i/JATENG/144_Kartosuro.stream/playlist.m3u8,cctv_d969158e-2163-4e48-b941-cbb6a0611bef,Arteri,Yes,ONLINE,"19,35",VMS,HTTP 502,Unhealthy
961,2026-06-21 08:06:58,BAGOPS,KORLANTAS - TMC,TMC 3 POLRES TA 2022,Polda Jawa Tengah,Simpang 4 Sumber,vms.k3i-korlantas.id,"-7,55788421","110,8242522",https://vms.k3i-korlantas.id/K3i/2RTMC-2TMC/DLS-002_Depan_Komplek_Taman_Rivera_Kec_Tanjung_Morawa.stream/playlist.m3u8,cctv_da04cfd9-2d62-4826-9bb5-52bfc2f5dc01,Arteri,Yes,ONLINE,"13,35",VMS,HTTP 502,Unhealthy
962,2026-06-21 08:06:58,BAGOPS,KORLANTAS - RTMC,RTMC 7 POLDA,Polda Jawa Barat,Pospol Mutiara Cikampek,vms.k3i-korlantas.id,"-6,39953133","107,4453245",https://vms.k3i-korlantas.id/K3i/JABAR/110_Pos_Pol_Mutiara_Cikampek.stream/playlist.m3u8,cctv_da15056e-d2a8-4659-98d1-915fc0abcb87,Arteri,Yes,ONLINE,"15,09",VMS,HTTP 502,Unhealthy
963,2026-06-21 08:06:58,BAGOPS,KORLANTAS - RTMC,RTMC 6 POLDA,Polda Kalimantan Timur,Depan Gedung kesenian FIX,vms.k3i-korlantas.id,"-1,26204","116,83941",https://vms.k3i-korlantas.id/K3i/6POLDA/KTM-030_Depan_Gedung_kesenian_FIX.stream/playlist.m3u8,cctv_da22ac56-8645-4495-b08b-7a4e3263d53d,Arteri,No,ONLINE,"24,12",VMS,HTTP 502,Unhealthy
964,2026-06-21 08:06:58,BAGOPS,KORLANTAS - RTMC,RTMC 6 POLDA,Polda Kalimantan Timur,Dome FIX 2,vms.k3i-korlantas.id,"-1,2424","116,88877",https://vms.k3i-korlantas.id/K3i/6POLDA/KTM-022_Dome_FIX_2.stream/playlist.m3u8,cctv_da32fb29-4847-44b7-b7c6-8a1790f9feec,Arteri,No,ONLINE,"42,29",VMS,HTTP 502,Unhealthy
965,2026-06-21 08:06:58,BAGOPS,KORLANTAS - RTMC,RTMC 3 POLDA,Polda Gorontalo,Indomaret Bilungala,vms.k3i-korlantas.id,"0,380342","123,210606",https://vms.k3i-korlantas.id/K3i/SURAKARTA/SKT-022_Simpang-Tiga-Pasar-Nusukan.stream/playlist.m3u8,cctv_da44e7ce-436e-46d9-bea9-c31e45bc5446,Arteri,No,ONLINE,"14,22",VMS,HTTP 502,Unhealthy
966,2026-06-21 08:06:59,BAGOPS,KORLANTAS - TMC,TMC 3 POLRES TA 2023,Polda Kalimantan Selatan,Pos 2 ( simpang empat Fly over ),vms.k3i-korlantas.id,"-3,332306","114,612889",https://vms.k3i-korlantas.id/K3i/2022/BJM-005_Pos_2_(Sp_4_Fly_Over).stream/playlist.m3u8,cctv_da75bfe5-0545-46ec-90ff-af8ece1739b7,Arteri,Yes,ONLINE,"43,61",VMS,HTTP 502,Unhealthy
967,2026-06-21 08:06:59,BAGOPS,KORLANTAS - RTMC,RTMC 7 POLDA,Polda Jawa Barat,Megamall Karawang,vms.k3i-korlantas.id,"-6,31399558","107,3208285",https://vms.k3i-korlantas.id/K3i/JABAR/088_Mega_Mall_Karawang.stream/playlist.m3u8,cctv_da8cab08-f93a-4fb4-bf05-b42999e8deb1,Arteri,Yes,ONLINE,"40,44",VMS,HTTP 502,Unhealthy
968,2026-06-21 08:06:59,BAGOPS,KORLANTAS - RTMC,RTMC 7 POLDA,Polda Jawa Tengah,Terminal Tirtonadi Solo,vms.k3i-korlantas.id,"-7,55207","110,82104",https://vms.k3i-korlantas.id/K3i/JATENG/162_Terminal_Tirtonadi_Solo.stream/playlist.m3u8,cctv_dad380fe-5f2b-4e00-bd7c-54f7e14ad09f,Arteri,Yes,ONLINE,"15,47",VMS,HTTP 502,Unhealthy
969,2026-06-21 08:06:59,BAGOPS,KORLANTAS - RTMC,RTMC 7 POLDA,Polda Jawa Timur,Simpang 5 Kenanten Mojokerto,vms.k3i-korlantas.id,"-7,49159","112,44672",https://vms.k3i-korlantas.id/K3i/JATIM/184_Simpang_5_Kenanten_Mojokerto.stream/playlist.m3u8,cctv_dadefc54-7823-4c2f-b36f-3d69415112ca,Arteri,Yes,ONLINE,"26,4",VMS,HTTP 502,Unhealthy
970,2026-06-21 08:07:01,BAGOPS,KORLANTAS - RTMC,RTMC 7 POLDA,Polda Jawa Barat,Pospol Losari,10.45.42.19,"-6,83917096","108,8034519",rtsp://onvif:lantas123!!@10.45.42.19:554/live/5666CD7E-B28B-437F-A102-606096BCAA3A,cctv_db45cbdb-ef8a-487f-8dc4-fd97ff290df0,Arteri,No,OFFLINE,N/A,RTSP,Video mengalir (7 segmen),Healthy
971,2026-06-21 08:06:59,BAGOPS,KORLANTAS - TMC,TMC 3 POLRES TA 2022,Polda Jawa Tengah,Simpang 4 Gendengan/Tugu Lilin,vms.k3i-korlantas.id,"-7,57728","110,83213",https://vms.k3i-korlantas.id/K3i/2RTMC-2TMC/DLS-003_Depan_Taman_Damai_Sejahtera.stream/playlist.m3u8,cctv_db502864-8d51-4b8b-bfe2-b6cce7fe9999,Arteri,No,ONLINE,"15,18",VMS,HTTP 502,Unhealthy
972,2026-06-21 08:06:59,BAGOPS,KORLANTAS - RTMC,RTMC 3 POLDA,Polda Sulawesi Tengah,Simpang 4 Untad,vms.k3i-korlantas.id,"-0,8434736","119,8908689",https://vms.k3i-korlantas.id/K3i/2022/SULTENG-006_Sp_4_Untad.stream/playlist.m3u8,cctv_dba4a3d6-237c-43bc-aa68-c49b04f9b0c8,Arteri,No,ONLINE,"45,2",VMS,HTTP 502,Unhealthy
973,2026-06-21 08:06:59,BAGOPS,KORLANTAS - RTMC,RTMC 7 POLDA,Polda Jawa Barat,Jl. Raya Puncak Km 81,vms.k3i-korlantas.id,"-6,68032258","106,9325302",https://vms.k3i-korlantas.id/K3i/JABAR/086_Jl._Raya_Puncak_Km_81.stream/playlist.m3u8,cctv_dba6a7e3-9da7-4a4c-93ed-8ccb9070734d,Arteri,No,ONLINE,"59,48",VMS,HTTP 502,Unhealthy
974,2026-06-21 08:06:59,BAGOPS,KORLANTAS - RTMC,RTMC 7 POLDA,Polda Metro Jaya,Pos Pol Pondok Gede Timur,vms.k3i-korlantas.id,"-6,25776","106,91024",https://vms.k3i-korlantas.id/K3i/METRO/035_Pos+Pol+Pondok+Gede+Timur.stream/playlist.m3u8,cctv_dbd78048-b867-41b8-8b34-a3b5509712b4,Arteri,Yes,ONLINE,"29,37",VMS,HTTP 502,Unhealthy
975,2026-06-21 08:07:00,BAGOPS,KORLANTAS - RTMC,RTMC 7 POLDA,Polda Metro Jaya,Wisma Nusantara,vms.k3i-korlantas.id,"-6,19517","106,82309",https://vms.k3i-korlantas.id/K3i/METRO/068_Wisma+Nusantara.stream/playlist.m3u8,cctv_dbfa0e3d-a492-4d2a-8740-e131998045e0,Arteri,No,ONLINE,"21,68",VMS,HTTP 502,Unhealthy
976,2026-06-21 08:07:02,BAGOPS,KORLANTAS - TMC,TMC 3 POLRES TA 2022,Polda Sumatera Utara,Simpang Medan dan Tebing Tinggi,172.16.60.3,"3,3407437","99,1731511",rtsp://onvif:lantas123!!@172.16.60.3:554/live/D1B47853-CD21-4E0C-8DBA-1A049A427252,cctv_dc38ab7d-36ad-4a87-bbaa-5478765d7718,Arteri,No,OFFLINE,N/A,RTSP,BE 400 (stream tidak tersedia),Unhealthy
977,2026-06-21 08:06:42,BAGOPS,KORLANTAS - RTMC,RTMC 7 POLDA,Polda DIY,JL Malioboro,vms.k3i-korlantas.id,"-7,78304","110,36732",https://vms.k3i-korlantas.id/K3i/DIY/195_Jl.Malioboro.stream/playlist.m3u8,cctv_dc67c4bb-42bf-4eb4-abea-123bfb1e2a84,Arteri,No,ONLINE,"185,95",VMS,Playlist timeout,TIMEOUT
978,2026-06-21 08:06:44,BAGOPS,KORLANTAS - TMC,TMC 3 POLRES TA 2022,Polda Jawa Tengah,Depan Pasar Klewer,vms.k3i-korlantas.id,"-7,57529462","110,8276482",https://vms.k3i-korlantas.id/K3i/2RTMC-2TMC/SULSEL-005_Jl_Ap.Pettarani_Sultan_Alauddin.stream/playlist.m3u8,cctv_dc6d5ffb-4d23-45a6-a9cc-e75d0810efad,Arteri,No,ONLINE,"42,74",VMS,Playlist timeout,TIMEOUT
979,2026-06-21 08:06:44,BAGOPS,KORLANTAS - RTMC,RTMC 7 POLDA,Polda Jawa Tengah,Boyolali Pasar Ampel,vms.k3i-korlantas.id,"-7,44984","110,5419",https://vms.k3i-korlantas.id/K3i/JATENG/140_Boyolali_Pasar_Ampel.stream/playlist.m3u8,cctv_dc9d59cc-bee5-4ae0-98be-69073d503e73,Arteri,No,ONLINE,"79,41",VMS,Playlist timeout,TIMEOUT
980,2026-06-21 08:06:45,BAGOPS,KORLANTAS - RTMC,RTMC 6 POLDA,Polda Riau,Pasar arengka 2,vms.k3i-korlantas.id,"0,4640288","101,4184956",https://vms.k3i-korlantas.id/K3i/6POLDA/RIAU-004_Pasar_arengka_2.stream/playlist.m3u8,cctv_dd30ee04-a098-48c3-b1b5-2f9ad7ee06a9,Arteri,No,ONLINE,"77,32",VMS,Playlist timeout,TIMEOUT
981,2026-06-21 08:06:46,BAGOPS,KORLANTAS - RTMC,RTMC 7 POLDA,Polda Bali,Simpang 4 Ketewel Gianyar,vms.k3i-korlantas.id,"-8,63725","115,2821",https://vms.k3i-korlantas.id/K3i/BALI/208_Simpang_4_Ketewel_Gianyar.stream/playlist.m3u8,cctv_ddd61dac-cd99-4596-8d43-e53b734c45a2,Arteri,No,ONLINE,"18,24",VMS,Playlist timeout,TIMEOUT
982,2026-06-21 08:06:48,BAGOPS,KORLANTAS - TMC,TMC 4 POLRES TA 2024,Polda Banten,Polsek KP3 Banten,vms.k3i-korlantas.id,"-6,022853","105,95743",https://vms.k3i-korlantas.id/K3i/2024/CLG-004_Polsek_KP3_Banten.stream/playlist.m3u8,cctv_decb4251-f1a4-4a61-ac52-166e954f8d39,Arteri,No,ONLINE,"37,81",VMS,Playlist timeout,TIMEOUT
983,2026-06-21 08:06:51,BAGOPS,KORLANTAS - RTMC,RTMC 6 POLDA,Polda Maluku Utara,TL KOREM FIX 1,vms.k3i-korlantas.id,"0,811458","127,386389",https://vms.k3i-korlantas.id/K3i/6POLDA/MLT-003_Tl_Korem_Fix_1.stream/playlist.m3u8,cctv_df2c4747-d321-41aa-9a36-dc9d401756dc,Arteri,No,ONLINE,"74,3",VMS,Playlist timeout,TIMEOUT
984,2026-06-21 08:06:51,BAGOPS,KORLANTAS - RTMC,RTMC 6 POLDA,Polda Maluku Utara,TL KRISAN PTZ,vms.k3i-korlantas.id,"0,783653","127,384719",https://vms.k3i-korlantas.id/K3i/6POLDA/MLT-016_Tl_Krisan_Ptz.stream/playlist.m3u8,cctv_df5afeb6-882f-4882-88c8-4c657b0ce741,Arteri,No,ONLINE,"134,98",VMS,Playlist timeout,TIMEOUT
985,2026-06-21 08:06:51,BAGOPS,KORLANTAS - RTMC,RTMC 6 POLDA,Polda Sulawesi Utara,Dpn. Goodyear,vms.k3i-korlantas.id,"1,46243","124,83965",https://vms.k3i-korlantas.id/K3i/6POLDA/SLT-009_Dpn_Goodyear.stream/playlist.m3u8,cctv_df80a28c-f813-46fd-9e10-a6b28ad41c49,Arteri,No,ONLINE,"203,12",VMS,Playlist timeout,TIMEOUT
986,2026-06-21 08:06:51,BAGOPS,KORLANTAS - RTMC,RTMC 7 POLDA,Polda Jawa Barat,Jl. Raya Taman Matahari,vms.k3i-korlantas.id,"-6,66108033","106,9169291",https://vms.k3i-korlantas.id/K3i/JABAR/087_Jl._Raya_Taman_Matahari.stream/playlist.m3u8,cctv_dfd252f9-df27-4238-8810-649b1ff51fb1,Arteri,Yes,ONLINE,"156,09",VMS,Playlist timeout,TIMEOUT
987,2026-06-21 08:06:44,BAGOPS,KORLANTAS - RTMC,RTMC 7 POLDA,Polda Metro Jaya,TL Mampang,vms.k3i-korlantas.id,"-6,23700525","106,8270916",https://vms.k3i-korlantas.id/K3i/METRO/054_TL+Mampang.stream/playlist.m3u8,cctv_e0651533-a4aa-4eaf-bbde-8e7a0f12190d,Arteri,No,ONLINE,"37,92",VMS,HTTP 502,Unhealthy
988,2026-06-21 08:06:52,BAGOPS,KORLANTAS - RTMC,RTMC 3 POLDA,Polda Nusa Tenggara Timur,Depan Depsos  -NTT,vms.k3i-korlantas.id,"-10,18386535","123,6034336",https://vms.k3i-korlantas.id/K3i/2021/NTT-001_Depan_DEPSOS-Gereja.stream/playlist.m3u8,cctv_e08d1874-87f6-4c9c-89f6-2b19a8f1c66b,Arteri,No,ONLINE,"175,05",VMS,Playlist timeout,TIMEOUT
989,2026-06-21 08:06:45,BAGOPS,KORLANTAS - RTMC,RTMC 3 POLDA,Polda Maluku,Taman Kota,vms.k3i-korlantas.id,"-3,6935399","128,1811095",https://vms.k3i-korlantas.id/K3i/2022/MALUKU-007_Taman_Kota.stream/playlist.m3u8,cctv_e095b2e4-34ed-4a0c-b117-60d83c7cef11,Arteri,No,ONLINE,"28,07",VMS,HTTP 502,Unhealthy
990,2026-06-21 08:06:45,BAGOPS,KORLANTAS - TMC,TMC 3 POLRES TA 2022,Polda Sulawesi Selatan,JL. URIP SUMOHARDJO / PLTU,vms.k3i-korlantas.id,"-5,146243","119,470102",https://vms.k3i-korlantas.id/K3i/SURAKARTA/SKT-007_Simpang-Empat-Polresta-Surakarta.stream/playlist.m3u8,cctv_e0f505d5-a850-4364-822c-a4548b40dade,Arteri,Yes,ONLINE,"15,57",VMS,HTTP 502,Unhealthy
991,2026-06-21 08:06:46,BAGOPS,KORLANTAS - RTMC,RTMC 3 POLDA,Polda Sulawesi Tengah,BNI,vms.k3i-korlantas.id,"-0,8965018","119,8598478",https://vms.k3i-korlantas.id/K3i/2022/SULTENG-008_BNI.stream/playlist.m3u8,cctv_e13b51ea-7747-4dcc-8498-f9363f78ca26,Arteri,Yes,ONLINE,"50,11",VMS,HTTP 502,Unhealthy
992,2026-06-21 08:06:46,BAGOPS,KORLANTAS - RTMC,RTMC 6 POLDA,Polda Riau,Simpang tabek gadang,vms.k3i-korlantas.id,"0,4640686","101,3937477",https://vms.k3i-korlantas.id/K3i/6POLDA/RIAU-006_Simpang_tabek_gadang.stream/playlist.m3u8,cctv_e2175672-5f2c-46b8-990a-0898832b25cb,Arteri,No,ONLINE,"61,67",VMS,HTTP 502,Unhealthy
993,2026-06-21 08:06:46,BAGOPS,KORLANTAS - RTMC,RTMC 7 POLDA,Polda Metro Jaya,TL Fatmawati,vms.k3i-korlantas.id,"-6,29191","106,79512",https://vms.k3i-korlantas.id/K3i/METRO/016_Simpang+Jalan+Fatmawati+Raya.stream/playlist.m3u8,cctv_e242c9cc-9567-47d0-8ec6-22b678629e8f,Arteri,Yes,ONLINE,"18,74",VMS,HTTP 502,Unhealthy
994,2026-06-21 08:06:46,BAGOPS,KORLANTAS - RTMC,RTMC 7 POLDA,Polda Jawa Tengah,Pintu Tol Banyumanik Semarang,vms.k3i-korlantas.id,"-7,06247","110,4129",https://vms.k3i-korlantas.id/K3i/JATENG/130_Banyumanik.stream/playlist.m3u8,cctv_e257e3a3-dbe8-441d-9b13-f17ce68b7fee,Arteri,No,ONLINE,"16,76",VMS,HTTP 502,Unhealthy
995,2026-06-21 08:06:47,BAGOPS,KORLANTAS - RTMC,RTMC 7 POLDA,Polda DIY,Tugu Nyi Ageng Serang  Kulon Progo,vms.k3i-korlantas.id,"-7,86579","110,15709",https://vms.k3i-korlantas.id/K3i/DIY/202_Tugu_Nyi_Ageng_Serang_Kulon_Progo.stream/playlist.m3u8,cctv_e2c33c44-8d4a-4b44-9307-fdaf4896d65a,Arteri,Yes,ONLINE,"17,47",VMS,HTTP 502,Unhealthy
996,2026-06-21 08:06:47,BAGOPS,KORLANTAS - RTMC,RTMC 3 POLDA,Polda Nusa Tenggara Barat,Simpang BI 2,vms.k3i-korlantas.id,"-8,5812055","116,1016249",https://vms.k3i-korlantas.id/K3i/2021/NTB-012_Simpang_BI_2.stream/playlist.m3u8,cctv_e2cee895-603f-4fd5-a411-093b0fe5ab66,Arteri,Yes,ONLINE,"27,88",VMS,HTTP 502,Unhealthy
997,2026-06-21 08:06:50,BAGOPS,KORLANTAS - TMC,TMC 8 POLRES,Polda Sulawesi Tenggara,Pos Lantas 9.0,10.45.42.19,"-7,573068","110,8310652",rtsp://onvif:lantas123!!@10.45.42.19:554/live/158EC303-D42C-4BBC-B323-6B0CD6CF2A8E,cctv_e2e86a36-9054-4fca-b281-3bf461e57c41,Arteri,No,OFFLINE,N/A,RTSP,BE 400 (stream tidak tersedia),Unhealthy
998,2026-06-21 08:06:50,BAGOPS,KORLANTAS - TMC,TMC 8 POLRES,Polda Kalimantan Timur,SP Beruang Madu 3,10.45.42.19,"-1,269319","116,85685",rtsp://onvif:lantas123!!@10.45.42.19:554/live/A6F5B664-6C77-454B-AE98-D951CACE87AF,cctv_e2ee4c0d-2c3a-40cf-b701-b27ba59e9cbb,Arteri,No,OFFLINE,N/A,RTSP,BE 400 (stream tidak tersedia),Unhealthy
999,2026-06-21 08:06:48,BAGOPS,KORLANTAS - TMC,TMC 4 POLRES TA 2024,Polda Sumatera Selatan,DPN Alfamart,vms.k3i-korlantas.id,"-2,93127","104,68787",https://vms.k3i-korlantas.id/K3i/2024/PLG-001_DPN_Alfamart.stream/playlist.m3u8,cctv_e2fc5901-8d40-4090-930f-3552d7f14a95,Arteri,Yes,ONLINE,"18,63",VMS,HTTP 502,Unhealthy
1000,2026-06-21 08:06:48,BAGOPS,KORLANTAS - RTMC,RTMC 6 POLDA,Polda Bangka Belitung,Kejora dalam FIX 1,vms.k3i-korlantas.id,"-2,146444","106,153778",https://vms.k3i-korlantas.id/K3i/6POLDA/BBL-009_Kejora_dalam_FIX_1.stream/playlist.m3u8,cctv_e300f94a-1c3c-40c6-bd0f-54e80d2b7627,Arteri,No,ONLINE,"43,31",VMS,HTTP 502,Unhealthy
1001,2026-06-21 08:06:48,BAGOPS,KORLANTAS - RTMC,RTMC 6 POLDA,Polda Sulawesi Utara,Hotel Galaxy,vms.k3i-korlantas.id,"1,47378","124,83688",https://vms.k3i-korlantas.id/K3i/6POLDA/SLT-015_Hotel_Galaxy.stream/playlist.m3u8,cctv_e3098e90-8a80-45c3-a58e-f51b03445e50,Arteri,No,ONLINE,"15,07",VMS,HTTP 502,Unhealthy
1002,2026-06-21 08:06:49,BAGOPS,KORLANTAS - RTMC,RTMC 3 POLDA,Polda Aceh,SP Kisaran Aceh Barat / Meulaboh,vms.k3i-korlantas.id,"4,1560306","96,1290678",https://vms.k3i-korlantas.id/K3i/2021/ACEH_013_SP_Kisaran_Aceh_Barat-Meulaboh.stream/playlist.m3u8,cctv_e348a90f-573d-4095-ad5c-08d1c70972db,Arteri,No,ONLINE,16,VMS,HTTP 502,Unhealthy
1003,2026-06-21 08:06:49,BAGOPS,KORLANTAS - RTMC,RTMC 6 POLDA,Polda Kalimantan Timur,Depan Polsek Bandara FIX 2,vms.k3i-korlantas.id,"-1,25773","116,9042",https://vms.k3i-korlantas.id/K3i/6POLDA/KTM-019_Depan_Polsek_Bandara_FIX_2.stream/playlist.m3u8,cctv_e380f918-a652-48e6-a798-18c3962d4738,Arteri,No,ONLINE,"18,23",VMS,HTTP 502,Unhealthy
1004,2026-06-21 08:06:52,BAGOPS,KORLANTAS - TMC,TMC 8 POLRES,Polda Sulawesi Tenggara,Batas Kota Ranometo,10.45.42.19,"-7,67134","109,66111",rtsp://onvif:lantas123!!@10.45.42.19:554/live/73BE2974-65E1-4EAF-A007-2B49DD81E0AB,cctv_e46f865d-38e8-4103-83f5-f2e06d8dbae5,Arteri,No,OFFLINE,N/A,RTSP,BE 400 (stream tidak tersedia),Unhealthy
1005,2026-06-21 08:06:49,BAGOPS,KORLANTAS - RTMC,RTMC 6 POLDA,Polda Bangka Belitung,SP. Griya tirta FIX,vms.k3i-korlantas.id,"-2,135639","106,129583",https://vms.k3i-korlantas.id/K3i/6POLDA/BBL-016_SP_Griya_tirta_FIX.stream/playlist.m3u8,cctv_e48d5f7c-c07b-45fe-83b5-da3741943683,Arteri,Yes,ONLINE,"118,45",VMS,HTTP 502,Unhealthy
1006,2026-06-21 08:06:50,BAGOPS,KORLANTAS - TMC,RTMC 2 POLDA,Polda Sulawesi Selatan,CTV363 KORLAN SULSEL PELABUHAN MAKASSAR,vms.k3i-korlantas.id,"-5,1232172","119,4090491",https://vms.k3i-korlantas.id/K3i/SMARTCITY/SMCT-064_Ditlan_Temon_Congot.stream/playlist.m3u8,cctv_e4aeb1cf-fe29-4494-97c6-0aaf94fe2818,Arteri,Yes,ONLINE,"16,73",VMS,HTTP 502,Unhealthy
1007,2026-06-21 08:07:14,BAGOPS,KORLANTAS - TMC,TMC 4 POLRES TA 2024,Polda Jawa Timur,SP GADANG,10.45.42.19,"-8,02604","112,62743",rtsp://onvif:lantas123!!@10.45.42.19:554/live/84AC9AD6-2319-4CD6-9EFD-FE908B4698C2,cctv_e4dcc11b-a781-46fe-95bd-f32482802a98,Arteri,Yes,OFFLINE,N/A,RTSP,Playlist timeout,TIMEOUT
1008,2026-06-21 08:07:04,BAGOPS,KORLANTAS - RTMC,RTMC 6 POLDA,Polda Sulawesi Utara,Hotel Galaxy,vms.k3i-korlantas.id,"1,47378","124,83688",https://vms.k3i-korlantas.id/K3i/6POLDA/SLT-014_Hotel_Galaxy.stream/playlist.m3u8,cctv_e4e74fbd-f4fd-4900-86d5-64d2825d21fd,Arteri,No,ONLINE,"37,1",VMS,HTTP 502,Unhealthy
1009,2026-06-21 08:07:04,BAGOPS,KORLANTAS - TMC,TMC 4 POLRES TA 2024,Polda Jawa Tengah,BUNDARAN TUGU SALAMAN,vms.k3i-korlantas.id,"-7,581298","110,130032",https://vms.k3i-korlantas.id/K3i/2024/MGG-008_Bundaran_Tugu_Salaman.stream/playlist.m3u8,cctv_e55483a4-e789-4728-87ab-a1aeb8a012f6,Arteri,Yes,ONLINE,"38,54",VMS,HTTP 502,Unhealthy
1010,2026-06-21 08:07:04,BAGOPS,KORLANTAS - RTMC,RTMC 6 POLDA,Polda Maluku Utara,DUA SEKAWAN FIX 2,vms.k3i-korlantas.id,"0,777299","127,37649",https://vms.k3i-korlantas.id/K3i/6POLDA/MLT-019_Dua_Sekawan_Fix_2.stream/playlist.m3u8,cctv_e569ffea-a934-4165-9542-a092763a420f,Arteri,No,ONLINE,"35,29",VMS,HTTP 502,Unhealthy
1011,2026-06-21 08:07:04,BAGOPS,KORLANTAS - TMC,TMC 4 POLRES TA 2024,Polda Sumatera Selatan,DPN RS Hermina,vms.k3i-korlantas.id,"-2,95491","104,74838",https://vms.k3i-korlantas.id/K3i/2024/PLG-006_DPN_RS_Hermina.stream/playlist.m3u8,cctv_e5d7faf6-22e1-4021-a533-95b211d689e0,Arteri,No,ONLINE,"28,29",VMS,HTTP 502,Unhealthy
1012,2026-06-21 08:07:04,BAGOPS,KORLANTAS - TMC,TMC 8 POLRES,Polda Lampung,JPO Rm Garuda 2,vms.k3i-korlantas.id,"-5,418798","105,253183",https://vms.k3i-korlantas.id/K3i/2020/BLPG-004_Garuda_2.stream/playlist.m3u8,cctv_e5f4624b-7598-41a3-8dfa-a27c1751901e,Arteri,No,ONLINE,"24,76",VMS,HTTP 502,Unhealthy
1013,2026-06-21 08:07:04,BAGOPS,KORLANTAS - RTMC,RTMC 6 POLDA,Polda Kalimantan Timur,TL Imigrasi FIX 2,vms.k3i-korlantas.id,"-1,27791","116,82497",https://vms.k3i-korlantas.id/K3i/6POLDA/KTM-005_TL_Imigrasi_FIX_2.stream/playlist.m3u8,cctv_e5f9ded4-23bc-47f7-864d-5288d36540b1,Arteri,Yes,ONLINE,"21,33",VMS,HTTP 502,Unhealthy
1014,2026-06-21 08:07:04,BAGOPS,KORLANTAS - RTMC,RTMC 3 POLDA,Polda Sumatera Barat,SP Haru/Istiqamah,vms.k3i-korlantas.id,"-0,946618","100,366483",https://vms.k3i-korlantas.id/K3i/2023/SMB-004_SP_Haru-Istiqamah.stream/playlist.m3u8,cctv_e6272b60-9aa4-442b-b966-43a487db59fa,Arteri,No,ONLINE,"18,67",VMS,HTTP 502,Unhealthy
1015,2026-06-21 08:07:04,BAGOPS,KORLANTAS - TMC,TMC 3 POLRES TA 2022,Polda Jawa Tengah,Depan Polsek Laweyan,vms.k3i-korlantas.id,"-7,57152087","110,8097297",https://vms.k3i-korlantas.id/K3i/2RTMC-2TMC/DLS-007_Jl_Umum_KM_29-30_Medan_Tebing_Tinggi.stream/playlist.m3u8,cctv_e676d0d2-0775-46ac-a9f7-4a946a9536e8,Arteri,No,ONLINE,"15,85",VMS,HTTP 502,Unhealthy
1016,2026-06-21 08:07:04,BAGOPS,KORLANTAS - TMC,TMC 3 POLRES TA 2022,Polda Jawa Tengah,Simpang 4 Polresta Surakarta,vms.k3i-korlantas.id,"-7,55562","110,80284",https://vms.k3i-korlantas.id/K3i/2RTMC-2TMC/SUMUT-004_Simp_Sumarsono_Tol_Binjai.stream/playlist.m3u8,cctv_e7047686-aaf9-4ca6-8ce7-c5cb5a6ba8e0,Arteri,Yes,ONLINE,28,VMS,HTTP 502,Unhealthy
1017,2026-06-21 08:07:04,BAGOPS,KORLANTAS - RTMC,HARWAT RTMC 4 POLDA,Polda Kalimantan Barat,Simpang garuda,vms.k3i-korlantas.id,"-0,039277","109,348627",https://vms.k3i-korlantas.id/K3i/2024/KLBR-012_Sp._Garuda.stream/playlist.m3u8,cctv_e7992b26-8784-496b-8439-577bb902fe0b,Arteri,No,ONLINE,"23,93",VMS,HTTP 502,Unhealthy
1018,2026-06-21 08:07:04,BAGOPS,KORLANTAS - TMC,TMC 8 POLRES,Polda Jawa Timur,Jl. Raya Duduk Sampeyan 1,vms.k3i-korlantas.id,"-7,160627","112,53191",https://vms.k3i-korlantas.id/K3i/2020/GRSK-002_Jl.Raya_Duduk_Sampeyan1.stream/playlist.m3u8,cctv_e81b520f-aadc-449f-a179-2fcdcb50a68a,Arteri,No,ONLINE,"20,74",VMS,HTTP 502,Unhealthy
1019,2026-06-21 08:07:06,BAGOPS,KORLANTAS - TMC,TMC 3 POLRES TA 2022,Polda Sumatera Utara,Simp Kota Tanjung Morawa Kab. Deli Serdang,172.16.60.3,"3,5213976","98,786172",rtsp://onvif:lantas123!!@172.16.60.3:554/live/E7EBCA42-2C77-4566-AD42-E333C9A4212F,cctv_e851720d-0616-4709-942b-27cf24982826,Arteri,No,OFFLINE,N/A,RTSP,BE 400 (stream tidak tersedia),Unhealthy
1020,2026-06-21 08:07:04,BAGOPS,KORLANTAS - TMC,TMC 8 POLRES,Polda Lampung,Simpang Airan,vms.k3i-korlantas.id,"-5,360499","105,304405",https://vms.k3i-korlantas.id/K3i/2020/BLPG-016_Simp_Airan.stream/playlist.m3u8,cctv_e920350b-0523-48d1-a44e-93ad38e43cd5,Arteri,No,ONLINE,"19,42",VMS,HTTP 502,Unhealthy
1021,2026-06-21 08:07:04,BAGOPS,KORLANTAS - RTMC,RTMC 7 POLDA,Polda DIY,Flyover Jombor,vms.k3i-korlantas.id,"-7,74864","110,36219",https://vms.k3i-korlantas.id/K3i/DIY/188_Fly_Over_Jombor.stream/playlist.m3u8,cctv_e92cdf59-5015-40e4-bcac-f99205b5b537,Arteri,Yes,ONLINE,"16,13",VMS,HTTP 502,Unhealthy
1022,2026-06-21 08:07:04,BAGOPS,KORLANTAS - RTMC,HARWAT RTMC 4 POLDA,Polda Kalimantan Tengah,Dr. Murdjani,vms.k3i-korlantas.id,"-2,210654","113,939198",https://vms.k3i-korlantas.id/K3i/2024/KLTG-011_Dr._Murdjani.stream/playlist.m3u8,cctv_e9503145-671d-47cf-b5b6-183cf2a3c22d,Arteri,No,ONLINE,"51,21",VMS,HTTP 502,Unhealthy
1023,2026-06-21 08:07:05,BAGOPS,KORLANTAS - RTMC,RTMC 7 POLDA,Polda Metro Jaya,Patung Kuda Thamrin,vms.k3i-korlantas.id,"-6,1798","106,82282",https://vms.k3i-korlantas.id/K3i/METRO/010_Patung+Kuda+Thamrin.stream/playlist.m3u8,cctv_e999e342-0f59-4207-85d4-75d80ff06049,Arteri,Yes,ONLINE,"46,9",VMS,HTTP 502,Unhealthy
1024,2026-06-21 08:07:05,BAGOPS,KORLANTAS - TMC,TMC 8 POLRES,Polda Sumatera Barat,Simpang polresta,vms.k3i-korlantas.id,"-0,951233","100,36385",https://vms.k3i-korlantas.id/K3i/2020/PDG-018_SP_Polresta.stream/playlist.m3u8,cctv_e9d9d679-e592-4afe-8048-7ad796c94069,Arteri,No,ONLINE,"43,45",VMS,HTTP 502,Unhealthy
1025,2026-06-21 08:07:05,BAGOPS,KORLANTAS - TMC,TMC 3 POLRES TA 2023,Polda Kalimantan Selatan,Bundaran BCA,vms.k3i-korlantas.id,"-3,322944","114,59175",https://vms.k3i-korlantas.id/K3i/2022/BJM-001_Bundaran_BCA.stream/playlist.m3u8,cctv_ea18fbd6-72f7-41d6-8d96-21af918c0c34,Arteri,Yes,ONLINE,"43,63",VMS,HTTP 502,Unhealthy
1026,2026-06-21 08:07:04,BAGOPS,KORLANTAS - RTMC,RTMC 7 POLDA,Polda Jawa Barat,Pospol Jembatan Baru Banjar,vms.k3i-korlantas.id,"-8,25702986","115,0363942",https://vms.k3i-korlantas.id/K3i/JABAR/104_Pos_Pol_Jembatan_Baru_Banjar.stream/playlist.m3u8,cctv_ea262264-1343-439a-b8e7-2e73ca956981,Arteri,No,ONLINE,"40,05",VMS,HTTP 502,Unhealthy
1027,2026-06-21 08:07:05,BAGOPS,KORLANTAS - RTMC,RTMC 6 POLDA,Polda Riau,Simpang bandara 1,vms.k3i-korlantas.id,"0,47061372","101,4539165",https://vms.k3i-korlantas.id/K3i/6POLDA/RIAU-009_Simpang_bandara_1.stream/playlist.m3u8,cctv_ea466e33-282c-4654-87f7-1b0724102759,Arteri,No,ONLINE,"38,39",VMS,HTTP 502,Unhealthy
1028,2026-06-21 08:07:05,BAGOPS,KORLANTAS - TMC,TMC 3 POLRES TA 2022,Polda Sumatera Utara,Simpang 4 Pantai Labu,vms.k3i-korlantas.id,"3,5609463","98,8797037",https://vms.k3i-korlantas.id/K3i/SMARTCITY/SMCT-068_Gereja_Ganjuran_Pintu_Masuk_Utara_3.stream/playlist.m3u8,cctv_eae3a2b6-56a3-4085-83cf-47856855adc8,Arteri,No,ONLINE,"34,63",VMS,HTTP 502,Unhealthy
1029,2026-06-21 08:07:05,BAGOPS,KORLANTAS - TMC,TMC 3 POLRES TA 2022,Polda Sulawesi Selatan,Patung Ainun Habibi,vms.k3i-korlantas.id,"-4,012788","119,621702",https://vms.k3i-korlantas.id/K3i/2RTMC-2TMC/SUMUT-007_Simpang_Tiga_Asahan.stream/playlist.m3u8,cctv_eaed02e3-eaad-492f-9684-a3b2c52c457f,Arteri,Yes,ONLINE,"31,57",VMS,HTTP 502,Unhealthy
1030,2026-06-21 08:07:05,BAGOPS,KORLANTAS - RTMC,RTMC 3 POLDA,Polda Bengkulu,Simpang 4 DPRD Provinsi,vms.k3i-korlantas.id,"-3,8204","102,2874",https://vms.k3i-korlantas.id/K3i/2RTMC-2TMC/PRP-004_Jl_Jend_Sudirman_Jl_Reformasi.stream/playlist.m3u8,cctv_eb1a8e53-a946-4aaf-8d09-c9e48bc9a225,Arteri,Yes,ONLINE,"27,44",VMS,HTTP 502,Unhealthy
1031,2026-06-21 08:07:05,BAGOPS,KORLANTAS - RTMC,RTMC 3 POLDA,Polda Bengkulu,Simpang Kandang,vms.k3i-korlantas.id,"-3,87275","102,31339",https://vms.k3i-korlantas.id/K3i/2RTMC-2TMC/PRP-002_Jl_Bau_Massepe_Jl_Mattirotasi.stream/playlist.m3u8,cctv_eb308758-7b4f-47a3-916c-a9e00975e300,Arteri,Yes,ONLINE,"18,48",VMS,HTTP 502,Unhealthy
1032,2026-06-21 08:07:05,BAGOPS,KORLANTAS - RTMC,RTMC 7 POLDA,Polda Metro Jaya,TL Simpang Lima Senen,vms.k3i-korlantas.id,"-6,17851292","106,8417679",https://vms.k3i-korlantas.id/K3i/METRO/064_TL+Simpang+Lima+Senen.stream/playlist.m3u8,cctv_eb44545b-244c-49c7-9446-e8ac81d05b5d,Arteri,Yes,ONLINE,"25,39",VMS,HTTP 502,Unhealthy
1033,2026-06-21 08:07:05,BAGOPS,KORLANTAS - RTMC,RTMC 3 POLDA,Polda Sumatera Barat,SP Kinol,vms.k3i-korlantas.id,"-0,95777649","100,361469",https://vms.k3i-korlantas.id/K3i/2023/SMB-005_SP_Kinol.stream/playlist.m3u8,cctv_eb6ffd55-7684-4869-8a5f-0421419ad90a,Arteri,No,ONLINE,"19,84",VMS,HTTP 502,Unhealthy
1034,2026-06-21 08:07:05,BAGOPS,KORLANTAS - RTMC,RTMC 3 POLDA,Polda Kepulauan Riau,SP 4 Masjid Agung,vms.k3i-korlantas.id,"1,12751797","104,0526076",https://vms.k3i-korlantas.id/K3i/2022/KEPRI-008_Analytic_Masjid_Agung.stream/playlist.m3u8,cctv_eb75e92a-77c3-41b2-97ab-b174902d653a,Arteri,No,ONLINE,"25,13",VMS,HTTP 502,Unhealthy
1035,2026-06-21 08:06:42,BAGOPS,KORLANTAS - RTMC,RTMC 7 POLDA,Polda Metro Jaya,TL Melawai,vms.k3i-korlantas.id,"-6,24562","106,79769",https://vms.k3i-korlantas.id/K3i/METRO/055_TL+Melawai.stream/playlist.m3u8,cctv_ebcd7e2b-52d8-42a3-be18-d66d47751142,Arteri,Yes,ONLINE,"34,84",VMS,Playlist timeout,TIMEOUT
1036,2026-06-21 08:06:44,BAGOPS,KORLANTAS - TMC,TMC 8 POLRES,Polda Jawa Timur,Jl. Raya R.A Kartini 1,vms.k3i-korlantas.id,"-7,16809","112,6454",https://vms.k3i-korlantas.id/K3i/2020/GRSK-004_Jl._Raya_R.A_Kartini_1.stream/playlist.m3u8,cctv_ebe16000-368b-453f-b680-e5a4f493b279,Arteri,No,ONLINE,"197,37",VMS,Playlist timeout,TIMEOUT
1037,2026-06-21 08:06:44,BAGOPS,KORLANTAS - RTMC,RTMC 6 POLDA,Polda Banten,SP. Mayabon FIX,vms.k3i-korlantas.id,"-6,14929466","106,1776493",https://vms.k3i-korlantas.id/K3i/6POLDA/BNT-023_SP_Mayabon_FIX.stream/playlist.m3u8,cctv_ebf07d6d-6457-41d4-8365-f49315cf343f,Arteri,No,ONLINE,"35,15",VMS,Playlist timeout,TIMEOUT
1038,2026-06-21 08:06:45,BAGOPS,KORLANTAS - RTMC,RTMC 6 POLDA,Polda Kalimantan Timur,Depan E walk PTZ,vms.k3i-korlantas.id,"-1,2713","116,8599",https://vms.k3i-korlantas.id/K3i/6POLDA/KTM-012_Depan_E_walk_PTZ.stream/playlist.m3u8,cctv_ec69fa0c-a118-4ee6-b1bb-a9f7873e953d,Arteri,Yes,ONLINE,"210,61",VMS,Playlist timeout,TIMEOUT
1039,2026-06-21 08:06:46,BAGOPS,KORLANTAS - TMC,TMC 8 POLRES,Polda Jambi,Simpang Lantas Jelutung 1,vms.k3i-korlantas.id,"-1,602509","103,618455",https://vms.k3i-korlantas.id/K3i/2020/JMB-012_SP_Lantas_Jelutung_1.stream/playlist.m3u8,cctv_ec704a9c-9226-4de7-bf11-1971a203b8c8,Arteri,No,ONLINE,"53,48",VMS,Playlist timeout,TIMEOUT
1040,2026-06-21 08:06:49,BAGOPS,KORLANTAS - RTMC,RTMC 6 POLDA,Polda Riau,Simpang Durian,vms.k3i-korlantas.id,"0,5172828","101,4198007",https://vms.k3i-korlantas.id/K3i/6POLDA/RIAU-023_Simpang_Durian_.stream/playlist.m3u8,cctv_ed1b5eb8-a84a-43f2-a547-871ebdcf1cd4,Arteri,No,ONLINE,"25,8",VMS,Playlist timeout,TIMEOUT
1041,2026-06-21 08:06:51,BAGOPS,KORLANTAS - RTMC,RTMC 6 POLDA,Polda Kalimantan Timur,Sp Blp Plaza PTZ,vms.k3i-korlantas.id,"-1,27717","116,83831",https://vms.k3i-korlantas.id/K3i/6POLDA/KTM-006_Sp_Blp_Plaza_PTZ.stream/playlist.m3u8,cctv_ed58cca2-2d08-40b1-8f44-f15122d5b274,Arteri,No,ONLINE,"168,63",VMS,Playlist timeout,TIMEOUT
1042,2026-06-21 08:06:44,BAGOPS,KORLANTAS - TMC,TMC 3 POLRES TA 2022,Polda Sumatera Utara,Jl. Umum KM 12-12-1/2 Simpang Madirsan - Simp Gg Darmo Tanjung Morawa Kab. Deli Serdang,172.16.60.3,"3,52794381","98,79570807",rtsp://onvif:lantas123!!@172.16.60.3:554/live/244B28F4-D8DE-4468-BA7A-C73FF4A66AD9,cctv_ed6859f7-a797-41f2-8d58-2a5f849b1997,Arteri,No,OFFLINE,N/A,RTSP,BE 400 (stream tidak tersedia),Unhealthy
1043,2026-06-21 08:06:51,BAGOPS,KORLANTAS - RTMC,RTMC 3 POLDA,Polda Nusa Tenggara Barat,Simpang Golkar,vms.k3i-korlantas.id,"-8,5943266","116,1129859",https://vms.k3i-korlantas.id/K3i/2021/NTB-014_Simpang_Golkar.stream/playlist.m3u8,cctv_eda6d5fe-76d5-43e9-8466-d57f19e21762,Arteri,No,ONLINE,"197,92",VMS,Playlist timeout,TIMEOUT
1044,2026-06-21 08:06:52,BAGOPS,KORLANTAS - TMC,TMC 8 POLRES,Polda Jawa Timur,Jl. Raya Duduk Sampeyan 2,vms.k3i-korlantas.id,"-7,160627","112,53191",https://vms.k3i-korlantas.id/K3i/2020/GRSK-003_Jl.Raya_Duduk_Sampeyan2.stream/playlist.m3u8,cctv_edd840da-5a8f-475b-8409-558c7af1f61f,Arteri,No,ONLINE,"63,67",VMS,Playlist timeout,TIMEOUT
1045,2026-06-21 08:06:52,BAGOPS,KORLANTAS - RTMC,RTMC 6 POLDA,Polda Banten,Simpang Boru FIX 2,vms.k3i-korlantas.id,"-6,16719","106,17995",https://vms.k3i-korlantas.id/K3i/6POLDA/BNT-019_Simpang_Boru_FIX_2.stream/playlist.m3u8,cctv_ede1136c-3740-4bc8-aaf7-891cb90a71d1,Arteri,No,ONLINE,"26,73",VMS,Playlist timeout,TIMEOUT
1046,2026-06-21 08:06:44,BAGOPS,KORLANTAS - TMC,TMC 3 POLRES TA 2022,Polda Jawa Tengah,Simpang 3 KS Tubun,vms.k3i-korlantas.id,"-7,55288","110,80376",https://vms.k3i-korlantas.id/K3i/2RTMC-2TMC/SUMUT-026_Persimpangan_Takari_1.stream/playlist.m3u8,cctv_ede9a908-ca63-435b-bcec-e1a672996af1,Arteri,Yes,ONLINE,"142,97",VMS,HTTP 502,Unhealthy
1047,2026-06-21 08:06:45,BAGOPS,KORLANTAS - RTMC,RTMC 3 POLDA,Polda Sulawesi Tengah,Simpang 4 Al-Jufri,vms.k3i-korlantas.id,"-0,9039813","119,8575957",https://vms.k3i-korlantas.id/K3i/2022/SULTENG-003_Sp_4_Al-Jufri.stream/playlist.m3u8,cctv_ee414137-9eb8-43d5-acba-2027abe2e529,Arteri,No,ONLINE,"18,19",VMS,HTTP 502,Unhealthy
1048,2026-06-21 08:06:46,BAGOPS,KORLANTAS - RTMC,RTMC 6 POLDA,Polda Banten,Banten 3 (TL Ciceri) FIX 1,vms.k3i-korlantas.id,"-6,120448","106,171948",https://vms.k3i-korlantas.id/K3i/6POLDA/BNT-024_Banten_3-TL_Ciceri-FIX_1.stream/playlist.m3u8,cctv_ee559a1a-954d-4d0b-87c2-05d22cd1a694,Arteri,No,ONLINE,"24,41",VMS,HTTP 502,Unhealthy
1049,2026-06-21 08:06:46,BAGOPS,KORLANTAS - RTMC,RTMC 6 POLDA,Polda Bangka Belitung,SP. Griya tirta PTZ,vms.k3i-korlantas.id,"-2,135639","106,129583",https://vms.k3i-korlantas.id/K3i/6POLDA/BBL-015_SP_Griya_tirta_PTZ.stream/playlist.m3u8,cctv_ee8dafcb-55db-494b-b8eb-1347d1c5b141,Arteri,No,ONLINE,"160,27",VMS,HTTP 502,Unhealthy
1050,2026-06-21 08:06:46,BAGOPS,KORLANTAS - TMC,TMC 3 POLRES TA 2022,Polda Jawa Tengah,Simpang 4 Nonongan,vms.k3i-korlantas.id,"-7,57104","110,82436",https://vms.k3i-korlantas.id/K3i/2RTMC-2TMC/SUMUT-003_Simp_Sumarsono_Gaperta.stream/playlist.m3u8,cctv_eed18417-2157-4f55-808c-e32f3f448e19,Arteri,No,ONLINE,"137,97",VMS,HTTP 502,Unhealthy
1051,2026-06-21 08:06:46,BAGOPS,KORLANTAS - TMC,TMC 3 POLRES TA 2023,Polda DIY,SP Gondomanan,vms.k3i-korlantas.id,"-7,8020407","110,3692307",https://vms.k3i-korlantas.id/K3i/2022/YOGYA-009_SP_Gondomanan.stream/playlist.m3u8,cctv_f009b7b7-9d77-42eb-9523-9a0aa80705e1,Arteri,No,ONLINE,"50,1",VMS,HTTP 502,Unhealthy
1052,2026-06-21 08:06:46,BAGOPS,KORLANTAS - TMC,TMC 8 POLRES,Polda Sumatera Barat,Simpang Bypass Kp lalang,vms.k3i-korlantas.id,"-0,924814","100,398039",https://vms.k3i-korlantas.id/K3i/2020/PDG-002_Bypas_KP_Lalang.stream/playlist.m3u8,cctv_f00ceccb-76c5-4fb7-b573-e8df46c1a221,Arteri,No,ONLINE,"17,44",VMS,HTTP 502,Unhealthy
1053,2026-06-21 08:06:47,BAGOPS,KORLANTAS - RTMC,RTMC 7 POLDA,Polda Metro Jaya,Soekarno Hatta 2,vms.k3i-korlantas.id,"-6,12058","106,66894",https://vms.k3i-korlantas.id/K3i/METRO/002_Bandara+Soetta+Arah+Tangerang.stream/playlist.m3u8,cctv_f0b3f508-43cd-4ddf-bd4c-584fe8c4ba9c,Arteri,Yes,ONLINE,"26,05",VMS,HTTP 502,Unhealthy
1054,2026-06-21 08:06:47,BAGOPS,KORLANTAS - TMC,TMC 3 POLRES TA 2022,Polda Jawa Tengah,Baturono,vms.k3i-korlantas.id,"-7,58448","110,82927",https://vms.k3i-korlantas.id/K3i/2RTMC-2TMC/SULSEL-008_Jl_Bawakaraeng_Latimojong.stream/playlist.m3u8,cctv_f0f5887c-f8b4-4826-a7be-9a338be77d50,Arteri,Yes,ONLINE,20,VMS,HTTP 502,Unhealthy
1055,2026-06-21 08:06:47,BAGOPS,KORLANTAS - RTMC,RTMC 6 POLDA,Polda Banten,Banten 4 (Warung Pojok) FIX 2,vms.k3i-korlantas.id,"-6,125474","106,164007",https://vms.k3i-korlantas.id/K3i/6POLDA/BNT-028_Banten_4-Warung_Pojok-FIX_2.stream/playlist.m3u8,cctv_f12c7eea-9313-46b5-b300-a27deda20ed9,Arteri,No,ONLINE,"23,73",VMS,HTTP 502,Unhealthy
1056,2026-06-21 08:06:47,BAGOPS,KORLANTAS - RTMC,RTMC 7 POLDA,Polda Bali,Simpang 4 In Mahendra Data,vms.k3i-korlantas.id,"-8,6812","115,18919",https://vms.k3i-korlantas.id/K3i/BALI/239_Simpang_4_In_Mahendra_Data.stream/playlist.m3u8,cctv_f142789b-8620-45db-8620-dd93b53bb68f,Arteri,No,ONLINE,"14,5",VMS,HTTP 502,Unhealthy
1057,2026-06-21 08:06:48,BAGOPS,KORLANTAS - TMC,TMC 3 POLRES TA 2022,Polda Kalimantan Tengah,Pospol Mahir Mahar,vms.k3i-korlantas.id,"-2,27382","113,92157",https://vms.k3i-korlantas.id/K3i/SURAKARTA/SKT-056_Simpang-Empat-Masjid-Kota-Barat.stream/playlist.m3u8,cctv_f161d005-d1c5-4e5c-bb24-e56536de254d,Arteri,Yes,ONLINE,"29,56",VMS,HTTP 502,Unhealthy
1058,2026-06-21 08:06:48,BAGOPS,KORLANTAS - RTMC,RTMC 7 POLDA,Polda Jawa Tengah,Gereja Santo Paulus Salatiga,vms.k3i-korlantas.id,"-7,32268","110,50152",https://vms.k3i-korlantas.id/K3i/JATENG/142_Gereja_Santo_Paulus_Salatiga.stream/playlist.m3u8,cctv_f18e62ee-28ca-402e-b70c-7ada254d6851,Arteri,Yes,ONLINE,"15,19",VMS,HTTP 502,Unhealthy
1059,2026-06-21 08:06:51,BAGOPS,KORLANTAS - TMC,TMC 8 POLRES,Polda Kalimantan Timur,SP Beruang Madu 2,10.45.42.19,"-1,2689206","116,8573706",rtsp://onvif:lantas123!!@10.45.42.19:554/live/68B0F159-7E64-42BD-92B1-473D3C20B922,cctv_f253fde1-0932-462b-a27a-c06a223aed6a,Arteri,No,OFFLINE,N/A,RTSP,BE 400 (stream tidak tersedia),Unhealthy
1060,2026-06-21 08:06:48,BAGOPS,KORLANTAS - TMC,TMC 4 POLRES TA 2024,Polda Jawa Tengah,PERBATASAN SECANG,vms.k3i-korlantas.id,"-7,40808","110,238",https://vms.k3i-korlantas.id/K3i/2024/MGG-003_Perbatasan_Secang.stream/playlist.m3u8,cctv_f263323d-4f70-4fb9-b5da-edad933ade7b,Arteri,Yes,ONLINE,"13,8",VMS,HTTP 502,Unhealthy
1061,2026-06-21 08:06:50,BAGOPS,KORLANTAS - RTMC,RTMC 7 POLDA,Polda Sumatera Selatan,Jembatan Musi 2,10.45.61.6,"-3,01837898","104,7199131",rtsp://operator:Qwerty654321@@10.45.61.6:554/Streaming/Channels/102/,cctv_f28b7b0f-20c7-4617-a77b-72b6e1364c4d,Arteri,No,OFFLINE,N/A,RTSP,BE 400 (stream tidak tersedia),Unhealthy
1062,2026-06-21 08:06:49,BAGOPS,KORLANTAS - RTMC,RTMC 7 POLDA,Polda DIY,Katandan,vms.k3i-korlantas.id,"-7,81185","110,46945",https://vms.k3i-korlantas.id/K3i/DIY/190_Ketandan.stream/playlist.m3u8,cctv_f2d48158-138b-4d71-8e26-d49562148e0f,Arteri,No,ONLINE,"18,14",VMS,HTTP 502,Unhealthy
1063,2026-06-21 08:06:49,BAGOPS,KORLANTAS - RTMC,RTMC 6 POLDA,Polda Maluku Utara,TL PRIMA FOTO FIX 2,vms.k3i-korlantas.id,"0,78963","127,386096",https://vms.k3i-korlantas.id/K3i/6POLDA/MLT-013_Tl_Prima_Foto_Fix_2.stream/playlist.m3u8,cctv_f3e36a3b-444c-448e-9496-bdd6659e9ab6,Arteri,Yes,ONLINE,"42,15",VMS,HTTP 502,Unhealthy
1064,2026-06-21 08:06:50,BAGOPS,KORLANTAS - RTMC,RTMC 7 POLDA,Polda Jawa Tengah,Pos Pol Maya Tegal,vms.k3i-korlantas.id,"-6,86918","109,12832",https://vms.k3i-korlantas.id/K3i/JATENG/156_Pos_Pol_Maya_Tegal.stream/playlist.m3u8,cctv_f439f682-acf0-41b3-98f4-f1699d462669,Arteri,Yes,ONLINE,"30,18",VMS,HTTP 502,Unhealthy
1065,2026-06-21 08:06:50,BAGOPS,KORLANTAS - RTMC,RTMC 7 POLDA,Polda Banten,Merak Tol Gate Pelabuhan,vms.k3i-korlantas.id,"-5,92869794","105,9959862",https://vms.k3i-korlantas.id/K3i/METRO/034_Merak+Tol+Gate+Pelabuhan.stream/playlist.m3u8,cctv_f43e5868-1036-452e-8c0a-1a057abe3d9a,Arteri,Yes,ONLINE,"15,26",VMS,HTTP 502,Unhealthy
1066,2026-06-21 08:01:33,BAGOPS,KORLANTAS - TMC,TMC 3 POLRES TA 2022,Polda Sumatera Utara,Persimpangan Takari 1,172.16.60.3,"3,3602187","99,1668554",rtsp://onvif:lantas123!!@172.16.60.3:554/live/6D7ECCF1-4F60-444E-81E0-56918AF72E85,cctv_f46d66b8-6c7c-411d-9ca8-256bd73a0cbe,Arteri,No,OFFLINE,N/A,RTSP,BE 400 (stream tidak tersedia),Unhealthy
1067,2026-06-21 08:04:06,BAGOPS,KORLANTAS - TMC,TMC 8 POLRES,Polda Kalimantan Timur,SP Grand City,10.45.42.19,"-1,22793","116,87117",rtsp://onvif:lantas123!!@10.45.42.19:554/live/C2DA6EAE-FB9C-4D7E-9383-68DB0138D97B,cctv_f484318d-618d-4579-b420-2d1e223e7a5e,Arteri,No,OFFLINE,N/A,RTSP,BE timeout,Unhealthy
1068,2026-06-21 08:04:05,BAGOPS,KORLANTAS - RTMC,RTMC 6 POLDA,Polda Sulawesi Utara,Apotik Medika,vms.k3i-korlantas.id,"1,46332","124,82905",https://vms.k3i-korlantas.id/K3i/6POLDA/SLT-018_Apotik_Medika.stream/playlist.m3u8,cctv_f520d82d-92fa-4060-88b9-eb4ea0632737,Arteri,Yes,ONLINE,"192,36",VMS,Playlist timeout,TIMEOUT
1069,2026-06-21 08:04:05,BAGOPS,KORLANTAS - TMC,TMC 8 POLRES,Polda Lampung,Simpang Agus Salim 2,vms.k3i-korlantas.id,"-5,404506","105,249933",https://vms.k3i-korlantas.id/K3i/2020/BLPG-002_Tamin2.stream/playlist.m3u8,cctv_f52715ba-2a0c-496a-9be4-1a9aab43f497,Arteri,No,ONLINE,"172,03",VMS,Playlist timeout,TIMEOUT
1070,2026-06-21 08:04:05,BAGOPS,KORLANTAS - TMC,TMC 8 POLRES,Polda Sumatera Barat,Simpang Alai,vms.k3i-korlantas.id,"-0,925105","100,367601",https://vms.k3i-korlantas.id/K3i/2020/PDG-014_SP_Alai.stream/playlist.m3u8,cctv_f5790f52-5cc0-448a-bfd0-77f8072f12ee,Arteri,No,ONLINE,"161,84",VMS,Playlist timeout,TIMEOUT
1071,2026-06-21 08:04:06,BAGOPS,KORLANTAS - TMC,TMC 8 POLRES,Polda Jawa Timur,Kebomas 2,10.45.42.19,"-7,16819","112,59529",rtsp://onvif:lantas123!!@10.45.42.19:554/live/9F1ED9D2-C3CD-4DB3-92E1-D03E3747CB3E,cctv_f599dc3c-87ad-45c2-b3a6-8f9234a801c4,Arteri,No,OFFLINE,N/A,RTSP,Playlist timeout,TIMEOUT
1072,2026-06-21 08:04:06,BAGOPS,KORLANTAS - RTMC,RTMC 3 POLDA,Polda Kepulauan Riau,Depan Kepri Mall,vms.k3i-korlantas.id,"1,1022646","104,0390256",https://vms.k3i-korlantas.id/K3i/2022/KEPRI-005_SP_4_Kepri_Mal.stream/playlist.m3u8,cctv_f5da2b61-6808-483c-ad98-4ade40dc4893,Arteri,Yes,ONLINE,"44,23",VMS,Playlist timeout,TIMEOUT
1073,2026-06-21 08:06:16,BAGOPS,KORLANTAS - RTMC,RTMC 6 POLDA,Polda Kalimantan Timur,TL Beruang Madu FIX 1,vms.k3i-korlantas.id,"-1,26917","116,85654",https://vms.k3i-korlantas.id/K3i/6POLDA/KTM-014_TL_Beruang_Madu_FIX_1.stream/playlist.m3u8,cctv_f5e29c71-cf8c-4d93-8eb5-1846ca9bb062,Arteri,No,ONLINE,"57,22",VMS,Playlist timeout,TIMEOUT
1074,2026-06-21 08:06:16,BAGOPS,KORLANTAS - TMC,RTMC 2 POLDA,Polda Sumatera Utara,CTV354 KORLAN SUMUT BESITANG LANGKAT,vms.k3i-korlantas.id,"4,0500761","98,1486164",https://vms.k3i-korlantas.id/K3i/SMARTCITY/SMCT-060_Korlan_Jateng_Rembang.stream/playlist.m3u8,cctv_f6022b27-aeb6-4bf4-a3b4-3f0fe013dd8c,Arteri,No,ONLINE,"36,31",VMS,Playlist timeout,TIMEOUT
1075,2026-06-21 08:06:16,BAGOPS,KORLANTAS - RTMC,RTMC 7 POLDA,Polda Jawa Timur,Gereja Kathedral Surabaya,vms.k3i-korlantas.id,"-7,28068","112,74195",https://vms.k3i-korlantas.id/K3i/JATIM/164_Gereja_Katedral.stream/playlist.m3u8,cctv_f6326c64-2dc5-406c-b598-9cadc76580a5,Arteri,Yes,ONLINE,"44,2",VMS,Playlist timeout,TIMEOUT
1076,2026-06-21 08:06:16,BAGOPS,KORLANTAS - RTMC,RTMC 7 POLDA,Polda Jawa Barat,Pospol Cikopo,vms.k3i-korlantas.id,"-6,44078727","107,478897",https://vms.k3i-korlantas.id/K3i/JABAR/099_Pos_Pol_Cikopo.stream/playlist.m3u8,cctv_f658915d-88f6-4cff-99c9-3c386e045493,Arteri,No,ONLINE,"44,72",VMS,Playlist timeout,TIMEOUT
1077,2026-06-21 08:06:16,BAGOPS,KORLANTAS - RTMC,RTMC 7 POLDA,Polda Jawa Barat,Polsek Nagreg,vms.k3i-korlantas.id,"-7,02146624","107,8926599",https://vms.k3i-korlantas.id/K3i/JABAR/093_Polsek_Nagreg.stream/playlist.m3u8,cctv_f66dcbc9-0910-434e-99b3-ca9d5ac115bd,Arteri,No,ONLINE,"39,36",VMS,Playlist timeout,TIMEOUT
1078,2026-06-21 08:06:18,BAGOPS,KORLANTAS - TMC,TMC 8 POLRES,Polda Sulawesi Tenggara,SP 4 Wua Wua,10.45.42.19,"-7,6060239","109,4404789",rtsp://onvif:lantas123!!@10.45.42.19:554/live/F8932125-6374-422C-8CCE-731CC710F4DB,cctv_f6be84ed-2f4b-48a2-8768-ef5387c7d14c,Arteri,No,OFFLINE,N/A,RTSP,BE timeout,Unhealthy
1079,2026-06-21 08:06:19,BAGOPS,KORLANTAS - TMC,TMC 8 POLRES,Polda Sumatera Barat,Simpang Borobudur,vms.k3i-korlantas.id,"-0,934635","100,354409",https://vms.k3i-korlantas.id/K3i/2020/PDG-015_SP_Borobudur.stream/playlist.m3u8,cctv_f6bf4ac7-ec41-4f17-9478-fcbac3da34ed,Arteri,No,ONLINE,"36,07",VMS,Playlist timeout,TIMEOUT
1080,2026-06-21 08:06:25,BAGOPS,KORLANTAS - RTMC,RTMC 6 POLDA,Polda Sulawesi Utara,P.Tendean Dekat IT,vms.k3i-korlantas.id,"1,48635","124,8364",https://vms.k3i-korlantas.id/K3i/6POLDA/SLT-028_P.Tendean_Dekat_IT.stream/playlist.m3u8,cctv_f6d76689-b7b7-420e-97bf-dda8382a3ae9,Arteri,No,ONLINE,"67,57",VMS,Playlist timeout,TIMEOUT
1081,2026-06-21 08:06:25,BAGOPS,KORLANTAS - RTMC,RTMC 7 POLDA,Polda Jawa Timur,Simpang 3 Besuki (Alun-Alun Situbondo),vms.k3i-korlantas.id,"-7,70592","114,00602",https://vms.k3i-korlantas.id/K3i/JATIM/179_Simpang_3_Besuki.stream/playlist.m3u8,cctv_f6e60174-7469-4aad-a7c1-1bdb1df22ff7,Arteri,Yes,ONLINE,"19,31",VMS,Playlist timeout,TIMEOUT
1082,2026-06-21 08:06:19,BAGOPS,KORLANTAS - TMC,TMC 8 POLRES,Polda Jawa Tengah,Alun Alun Kebumen,10.45.42.19,"-7,669776","109,651048",rtsp://onvif:lantas123!!@10.45.42.19:554/live/7E4E2F08-EC41-46B8-A180-5081E651BD67,cctv_f6edc8e9-6563-41b5-84e4-673f474a2ec9,Arteri,Yes,OFFLINE,N/A,RTSP,Video mengalir (7 segmen),Healthy
1083,2026-06-21 08:06:19,BAGOPS,KORLANTAS - TMC,TMC 3 POLRES TA 2022,Polda Sumatera Utara,Simpang Polsek Kota Pinang Dekat Showroom Honda,172.16.60.3,"1,8903069","100,0907188",rtsp://onvif:lantas123!!@172.16.60.3:554/live/8B773B18-056B-494A-837E-BB576BDDC8A4,cctv_f72417e1-0eae-458d-9e87-a8a6953daa97,Arteri,No,OFFLINE,N/A,RTSP,BE 400 (stream tidak tersedia),Unhealthy
1084,2026-06-21 08:06:25,BAGOPS,KORLANTAS - RTMC,RTMC 7 POLDA,Polda Banten,Merak Gedung Bundar,vms.k3i-korlantas.id,"-5,93007963","105,9956013",https://vms.k3i-korlantas.id/K3i/METRO/032_Merak+Gedung+Bundar.stream/playlist.m3u8,cctv_f7266fe7-11a6-422a-8023-0a12d6151eb8,Arteri,No,ONLINE,"20,81",VMS,Playlist timeout,TIMEOUT
1085,2026-06-21 08:06:26,BAGOPS,KORLANTAS - RTMC,RTMC 3 POLDA,Polda Aceh,SP PKA,vms.k3i-korlantas.id,"5,5675473","95,3393704",https://vms.k3i-korlantas.id/K3i/2021/ACEH_016_SP_PKA.stream/playlist.m3u8,cctv_f7eab5b9-1d1d-42de-8bd1-9e9c8c04a513,Arteri,No,ONLINE,"30,41",VMS,Playlist timeout,TIMEOUT
1086,2026-06-21 08:06:27,BAGOPS,KORLANTAS - TMC,TMC 3 POLRES TA 2022,Polda Sulawesi Selatan,JL. ARIF RATE / BOTOLEMPANGAN,vms.k3i-korlantas.id,"-5,144832","119,412968",https://vms.k3i-korlantas.id/K3i/SURAKARTA/SKT-031_Simpang-Empat-Patung-Wisnu.stream/playlist.m3u8,cctv_f7f00af9-12cf-4e50-b3b3-5edd2817e073,Arteri,No,ONLINE,"29,63",VMS,Playlist timeout,TIMEOUT
1087,2026-06-21 08:06:30,BAGOPS,KORLANTAS - RTMC,RTMC 7 POLDA,Polda Sumatera Selatan,Wisma Atlit,vms.k3i-korlantas.id,"-3,01737572","104,7942392",https://vms.k3i-korlantas.id/K3i/SUMSEL/235_Wisma_Atlit.stream/playlist.m3u8,cctv_f824c7e7-d7ca-46da-9f6c-fd09d47a9fbd,Arteri,Yes,ONLINE,"33,62",VMS,Playlist timeout,TIMEOUT
1088,2026-06-21 08:06:33,BAGOPS,KORLANTAS - TMC,TMC 3 POLRES TA 2022,Polda Jawa Tengah,Simpang 4 Kawatan,vms.k3i-korlantas.id,"-7,57601","110,8158",https://vms.k3i-korlantas.id/K3i/2RTMC-2TMC/SULSEL-026_K.H_Wahid_Hasim_Jl_Poros_Malino.stream/playlist.m3u8,cctv_f88f6732-e988-4f00-aa43-45983a202612,Arteri,Yes,ONLINE,"16,39",VMS,Playlist timeout,TIMEOUT
1089,2026-06-21 08:06:33,BAGOPS,KORLANTAS - RTMC,HARWAT RTMC 4 POLDA,Polda Kalimantan Barat,Mega Mall,vms.k3i-korlantas.id,"-0,051468","109,346205",https://vms.k3i-korlantas.id/K3i/2024/KLBR-004_Mega_Mall.stream/playlist.m3u8,cctv_f8a07ad9-0608-41e9-948a-72f621a00314,Arteri,No,ONLINE,"36,04",VMS,Playlist timeout,TIMEOUT
1090,2026-06-21 08:06:34,BAGOPS,KORLANTAS - TMC,TMC 3 POLRES TA 2022,Polda Jawa Tengah,Batas Kota Jurug,vms.k3i-korlantas.id,"-7,56502","110,85784",https://vms.k3i-korlantas.id/K3i/2RTMC-2TMC/SUMUT-010_Simpang_Polsek_Kota_Pinang_Dekat_Showroom_Honda.stream/playlist.m3u8,cctv_f8aa7d24-0ac4-4cca-b4ed-3a55a8fa7c9c,Arteri,Yes,ONLINE,"17,23",VMS,Playlist timeout,TIMEOUT
1091,2026-06-21 08:06:35,BAGOPS,KORLANTAS - RTMC,RTMC 7 POLDA,Polda DIY,Patuk Gunung Kidul,vms.k3i-korlantas.id,"-7,84837","110,4816",https://vms.k3i-korlantas.id/K3i/DIY/197_Patuk_Gunung_Kidul.stream/playlist.m3u8,cctv_f8c70afa-c797-4e53-8858-cb4ad040ec92,Arteri,Yes,ONLINE,"34,4",VMS,Playlist timeout,TIMEOUT
1092,2026-06-21 08:06:35,BAGOPS,KORLANTAS - TMC,TMC 3 POLRES TA 2022,Polda Sumatera Utara,TUGU KOTA BRASTAGI,vms.k3i-korlantas.id,"3,1945483","98,5088042",https://vms.k3i-korlantas.id/K3i/SMARTCITY/SMCT-071_Bandara_Yia_Pintu_Keberangkatan.stream/playlist.m3u8,cctv_f8ed62e1-b0c4-4e1f-995e-eeb9eb744711,Arteri,No,ONLINE,"18,67",VMS,Playlist timeout,TIMEOUT
1093,2026-06-21 08:06:36,BAGOPS,KORLANTAS - TMC,RTMC 2 POLDA,Polda Sulawesi Selatan,CTV364 KORLAN SULSEL SP BANDARA SULTAN HASANUDIN,vms.k3i-korlantas.id,"-5,06808421","119,5263845",https://vms.k3i-korlantas.id/K3i/SMARTCITY/SMCT-065_Korlan_Temon_Pjr.stream/playlist.m3u8,cctv_fa813af1-8eb5-494c-b5df-7492b9b16002,Arteri,Yes,ONLINE,"25,01",VMS,Playlist timeout,TIMEOUT
1094,2026-06-21 08:06:41,BAGOPS,KORLANTAS - RTMC,RTMC 7 POLDA,Polda Jawa Barat,Tanjakan Selarong,vms.k3i-korlantas.id,"-6,65318475","106,8720803",https://vms.k3i-korlantas.id/K3i/JABAR/122_Tanjakan_Selarong.stream/playlist.m3u8,cctv_fab22a0a-745a-4b35-b337-be9ac53d5173,Arteri,No,ONLINE,"66,31",VMS,Playlist timeout,TIMEOUT
1095,2026-06-21 08:06:42,BAGOPS,KORLANTAS - RTMC,RTMC 6 POLDA,Polda Banten,Arimbi Bawah 3 FIX,vms.k3i-korlantas.id,"-6,12049333","106,1809885",https://vms.k3i-korlantas.id/K3i/6POLDA/BNT-007_Arimbi_Bawah_3_FIX.stream/playlist.m3u8,cctv_fae4a137-6ad6-4d45-b279-56d9e8a65e06,Arteri,Yes,ONLINE,"44,18",VMS,Playlist timeout,TIMEOUT
1096,2026-06-21 08:06:42,BAGOPS,KORLANTAS - RTMC,RTMC 6 POLDA,Polda Maluku Utara,SP DUFA-DUFA FIX 1,vms.k3i-korlantas.id,"0,81808","127,384948",https://vms.k3i-korlantas.id/K3i/6POLDA/MLT-002_Sp_Dufa-Dufa_Fix_1.stream/playlist.m3u8,cctv_fb1e70be-89b3-4a28-b98b-096d2fc430a8,Arteri,Yes,ONLINE,"15,73",VMS,Playlist timeout,TIMEOUT
1097,2026-06-21 08:06:53,BAGOPS,KORLANTAS - RTMC,RTMC 3 POLDA,Polda Gorontalo,Andalas BRI,vms.k3i-korlantas.id,"0,571056","123,05763",https://vms.k3i-korlantas.id/K3i/SURAKARTA/SKT-019_Simpang-Empat-Warung-Pelem.stream/playlist.m3u8,cctv_fb56ce43-08dc-47fe-816f-2d7fe476694d,Arteri,No,ONLINE,"13,47",VMS,HTTP 502,Unhealthy
1098,2026-06-21 08:06:55,BAGOPS,KORLANTAS - TMC,TMC 8 POLRES,Polda Jawa Tengah,SP Mukti Sari,10.45.42.19,"-7,699943","109,662851",rtsp://onvif:lantas123!!@10.45.42.19:554/live/065F88B1-0FAD-4A04-AF74-BE305EFAB246,cctv_fb7f91d9-0120-494c-943a-684597e2aacf,Arteri,Yes,OFFLINE,N/A,RTSP,Video mengalir (7 segmen),Healthy
1099,2026-06-21 08:06:53,BAGOPS,KORLANTAS - TMC,TMC 3 POLRES TA 2022,Polda Sulawesi Selatan,Jl Bau Massepe - Jl Mattirotasi,vms.k3i-korlantas.id,"-4,038235","119,625763",https://vms.k3i-korlantas.id/K3i/2RTMC-2TMC/SUMUT-027_Simpang_Medan_dan_Tebing_Tinggi.stream/playlist.m3u8,cctv_fcd89581-6d30-4f4f-bad3-87fea504d9d5,Arteri,Yes,ONLINE,"23,57",VMS,HTTP 502,Unhealthy
1100,2026-06-21 08:06:54,BAGOPS,KORLANTAS - RTMC,RTMC 7 POLDA,Polda Metro Jaya,Marina Ancol,vms.k3i-korlantas.id,"-6,12962","106,8293",https://vms.k3i-korlantas.id/K3i/METRO/027_Marina+Ancol.stream/playlist.m3u8,cctv_fd1ae965-ec4a-464f-bba1-e8f1141bf626,Arteri,Yes,ONLINE,"50,74",VMS,HTTP 502,Unhealthy
1101,2026-06-21 08:06:54,BAGOPS,KORLANTAS - RTMC,RTMC 7 POLDA,Polda Jawa Barat,Pospol Nagrak CIKEAS,vms.k3i-korlantas.id,"-6,38749072","106,9395943",https://vms.k3i-korlantas.id/K3i/JABAR/111_Pos_Pol_Nagrak_Cikeas.stream/playlist.m3u8,cctv_fd3dbe70-74e0-4f4d-b67d-3dc6475df39c,Arteri,No,ONLINE,"19,92",VMS,HTTP 502,Unhealthy
1102,2026-06-21 08:06:54,BAGOPS,KORLANTAS - RTMC,RTMC 7 POLDA,Polda Sumatera Selatan,Simpang Belon - Golf,vms.k3i-korlantas.id,"-2,79701348","105,2969632",https://vms.k3i-korlantas.id/K3i/SUMSEL/231_Simpang_Belon_-_Golf.stream/playlist.m3u8,cctv_fd4c3b1d-dd12-4d2f-ad8c-ff9b2567e28e,Arteri,No,ONLINE,"57,69",VMS,HTTP 502,Unhealthy
1103,2026-06-21 08:06:54,BAGOPS,KORLANTAS - RTMC,RTMC 3 POLDA,Polda Sumatera Barat,Lintas Ketaping ETLE,vms.k3i-korlantas.id,"-0,934057","100,398917",https://vms.k3i-korlantas.id/K3i/2023/SMB-009_Lintas_Ketaping_ETLE.stream/playlist.m3u8,cctv_fd69d903-1631-4099-a75f-3cd4f02b5f10,Arteri,Yes,ONLINE,"39,26",VMS,HTTP 502,Unhealthy
1104,2026-06-21 08:06:54,BAGOPS,KORLANTAS - TMC,TMC 8 POLRES,Polda Lampung,Simpang Kimaja 1,vms.k3i-korlantas.id,"-5,380349","105,272073",https://vms.k3i-korlantas.id/K3i/2020/BLPG-007_Kimaja_1.stream/playlist.m3u8,cctv_fd76411c-3354-4c5e-b4cc-d02cc715c4d7,Arteri,No,ONLINE,"19,38",VMS,HTTP 502,Unhealthy
1105,2026-06-21 08:06:54,BAGOPS,KORLANTAS - RTMC,HARWAT RTMC 4 POLDA,Polda Kalimantan Tengah,Apill Imam Bonjol,vms.k3i-korlantas.id,"-2,210813","113,918545",https://vms.k3i-korlantas.id/K3i/2024/KLTG-012_Monitoring_Imam_Bonjol.stream/playlist.m3u8,cctv_fdb6af62-e7fc-4837-baf7-fc9c8127ad0f,Arteri,No,ONLINE,"35,48",VMS,HTTP 502,Unhealthy
1106,2026-06-21 08:06:54,BAGOPS,KORLANTAS - RTMC,RTMC 6 POLDA,Polda Maluku Utara,TL KRISAN FIX 2 ETLE,vms.k3i-korlantas.id,"0,783653","127,384719",https://vms.k3i-korlantas.id/K3i/6POLDA/MLT-015_Tl_Krisan_Fix_2_Etle.stream/playlist.m3u8,cctv_fdbeb52a-16ea-43fa-ad97-2f725b0b2a52,Arteri,No,ONLINE,"33,78",VMS,HTTP 502,Unhealthy
1107,2026-06-21 08:06:54,BAGOPS,KORLANTAS - TMC,TMC 4 POLRES TA 2024,Polda Sumatera Selatan,(Sp Karantina),vms.k3i-korlantas.id,"-2,90026","104,71757",https://vms.k3i-korlantas.id/K3i/2024/PLG-010_Sp_Karantina.stream/playlist.m3u8,cctv_fdc23b7e-5bb1-4ead-b1f5-f2aeb648099c,Arteri,Yes,ONLINE,"14,6",VMS,HTTP 502,Unhealthy
1108,2026-06-21 08:06:54,BAGOPS,KORLANTAS - RTMC,RTMC 3 POLDA,Polda Aceh,SP Dodik,vms.k3i-korlantas.id,"5,5288992","95,2949532",https://vms.k3i-korlantas.id/K3i/2021/ACEH_009_SP_Dodik_.stream/playlist.m3u8,cctv_fde8344d-da38-40db-abb1-9410a089baf9,Arteri,No,ONLINE,"15,69",VMS,HTTP 502,Unhealthy
1109,2026-06-21 08:06:54,BAGOPS,KORLANTAS - TMC,TMC 3 POLRES TA 2022,Polda Jawa Tengah,Simpang 4 Sate Dahlan,vms.k3i-korlantas.id,"-7,54591","110,80547",https://vms.k3i-korlantas.id/K3i/2RTMC-2TMC/SUMUT-019_Simpang_Rambung_Merah_Simalungun.stream/playlist.m3u8,cctv_fe2870c3-a6d3-4223-9112-e164702aa89a,Arteri,Yes,ONLINE,"22,26",VMS,HTTP 502,Unhealthy
1110,2026-06-21 08:06:54,BAGOPS,KORLANTAS - TMC,TMC 3 POLRES TA 2022,Polda Jawa Tengah,Simpang 4 Ring Road Mojosongo,vms.k3i-korlantas.id,"-7,53920911","110,8468423",https://vms.k3i-korlantas.id/K3i/2RTMC-2TMC/SULSEL-016_Jl_Ratulangi_Jl_Landak.stream/playlist.m3u8,cctv_fe454708-053a-4211-8de4-cdc009e80649,Arteri,Yes,ONLINE,"36,64",VMS,HTTP 502,Unhealthy
1111,2026-06-21 08:06:54,BAGOPS,KORLANTAS - RTMC,RTMC 7 POLDA,Polda Jawa Tengah,Simpang Jatingaleh Semarang,vms.k3i-korlantas.id,"-7,03072","110,41786",https://vms.k3i-korlantas.id/K3i/JATENG/135_Jatingaleh.stream/playlist.m3u8,cctv_fe58893f-a3a7-405d-99cb-0291a038ee7e,Arteri,Yes,ONLINE,"13,68",VMS,HTTP 502,Unhealthy
1112,2026-06-21 08:06:54,BAGOPS,KORLANTAS - RTMC,RTMC 6 POLDA,Polda Bangka Belitung,SP. Ramayana 2 FIX 1,vms.k3i-korlantas.id,"-2,1286396","106,1145659",https://vms.k3i-korlantas.id/K3i/6POLDA/BBL-023_SP_Ramayana_2_FIX_1.stream/playlist.m3u8,cctv_fe8c0089-58f0-4e7f-a24c-5a1813d1dec8,Arteri,No,ONLINE,"24,75",VMS,HTTP 502,Unhealthy
1113,2026-06-21 08:06:54,BAGOPS,KORLANTAS - TMC,TMC 8 POLRES,Polda Jambi,Simpang Bandara,vms.k3i-korlantas.id,"-1,62351","103,644499",https://vms.k3i-korlantas.id/K3i/2020/JMB-001_SP_Bandara.stream/playlist.m3u8,cctv_fea47a6e-aa90-4f40-b2df-c9acd1acabe1,Arteri,No,ONLINE,"12,87",VMS,HTTP 502,Unhealthy
1114,2026-06-21 08:06:56,BAGOPS,KORLANTAS - TMC,TMC 8 POLRES,Polda Jawa Tengah,SP Wadas Lintang,10.45.42.19,"-7,721606","109,792407",rtsp://onvif:lantas123!!@10.45.42.19:554/live/FB10AEBD-2A63-40AB-BB14-FC462EBCA714,cctv_feb1ebaf-5e01-43bf-bd2b-04afdabdb6cb,Arteri,Yes,OFFLINE,N/A,RTSP,Video mengalir (7 segmen),Healthy
1115,2026-06-21 08:06:55,BAGOPS,KORLANTAS - TMC,TMC 3 POLRES TA 2022,Polda Kalimantan Timur,Monitoring IKN Terunen,vms.k3i-korlantas.id,"-0,98004","116,70749",https://vms.k3i-korlantas.id/K3i/SURAKARTA/SKT-030_Simpang-Empat-Fajar-Indah.stream/playlist.m3u8,cctv_fed3312a-2af5-4113-9b33-8625998c669a,Arteri,No,ONLINE,"34,96",VMS,HTTP 502,Unhealthy
1116,2026-06-21 08:06:58,BAGOPS,KORLANTAS - TMC,TMC 8 POLRES,Polda Sulawesi Tenggara,Made Sabara,10.45.42.19,"-3,97435984","122,5196864",rtsp://onvif:lantas123!!@10.45.42.19:554/live/513C242B-E631-48FE-8E63-9352C773E653,cctv_feefa748-49a4-48ef-aaea-f0a3e8a742a9,Arteri,Yes,OFFLINE,N/A,RTSP,BE 400 (stream tidak tersedia),Unhealthy
1117,2026-06-21 08:06:55,BAGOPS,KORLANTAS - TMC,TMC 3 POLRES TA 2022,Polda Kalimantan Timur,Monitoring Lawe Lawe,vms.k3i-korlantas.id,"-1,32061","116,70964",https://vms.k3i-korlantas.id/K3i/SURAKARTA/SKT-035_Depan-Rm-Tamansari.stream/playlist.m3u8,cctv_ff1bff4a-4af1-4322-9646-90a137063a34,Arteri,Yes,ONLINE,"47,23",VMS,HTTP 502,Unhealthy
1118,2026-06-21 08:06:55,BAGOPS,KORLANTAS - RTMC,RTMC 3 POLDA,Polda Bengkulu,Simpang Pagar Dewa,vms.k3i-korlantas.id,"-3,844791","102,318791",https://vms.k3i-korlantas.id/K3i/SURAKARTA/SKT-039_Depan-Polsek-Laweyan.stream/playlist.m3u8,cctv_ff2d6f3c-4ca3-4f90-abe7-69fd0657b082,Arteri,Yes,ONLINE,22,VMS,HTTP 502,Unhealthy
1119,2026-06-21 08:06:55,BAGOPS,KORLANTAS - RTMC,RTMC 6 POLDA,Polda Banten,Arimbi atas FIX 1,vms.k3i-korlantas.id,"-6,117889","106,182694",https://vms.k3i-korlantas.id/K3i/6POLDA/BNT-004_Arimbi_atas_FIX_1.stream/playlist.m3u8,cctv_ff364c9a-7819-43e9-97c3-761f9a49c09d,Arteri,No,ONLINE,"15,27",VMS,HTTP 502,Unhealthy
1120,2026-06-21 08:06:55,BAGOPS,KORLANTAS - RTMC,RTMC 7 POLDA,Polda Jawa Timur,Depan Pjr Ngawi,vms.k3i-korlantas.id,"-7,41058","111,44323",https://vms.k3i-korlantas.id/K3i/JATIM/173_Depan_Pjr_Ngawi.stream/playlist.m3u8,cctv_fff711b1-8072-43fe-8468-9f571fac5d3f,Arteri,Yes,ONLINE,33,VMS,HTTP 502,Unhealthy